Workbook
Name HCData: #REF!

Sheet Dashboard
A1: AUH1 | S1: AUH3 | AF1: DAD1
A2: Previous Day HC | B2: L3 Ops Supervisors | C2: FTE HC | D2: NFTE HC | E2: Today's HC | F2: HC LM Target | G2: Achievement % | H2: Remarks | S2: Previous Day HC | T2: L3 Ops Supervisors | U2: FTE HC | V2: NFTE HC | W2: Today's HC | X2: HC LM Target | Y2: Achievement % | Z2: Remarks | AF2: Previous Day HC | AG2: L3 Ops Supervisors | AH2: FTE HC | AI2: NFTE HC | AJ2: Today's HC | AK2: HC LM Target | AL2: Achievement % | AM2: Remarks
A3: 1244 | B3: =COUNTIFS(Roster!N:N,"FC Associate III",Roster!G:G,"AUH1",Roster!P:P,"Direct") -> 28 | C3: =COUNTIFS(Roster!E:E,"Regular",Roster!G:G,"AUH1",Roster!P:P,"Direct") -> 58 | D3: =COUNTIFS(Roster!E:E,"Temporary",Roster!G:G,"AUH1",Roster!P:P,"Direct") -> 1183 | E3: =C3+D3 -> 1241 | F3: =E3 -> 1241 | G3: =E3/F3 -> 1 | S3: 82 | T3: =COUNTIFS(Roster!N:N,"Hub Supervisor",Roster!P:P,"Direct",Roster!O:O,"Warehouse Deals") -> 4 | U3: =COUNTIFS(Roster!E:E,"Regular",Roster!P:P,"Direct",Roster!O:O,"Warehouse Deals") -> 14 | V3: =COUNTIFS(Roster!E:E,"Temporary",Roster!P:P,"Direct",Roster!O:O,"Warehouse Deals") -> 79 | W3: =U3+V3 -> 93 | X3: =W3 -> 93 | Y3: =W3/X3 -> 1 | AF3: 12 | AG3: =COUNTIFS(Roster!N:N,"FC Associate III",Roster!G:G,"DAD1",Roster!P:P,"Support") -> 0 | AH3: =COUNTIFS(Roster!E:E,"Regular",Roster!G:G,"DAD1",Roster!P:P,"Support") -> 0 | AI3: =COUNTIFS(Roster!E:E,"Temporary",Roster!G:G,"DAD1",Roster!P:P,"Support") -> 12 | AJ3: =AH3+AI3 -> 12 | AK3: =AJ3 -> 12 | AL3: =AJ3/AK3 -> 1
A4: =Roster!B1 -> 46257 | S4: =Roster!B1 -> 46257 | AF4: =Roster!B1 -> 46257
A5: Shift | B5: Total HC | C5: Unscheduled | D5: Schedule to Work | E5: PL | F5: OT | G5: UPL | H5: Present | I5: Present % (without OT) | J5: LM Target | K5: Target Achievement | S5: Shift | T5: Total HC | U5: Unscheduled | V5: Schedule to Work | W5: PL | X5: OT | Y5: UPL | Z5: Present | AA5: Present % | AB5: LM Target | AC5: Target Achievement | AF5: Shift | AG5: Total HC | AH5: Unscheduled | AI5: Schedule to Work | AJ5: PL | AK5: UPL | AL5: OT | AM5: Present | AN5: Present % | AO5: LM Target | AP5: Target Achievement
A6: Day Shift | B6: =COUNTIFS(Roster!G:G,"AUH1",Roster!P:P,"Direct",Roster!J:J,"Day Shift") -> 672 | C6: =SUMIFS($D$12:$D$27,$B$12:$B$27,"Day Shift") -> 276 | D6: =SUMIFS($K$12:$K$27,$B$12:$B$27,"Day Shift") -> 389 | E6: =SUMIFS($E$12:$E$27,$B$12:$B$27,"Day Shift") -> 26 | F6: =COUNTIFS(Table1[[#All],[Building]],"AUH1",Table1[[#All],[Shift]],"Day Shift",Table1[[#All],[OFF1]],"OT",Table1[[#All],[Type]],"Direct")+COUNTIFS(Table1[[#All],[Building]],"AUH1",Table1[[#All],[Shift]],"Day Shift",Table1[[#All],[OFF2]],"OT",Table1[[#All],[Type]],"Direct") -> 7 | G6: =SUMIFS($H$12:$H$26,$B$12:$B$26,"Day Shift")+SUMIFS($I$12:$I$26,$B$12:$B$26,"Day Shift") -> 13 | H6: =D6-E6-G6 -> 350 | I6: =H6/D6 -> 0.89974293 | J6: 0.87360215 | K6: =I6/J6 -> 1.029923 | S6: Day Shift | T6: =COUNTIFS(Roster!G:G,"AUH3",Roster!P:P,"Direct",Roster!J:J,"Day Shift")+COUNTIFS(Roster!G:G,"DDB1",Roster!P:P,"Direct",Roster!J:J,"Day Shift") -> 39 | U6: =SUMIFS($V$12:$V$14,$T$12:$T$14,"Day Shift") -> 12 | V6: =SUMIFS($AC$12:$AC$14,$T$12:$T$14,"Day Shift") -> 27 | W6: =SUMIFS($W$12:$W$14,$T$12:$T$14,"Day Shift") -> 2 | X6: =COUNTIFS(Table1[[#All],[Building]],"AUH3",Table1[[#All],[Shift]],"Day Shift",Table1[[#All],[OFF1]],"OT",Table1[[#All],[Type]],"Direct")+COUNTIFS(Table1[[#All],[Building]],"AUH3",Table1[[#All],[Shift]],"Day Shift",Table1[[#All],[OFF2]],"OT",Table1[[#All],[Type]],"Direct") -> 0 | Y6: =SUMIFS($Z$12:$Z$14,$T$12:$T$14,"Day Shift")+SUMIFS($AA$12:$AA$14,$T$12:$T$14,"Day Shift") -> 0 | Z6: =V6-W6-Y6 -> 25 | AA6: =Z6/V6 -> 0.92592593 | AB6: 0.97 | AC6: =AA6/AB6 -> 0.95456281 | AF6: Day Shift | AG6: =COUNTIFS(Roster!G:G,"DAD1",Roster!P:P,"Support",Roster!J:J,"Day Shift") -> 0 | AH6: =SUMIFS($AI$12:$AI$15,$AG$12:$AG$15,"Day Shift") -> 0 | AI6: =SUMIFS($AP$12:$AP$15,$AG$12:$AG$15,"Day Shift") -> 0 | AJ6: =SUMIFS($AJ$12:$AJ$15,$AG$12:$AG$15,"Day Shift") -> 0 | AK6: =SUMIFS($AM$12:$AM$15,$AG$12:$AG$15,"Day Shift")+SUMIFS($AN$12:$AN$15,$AG$12:$AG$15,"Day Shift") -> 0 | AL6: =COUNTIFS(Table1[[#All],[Building]],"DAD1",Table1[[#All],[Shift]],"Day Shift",Table1[[#All],[OFF1]],"OT",Table1[[#All],[Type]],"Direct")+COUNTIFS(Table1[[#All],[Building]],"DAD1",Table1[[#All],[Shift]],"Day Shift",Table1[[#All],[OFF2]],"OT",Table1[[#All],[Type]],"Support") -> 0 | AM6: =AI6-AJ6-AK6 -> 0 | AN6: =AM6/AI6 -> #DIV/0! | AO6: 0.9512 | AP6: =AN6/AO6 -> #DIV/0!
A7: Mid Shift | B7: =COUNTIFS(Roster!G:G,"AUH1",Roster!P:P,"Direct",Roster!J:J,"Mid Shift") -> 0 | C7: =SUMIFS($D$12:$D$27,$B$12:$B$27,"Mid Shift") -> 0 | D7: =SUMIFS($K$12:$K$27,$B$12:$B$27,"Mid Shift") -> 0 | E7: =SUMIFS($E$12:$E$27,$B$12:$B$27,"Mid Shift") -> 0 | F7: =COUNTIFS(Table1[[#All],[Building]],"AUH1",Table1[[#All],[Shift]],"Mid Shift",Table1[[#All],[OFF1]],"OT",Table1[[#All],[Type]],"Direct")+COUNTIFS(Table1[[#All],[Building]],"AUH1",Table1[[#All],[Shift]],"Mid Shift",Table1[[#All],[OFF2]],"OT",Table1[[#All],[Type]],"Direct") -> 0 | G7: =SUMIFS($H$12:$H$27,$B$12:$B$27,"Mid Shift")+SUMIFS($I$12:$I$27,$B$12:$B$27,"Mid Shift") -> 0 | H7: =D7-E7-G7 -> 0 | I7: =(H7-F7)/(D7-F7) -> #DIV/0! | J7: 0 | K7: =I7/J7 -> #DIV/0! | S7: Mid Shift | T7: =COUNTIFS(Roster!G:G,"AUH3",Roster!P:P,"Direct",Roster!J:J,"Mid Shift")+COUNTIFS(Roster!G:G,"DDB1",Roster!P:P,"Direct",Roster!J:J,"Mid Shift") -> 0 | U7: =SUMIFS($V$12:$V$14,$T$12:$T$14,"Mid Shift") -> 0 | V7: =SUMIFS($AC$12:$AC$14,$T$12:$T$14,"Mid Shift") -> 0 | W7: =SUMIFS($W$12:$W$14,$T$12:$T$14,"Mid Shift") -> 0 | X7: =COUNTIFS(Table1[[#All],[Building]],"AUH3",Table1[[#All],[Shift]],"Mid Shift",Table1[[#All],[OFF1]],"OT",Table1[[#All],[Type]],"Direct")+COUNTIFS(Table1[[#All],[Building]],"AUH3",Table1[[#All],[Shift]],"Mid Shift",Table1[[#All],[OFF2]],"OT",Table1[[#All],[Type]],"Direct") -> 0 | Y7: =SUMIFS($Z$12:$Z$14,$T$12:$T$14,"Mid Shift")+SUMIFS($AA$12:$AA$14,$T$12:$T$14,"Mid Shift") -> 0 | Z7: =V7-W7-Y7 -> 0 | AA7: =Z7/V7 -> #DIV/0! | AB7: 0 | AC7: =AA7/AB7 -> #DIV/0! | AF7: Mid Shift | AG7: =COUNTIFS(Roster!G:G,"DAD1",Roster!P:P,"Support",Roster!J:J,"Mid Shift") -> 0 | AH7: =SUMIFS($AI$12:$AI$15,$AG$12:$AG$15,"Mid Shift") -> 0 | AI7: =SUMIFS($AP$12:$AP$15,$AF$12:$AF$15,"Mid Shift") -> 0 | AJ7: =SUMIFS($AJ$12:$AJ$15,$AG$12:$AG$15,"Mid Shift") -> 0 | AK7: =SUMIFS($AM$12:$AM$15,$AG$12:$AG$15,"Mid Shift")+SUMIFS($AN$12:$AN$15,$AG$12:$AG$15,"Mid Shift") -> 0 | AL7: =COUNTIFS(Table1[[#All],[Building]],"DAD1",Table1[[#All],[Shift]],"Mid Shift",Table1[[#All],[OFF1]],"OT",Table1[[#All],[Type]],"Direct")+COUNTIFS(Table1[[#All],[Building]],"DAD1",Table1[[#All],[Shift]],"Mid Shift",Table1[[#All],[OFF2]],"OT",Table1[[#All],[Type]],"Direct") -> 0 | AM7: =AI7-AJ7-AK7 -> 0 | AN7: =AM7/AI7 -> #DIV/0! | AO7: 0.9565 | AP7: =AN7/AO7 -> #DIV/0!
A8: Night Shift | B8: =COUNTIFS(Roster!G:G,"AUH1",Roster!P:P,"Direct",Roster!J:J,"Night Shift") -> 569 | C8: =SUMIFS($D$12:$D$27,$B$12:$B$27,"Night Shift") -> 163 | D8: =SUMIFS($K$12:$K$27,$B$12:$B$27,"Night Shift") -> 392 | E8: =SUMIFS($E$12:$E$27,$B$12:$B$27,"Night Shift") -> 17 | F8: =COUNTIFS(Table1[[#All],[Building]],"AUH1",Table1[[#All],[Shift]],"Night Shift",Table1[[#All],[OFF1]],"OT",Table1[[#All],[Type]],"Direct")+COUNTIFS(Table1[[#All],[Building]],"AUH1",Table1[[#All],[Shift]],"Night Shift",Table1[[#All],[OFF2]],"OT",Table1[[#All],[Type]],"Direct") -> 14 | G8: =SUMIFS($H$12:$H$27,$B$12:$B$27,"Night Shift")+SUMIFS($I$12:$I$27,$B$12:$B$27,"Night Shift") -> 4 | H8: =D8-E8-G8 -> 371 | I8: =H8/D8 -> 0.94642857 | J8: 0.91797649 | K8: =I8/J8 -> 1.0309943 | S8: Night Shift | T8: =COUNTIFS(Roster!G:G,"AUH3",Roster!P:P,"Direct",Roster!J:J,"Night Shift")+COUNTIFS(Roster!G:G,"DDB1",Roster!P:P,"Direct",Roster!J:J,"Night Shift") -> 54 | U8: =SUMIFS($V$12:$V$14,$T$12:$T$14,"Night Shift") -> 21 | V8: =SUMIFS($AC$12:$AC$14,$T$12:$T$14,"Night Shift") -> 33 | W8: =SUMIFS($W$12:$W$14,$T$12:$T$14,"Night Shift") -> 0 | X8: =COUNTIFS(Table1[[#All],[Building]],"AUH3",Table1[[#All],[Shift]],"Night Shift",Table1[[#All],[OFF1]],"OT",Table1[[#All],[Type]],"Direct")+COUNTIFS(Table1[[#All],[Building]],"AUH3",Table1[[#All],[Shift]],"Night Shift",Table1[[#All],[OFF2]],"OT",Table1[[#All],[Type]],"Direct") -> 0 | Y8: =SUMIFS($Z$12:$Z$14,$T$12:$T$14,"Night Shift")+SUMIFS($AA$12:$AA$14,$T$12:$T$14,"Night Shift") -> 0 | Z8: =V8-W8-Y8 -> 33 | AA8: =Z8/V8 -> 1 | AB8: 0.91285714 | AC8: =AA8/AB8 -> 1.0954617 | AF8: Night Shift | AG8: =COUNTIFS(Roster!G:G,"DAD1",Roster!P:P,"Support",Roster!J:J,"Night Shift") -> 12 | AH8: =SUMIFS($AI$12:$AI$15,$AG$12:$AG$15,"Night Shift") -> 2 | AI8: =SUMIFS($AP$12:$AP$15,$AG$12:$AG$15,"Night Shift") -> 10 | AJ8: =SUMIFS($AJ$12:$AJ$15,$AG$12:$AG$15,"Night Shift") -> 1 | AK8: =SUMIFS($AM$12:$AM$15,$AG$12:$AG$15,"Night Shift")+SUMIFS($AN$12:$AN$15,$AG$12:$AG$15,"Night Shift") -> 0 | AL8: =COUNTIFS(Table1[[#All],[Building]],"DAD1",Table1[[#All],[Shift]],"Night Shift",Table1[[#All],[OFF1]],"OT",Table1[[#All],[Type]],"Support")+COUNTIFS(Table1[[#All],[Building]],"DAD1",Table1[[#All],[Shift]],"Night Shift",Table1[[#All],[OFF1]],"OT",Table1[[#All],[Type]],"Support") -> 0 | AM8: =AI8-AJ8-AK8 -> 9 | AN8: =AM8/AI8 -> 0.9 | AO8: 0.9568 | AP8: =AN8/AO8 -> 0.94063545
A9: Grand Total | B9: =SUM(B6:B8) -> 1241 | C9: =SUM(C6:C8) -> 439 | D9: =SUM(D6:D8) -> 781 | E9: =SUM(E6:E8) -> 43 | F9: =SUM(F6:F8) -> 21 | G9: =SUM(G6:G8) -> 17 | H9: =SUM(H6:H8) -> 721 | I9: =H9/D9 -> 0.92317542 | J9: 0.91101434 | K9: =I9/J9 -> 1.0133489 | S9: Grand Total | T9: =SUM(T6:T8) -> 93 | U9: =SUM(U6:U8) -> 33 | V9: =SUM(V6:V8) -> 60 | W9: =SUM(W6:W8) -> 2 | X9: =SUM(X6:X8) -> 0 | Y9: =SUM(Y6:Y8) -> 0 | Z9: =SUM(Z6:Z8) -> 58 | AA9: =Z9/V9 -> 0.96666667 | AB9: 0.93774194 | AC9: =AA9/AB9 -> 1.0308451 | AF9: Grand Total | AG9: =SUM(AG6:AG8) -> 12 | AH9: =SUM(AH6:AH8) -> 2 | AI9: =SUM(AI6:AI8) -> 10 | AJ9: =SUM(AJ6:AJ8) -> 1 | AK9: =SUM(AK6:AK8) -> 0 | AL9: =SUM(AL6:AL8) -> 0 | AM9: =SUM(AM6:AM8) -> 9 | AN9: =AM9/AI9 -> 0.9 | AO9: =AVERAGE(AO6,AO7,AO8) -> 0.95483333 | AP9: =AN9/AO9 -> 0.94257287
A11: Department | B11: Shift | C11: 0 | D11: OFF | E11: PL | F11: OT | G11: Present(Including OT) | H11: SL | I11: AB/ABWI | J11: Grand Total | K11: Scheduled | L11: Target | M11: Actual (without OT) | N11: Actual (with OT) | O11: HC As per Target % | P11: Actual HC Achived Without OT | Q11: Delta | S11: Department | T11: Shift | U11: 0 | V11: OFF | W11: PL | X11: OT | Y11: Present | Z11: SL | AA11: AB/ABWI | AB11: Grand Total | AC11: Scheduled | AD11: % | AF11: Department | AG11: Shift | AH11: 0 | AI11: OFF | AJ11: PL | AK11: Present | AL11: OT | AM11: SL | AN11: AB/ABWI | AO11: Grand Total | AP11: Scheduled | AQ11: %
A12: ICQA | B12: Day Shift | C12: =COUNTIFS(Roster!T:T,"0",Roster!O:O,"ICQA",Roster!J:J,"Day Shift",Roster!P:P,"Direct",Roster!G:G,"AUH1") -> 0 | D12: =COUNTIFS(Roster!T:T,"OFF",Roster!O:O,"ICQA",Roster!J:J,"Day Shift",Roster!P:P,"Direct",Roster!G:G,"AUH1") -> 10 | E12: =COUNTIFS(Roster!T:T,"PL",Roster!O:O,"ICQA",Roster!J:J,"Day Shift",Roster!P:P,"Direct",Roster!G:G,"AUH1") -> 0 | F12: =COUNTIFS(Table1[[#All],[Building]],"AUH1",Table1[[#All],[Shift]],"Day Shift",Table1[[#All],[OFF1]],"OT",Table1[[#All],[Department]],Dashboard!A12)+COUNTIFS(Table1[[#All],[Building]],"AUH1",Table1[[#All],[Shift]],"Day Shift",Table1[[#All],[OFF2]],"OT",Table1[[#All],[Department]],Dashboard!A12) -> 0 | G12: =COUNTIFS(Roster!T:T,"P",Roster!O:O,"ICQA",Roster!J:J,"Day Shift",Roster!P:P,"Direct",Roster!G:G,"AUH1") -> 33 | H12: =COUNTIFS(Roster!T:T,"SL",Roster!O:O,"ICQA",Roster!J:J,"Day Shift",Roster!P:P,"Direct",Roster!G:G,"AUH1") -> 0 | I12: =COUNTIFS(Roster!T:T,"AB",Roster!O:O,"ICQA",Roster!J:J,"Day Shift",Roster!P:P,"Direct",Roster!G:G,"AUH1")+COUNTIFS(Roster!T:T,"ABWI",Roster!O:O,"ICQA",Roster!J:J,"Day Shift",Roster!P:P,"Direct",Roster!G:G,"AUH1") -> 0 | J12: =SUM(G12:I12,)+SUM(C12:E12) -> 43 | K12: =(J12-D12)-C12-F12 -> 33 | L12: 0.87409091 | M12: =(G12-F12)/(K12) -> 1 | N12: =G12/K12 -> 1 | S12: Warehouse Deals | T12: Day Shift | U12: =COUNTIFS(Roster!T:T,"0",Roster!O:O,"Warehouse Deals",Roster!J:J,"Day Shift",Roster!P:P,"Direct",Roster!G:G,"AUH3")+COUNTIFS(Roster!T:T,"0",Roster!O:O,"Warehouse Deals",Roster!J:J,"Day Shift",Roster!P:P,"Direct",Roster!G:G,"DDB1") -> 0 | V12: =COUNTIFS(Roster!T:T,"OFF",Roster!O:O,"Warehouse Deals",Roster!J:J,"Day Shift",Roster!P:P,"Direct",Roster!G:G,"AUH3")+COUNTIFS(Roster!T:T,"OFF",Roster!O:O,"Warehouse Deals",Roster!J:J,"Day Shift",Roster!P:P,"Direct",Roster!G:G,"DDB1") -> 12 | W12: =COUNTIFS(Roster!T:T,"PL",Roster!O:O,"Warehouse Deals",Roster!J:J,"Day Shift",Roster!P:P,"Direct",Roster!G:G,"AUH3")+COUNTIFS(Roster!T:T,"PL",Roster!O:O,"Warehouse Deals",Roster!J:J,"Day Shift",Roster!P:P,"Direct",Roster!G:G,"DDB1") -> 2 | X12: =COUNTIFS(Table1[[#All],[Building]],"AUH3",Table1[[#All],[Shift]],"Day Shift",Table1[[#All],[OFF1]],"OT",Table1[[#All],[Department]],Dashboard!S12)+COUNTIFS(Table1[[#All],[Building]],"AUH3",Table1[[#All],[Shift]],"Day Shift",Table1[[#All],[OFF2]],"OT",Table1[[#All],[Department]],Dashboard!S12) -> 0 | Y12: =COUNTIFS(Roster!T:T,"P",Roster!O:O,"Warehouse Deals",Roster!J:J,"Day Shift",Roster!P:P,"Direct",Roster!G:G,"AUH3")+COUNTIFS(Roster!T:T,"P",Roster!O:O,"Warehouse Deals",Roster!J:J,"Day Shift",Roster!P:P,"Direct",Roster!G:G,"DDB1") -> 25 | Z12: =COUNTIFS(Roster!T:T,"SL",Roster!O:O,"Warehouse Deals",Roster!J:J,"Day Shift",Roster!P:P,"Direct",Roster!G:G,"AUH3")+COUNTIFS(Roster!T:T,"SL",Roster!O:O,"Warehouse Deals",Roster!J:J,"Day Shift",Roster!P:P,"Direct",Roster!G:G,"DDB1") -> 0 | AA12: =COUNTIFS(Roster!T:T,"AB",Roster!O:O,"Warehouse Deals",Roster!J:J,"Day Shift",Roster!P:P,"Direct",Roster!G:G,"AUH3")+COUNTIFS(Roster!T:T,"AB",Roster!O:O,"Warehouse Deals",Roster!J:J,"Day Shift",Roster!P:P,"Direct",Roster!G:G,"DDB1")+COUNTIFS(Roster!T:T,"ABWI",Roster!O:O,"Warehouse Deals",Roster!J:J,"Day Shift",Roster!P:P,"Direct",Roster!G:G,"AUH3")+COUNTIFS(Roster!T:T,"ABWI",Roster!O:O,"Warehouse Deals",Roster!J:J,"Day Shift",Roster!P:P,"Direct",Roster!G:G,"DDB1") -> 0 | AB12: =SUM(Y12:AA12,)+SUM(U12:W12) -> 39 | AC12: =(AB12-V12)-U12-X12 -> 27 | AD12: =Y12/AC12 -> 0.92592593 | AF12: Warehouse Deals | AG12: Day Shift | AH12: =COUNTIFS(Roster!T:T,"0",Roster!O:O,"Warehouse Deals",Roster!J:J,"Day Shift",Roster!P:P,"Support",Roster!G:G,"DAD1") -> 0 | AI12: =COUNTIFS(Roster!T:T,"OFF",Roster!O:O,"Warehouse Deals",Roster!J:J,"Day Shift",Roster!P:P,"Support",Roster!G:G,"DAD1") -> 0 | AJ12: =COUNTIFS(Roster!T:T,"PL",Roster!O:O,"Warehouse Deals",Roster!J:J,"Day Shift",Roster!P:P,"Support",Roster!G:G,"DAD1") -> 0 | AK12: =COUNTIFS(Roster!T:T,"P",Roster!O:O,"Warehouse Deals",Roster!J:J,"Day Shift",Roster!P:P,"Support",Roster!G:G,"DAD1") -> 0 | AL12: =COUNTIFS(Table1[[#All],[Building]],"DAD1",Table1[[#All],[Shift]],"Day Shift",Table1[[#All],[OFF1]],"OT",Table1[[#All],[Type]],"Support")+COUNTIFS(Table1[[#All],[Building]],"DAD1",Table1[[#All],[Shift]],"Day Shift",Table1[[#All],[OFF2]],"OT",Table1[[#All],[Type]],"Support") -> 0 | AM12: =COUNTIFS(Roster!T:T,"SL",Roster!O:O,"Warehouse Deals",Roster!J:J,"Day Shift",Roster!P:P,"Support",Roster!G:G,"DAD1") -> 0 | AN12: =COUNTIFS(Roster!T:T,"AB",Roster!O:O,"Warehouse Deals",Roster!J:J,"Day Shift",Roster!P:P,"Support",Roster!G:G,"DAD1")+COUNTIFS(Roster!T:T,"ABWI",Roster!O:O,"Warehouse Deals",Roster!J:J,"Day Shift",Roster!P:P,"Support",Roster!G:G,"DAD1") -> 0 | AO12: =SUM(AM12:AN12,)+SUM(AH12:AK12) -> 0 | AP12: =(AO12-AI12)-AH12 -> 0 | AQ12: =AK12/AP12 -> #DIV/0!
B13: Mid Shift | C13: 0 | D13: =COUNTIFS(Roster!T:T,"OFF",Roster!O:O,"ICQA",Roster!J:J,"Mid Shift",Roster!P:P,"Direct",Roster!G:G,"AUH1") -> 0 | E13: =COUNTIFS(Roster!T:T,"PL",Roster!O:O,"ICQA",Roster!J:J,"Mid Shift",Roster!P:P,"Direct",Roster!G:G,"AUH1") -> 0 | F13: =COUNTIFS(Table1[[#All],[Building]],"AUH1",Table1[[#All],[Shift]],"Mid Shift",Table1[[#All],[OFF1]],"OT",Table1[[#All],[Department]],Dashboard!A12)+COUNTIFS(Table1[[#All],[Building]],"AUH1",Table1[[#All],[Shift]],"Mid Shift",Table1[[#All],[OFF2]],"OT",Table1[[#All],[Department]],Dashboard!A12) -> 0 | G13: =COUNTIFS(Roster!T:T,"P",Roster!O:O,"ICQA",Roster!J:J,"Mid Shift",Roster!P:P,"Direct",Roster!G:G,"AUH1") -> 0 | H13: =COUNTIFS(Roster!T:T,"SL",Roster!O:O,"ICQA",Roster!J:J,"Mid Shift",Roster!P:P,"Direct",Roster!G:G,"AUH1") -> 0 | I13: =COUNTIFS(Roster!T:T,"AB",Roster!O:O,"ICQA",Roster!J:J,"Mid Shift",Roster!P:P,"Direct",Roster!G:G,"AUH1")+COUNTIFS(Roster!T:T,"ABWI",Roster!O:O,"ICQA",Roster!J:J,"Mid Shift",Roster!P:P,"Direct",Roster!G:G,"AUH1") -> 0 | J13: =SUM(G13:I13,)+SUM(C13:E13) -> 0 | K13: =(J13-D13)-C13-F13 -> 0 | M13: =(G13-F13)/(K13) -> #DIV/0! | N13: =(H13-G13)/(L13) -> #DIV/0! | T13: Mid Shift | U13: =COUNTIFS(Roster!T:T,"0",Roster!O:O,"Warehouse Deals",Roster!J:J,"Mid Shift",Roster!P:P,"Direct",Roster!G:G,"AUH3")+COUNTIFS(Roster!T:T,"0",Roster!O:O,"Warehouse Deals",Roster!J:J,"Mid Shift",Roster!P:P,"Direct",Roster!G:G,"DDB1") -> 0 | V13: =COUNTIFS(Roster!T:T,"OFF",Roster!O:O,"Warehouse Deals",Roster!J:J,"Mid Shift",Roster!P:P,"Direct",Roster!G:G,"AUH3")+COUNTIFS(Roster!T:T,"OFF",Roster!O:O,"Warehouse Deals",Roster!J:J,"Mid Shift",Roster!P:P,"Direct",Roster!G:G,"DDB1") -> 0 | W13: =COUNTIFS(Roster!T:T,"PL",Roster!O:O,"Warehouse Deals",Roster!J:J,"Mid Shift",Roster!P:P,"Direct",Roster!G:G,"AUH3")+COUNTIFS(Roster!T:T,"PL",Roster!O:O,"Warehouse Deals",Roster!J:J,"Mid Shift",Roster!P:P,"Direct",Roster!G:G,"DDB1") -> 0 | X13: =COUNTIFS(Table1[[#All],[Building]],"AUH3",Table1[[#All],[Shift]],"Mid Shift",Table1[[#All],[OFF1]],"OT",Table1[[#All],[Department]],Dashboard!S12)+COUNTIFS(Table1[[#All],[Building]],"AUH3",Table1[[#All],[Shift]],"Mid Shift",Table1[[#All],[OFF2]],"OT",Table1[[#All],[Department]],Dashboard!S12) -> 0 | Y13: =COUNTIFS(Roster!T:T,"P",Roster!O:O,"Warehouse Deals",Roster!J:J,"Mid Shift",Roster!P:P,"Direct",Roster!G:G,"AUH3")+COUNTIFS(Roster!T:T,"P",Roster!O:O,"Warehouse Deals",Roster!J:J,"Mid Shift",Roster!P:P,"Direct",Roster!G:G,"DDB1") -> 0 | Z13: =COUNTIFS(Roster!T:T,"SL",Roster!O:O,"Warehouse Deals",Roster!J:J,"Mid Shift",Roster!P:P,"Direct",Roster!G:G,"AUH3")+COUNTIFS(Roster!T:T,"SL",Roster!O:O,"Warehouse Deals",Roster!J:J,"Mid Shift",Roster!P:P,"Direct",Roster!G:G,"DDB1") -> 0 | AA13: =COUNTIFS(Roster!T:T,"AB",Roster!O:O,"Warehouse Deals",Roster!J:J,"Mid Shift",Roster!P:P,"Direct",Roster!G:G,"AUH3")+COUNTIFS(Roster!T:T,"AB",Roster!O:O,"Warehouse Deals",Roster!J:J,"Mid Shift",Roster!P:P,"Direct",Roster!G:G,"DDB1")+COUNTIFS(Roster!T:T,"ABWI",Roster!O:O,"Warehouse Deals",Roster!J:J,"Mid Shift",Roster!P:P,"Direct",Roster!G:G,"AUH3")+COUNTIFS(Roster!T:T,"ABWI",Roster!O:O,"Warehouse Deals",Roster!J:J,"Mid Shift",Roster!P:P,"Direct",Roster!G:G,"DDB1") -> 0 | AB13: =SUM(Y13:AA13,)+SUM(U13:W13) -> 0 | AC13: =(AB13-V13)-U13-X13 -> 0 | AD13: =Y13/AC13 -> #DIV/0! | AG13: Mid Shift | AH13: =COUNTIFS(Roster!T:T,"0",Roster!O:O,"Warehouse Deals",Roster!J:J,"Mid Shift",Roster!P:P,"Support",Roster!G:G,"DAD1") -> 0 | AI13: =COUNTIFS(Roster!T:T,"OFF",Roster!O:O,"Warehouse Deals",Roster!J:J,"Mid Shift",Roster!P:P,"Support",Roster!G:G,"DAD1") -> 0 | AJ13: =COUNTIFS(Roster!T:T,"PL",Roster!O:O,"Warehouse Deals",Roster!J:J,"Mid Shift",Roster!P:P,"Support",Roster!G:G,"DAD1") -> 0 | AK13: =COUNTIFS(Roster!T:T,"P",Roster!O:O,"Warehouse Deals",Roster!J:J,"Mid Shift",Roster!P:P,"Support",Roster!G:G,"DAD1") -> 0 | AL13: =COUNTIFS(Table1[[#All],[Building]],"DAD1",Table1[[#All],[Shift]],"Mid Shift",Table1[[#All],[OFF1]],"OT",Table1[[#All],[Type]],"Direct")+COUNTIFS(Table1[[#All],[Building]],"DAD1",Table1[[#All],[Shift]],"Mid Shift",Table1[[#All],[OFF2]],"OT",Table1[[#All],[Type]],"Direct") -> 0 | AM13: =COUNTIFS(Roster!T:T,"SL",Roster!O:O,"Warehouse Deals",Roster!J:J,"Mid Shift",Roster!P:P,"Support",Roster!G:G,"DAD1") -> 0 | AN13: =COUNTIFS(Roster!T:T,"AB",Roster!O:O,"Warehouse Deals",Roster!J:J,"Mid Shift",Roster!P:P,"Support",Roster!G:G,"DAD1")+COUNTIFS(Roster!T:T,"ABWI",Roster!O:O,"Warehouse Deals",Roster!J:J,"Mid Shift",Roster!P:P,"Support",Roster!G:G,"DAD1") -> 0 | AO13: =SUM(AM13:AN13,)+SUM(AH13:AK13) -> 0 | AP13: =(AO13-AI13)-AH13 -> 0 | AQ13: =AK13/AP13 -> #DIV/0!
B14: Night Shift | C14: =COUNTIFS(Roster!T:T,"0",Roster!O:O,"ICQA",Roster!J:J,"Night Shift",Roster!P:P,"Direct",Roster!G:G,"AUH1") -> 0 | D14: =COUNTIFS(Roster!T:T,"OFF",Roster!O:O,"ICQA",Roster!J:J,"Night Shift",Roster!P:P,"Direct",Roster!G:G,"AUH1") -> 3 | E14: =COUNTIFS(Roster!T:T,"PL",Roster!O:O,"ICQA",Roster!J:J,"Night Shift",Roster!P:P,"Direct",Roster!G:G,"AUH1") -> 0 | F14: =COUNTIFS(Table1[[#All],[Building]],"AUH1",Table1[[#All],[Shift]],"Night Shift",Table1[[#All],[OFF1]],"OT",Table1[[#All],[Department]],Dashboard!A12)+COUNTIFS(Table1[[#All],[Building]],"AUH1",Table1[[#All],[Shift]],"Night Shift",Table1[[#All],[OFF2]],"OT",Table1[[#All],[Department]],Dashboard!A12) -> 0 | G14: =COUNTIFS(Roster!T:T,"P",Roster!O:O,"ICQA",Roster!J:J,"Night Shift",Roster!P:P,"Direct",Roster!G:G,"AUH1") -> 4 | H14: =COUNTIFS(Roster!T:T,"SL",Roster!O:O,"ICQA",Roster!J:J,"Night Shift",Roster!P:P,"Direct",Roster!G:G,"AUH1") -> 0 | I14: =COUNTIFS(Roster!T:T,"AB",Roster!O:O,"ICQA",Roster!J:J,"Night Shift",Roster!P:P,"Direct",Roster!G:G,"AUH1")+COUNTIFS(Roster!T:T,"ABWI",Roster!O:O,"ICQA",Roster!J:J,"Night Shift",Roster!P:P,"Direct",Roster!G:G,"AUH1") -> 0 | J14: =SUM(G14:I14,)+SUM(C14:E14) -> 7 | K14: =(J14-D14)-C14-F14 -> 4 | L14: 0.965 | M14: =(G14-F14)/(K14) -> 1 | N14: =G14/K14 -> 1 | T14: Night Shift | U14: =COUNTIFS(Roster!T:T,"0",Roster!O:O,"Warehouse Deals",Roster!J:J,"Mid Shift",Roster!P:P,"Direct",Roster!G:G,"AUH3")+COUNTIFS(Roster!T:T,"0",Roster!O:O,"Warehouse Deals",Roster!J:J,"Mid Shift",Roster!P:P,"Direct",Roster!G:G,"DDB1") -> 0 | V14: =COUNTIFS(Roster!T:T,"OFF",Roster!O:O,"Warehouse Deals",Roster!J:J,"Night Shift",Roster!P:P,"Direct",Roster!G:G,"AUH3")+COUNTIFS(Roster!T:T,"OFF",Roster!O:O,"Warehouse Deals",Roster!J:J,"Night Shift",Roster!P:P,"Direct",Roster!G:G,"DDB1") -> 21 | W14: =COUNTIFS(Roster!T:T,"PL",Roster!O:O,"Warehouse Deals",Roster!J:J,"Night Shift",Roster!P:P,"Direct",Roster!G:G,"AUH3")+COUNTIFS(Roster!T:T,"PL",Roster!O:O,"Warehouse Deals",Roster!J:J,"Night Shift",Roster!P:P,"Direct",Roster!G:G,"DDB1") -> 0 | X14: =COUNTIFS(Table1[[#All],[Building]],"AUH3",Table1[[#All],[Shift]],"Night Shift",Table1[[#All],[OFF1]],"OT",Table1[[#All],[Department]],Dashboard!S12)+COUNTIFS(Table1[[#All],[Building]],"AUH3",Table1[[#All],[Shift]],"Night Shift",Table1[[#All],[OFF2]],"OT",Table1[[#All],[Department]],Dashboard!S12) -> 0 | Y14: =COUNTIFS(Roster!T:T,"P",Roster!O:O,"Warehouse Deals",Roster!J:J,"Night Shift",Roster!P:P,"Direct",Roster!G:G,"AUH3")+COUNTIFS(Roster!T:T,"P",Roster!O:O,"Warehouse Deals",Roster!J:J,"Night Shift",Roster!P:P,"Direct",Roster!G:G,"DDB1") -> 33 | Z14: =COUNTIFS(Roster!T:T,"SL",Roster!O:O,"Warehouse Deals",Roster!J:J,"Night Shift",Roster!P:P,"Direct",Roster!G:G,"AUH3")+COUNTIFS(Roster!T:T,"SL",Roster!O:O,"Warehouse Deals",Roster!J:J,"Night Shift",Roster!P:P,"Direct",Roster!G:G,"DDB1") -> 0 | AA14: =COUNTIFS(Roster!T:T,"AB",Roster!O:O,"Warehouse Deals",Roster!J:J,"Night Shift",Roster!P:P,"Direct",Roster!G:G,"AUH3")+COUNTIFS(Roster!T:T,"AB",Roster!O:O,"Warehouse Deals",Roster!J:J,"Night Shift",Roster!P:P,"Direct",Roster!G:G,"DDB1")+COUNTIFS(Roster!T:T,"ABWI",Roster!O:O,"Warehouse Deals",Roster!J:J,"Night Shift",Roster!P:P,"Direct",Roster!G:G,"AUH3")+COUNTIFS(Roster!T:T,"ABWI",Roster!O:O,"Warehouse Deals",Roster!J:J,"Night Shift",Roster!P:P,"Direct",Roster!G:G,"DDB1") -> 0 | AB14: =SUM(Y14:AA14,)+SUM(U14:W14) -> 54 | AC14: =(AB14-V14)-U14-X14 -> 33 | AD14: =Y14/AC14 -> 1 | AG14: Night Shift | AH14: =COUNTIFS(Roster!T:T,"0",Roster!O:O,"Warehouse Deals",Roster!J:J,"Night Shift",Roster!P:P,"Support",Roster!G:G,"DAD1") -> 0 | AI14: =COUNTIFS(Roster!T:T,"OFF",Roster!O:O,"Warehouse Deals",Roster!J:J,"Night Shift",Roster!P:P,"Support",Roster!G:G,"DAD1") -> 2 | AJ14: =COUNTIFS(Roster!T:T,"PL",Roster!O:O,"Warehouse Deals",Roster!J:J,"Night Shift",Roster!P:P,"Support",Roster!G:G,"DAD1") -> 1 | AK14: =COUNTIFS(Roster!T:T,"P",Roster!O:O,"Warehouse Deals",Roster!J:J,"Night Shift",Roster!P:P,"Support",Roster!G:G,"DAD1") -> 9 | AL14: =COUNTIFS(Table1[[#All],[Building]],"DAD1",Table1[[#All],[Shift]],"Night Shift",Table1[[#All],[OFF1]],"OT",Table1[[#All],[Type]],"Support")+COUNTIFS(Table1[[#All],[Building]],"DAD1",Table1[[#All],[Shift]],"Night Shift",Table1[[#All],[OFF1]],"OT",Table1[[#All],[Type]],"Support") -> 0 | AM14: =COUNTIFS(Roster!T:T,"SL",Roster!O:O,"Warehouse Deals",Roster!J:J,"Night Shift",Roster!P:P,"Support",Roster!G:G,"DAD1") -> 0 | AN14: =COUNTIFS(Roster!T:T,"AB",Roster!O:O,"Warehouse Deals",Roster!J:J,"Night Shift",Roster!P:P,"Support",Roster!G:G,"DAD1")+COUNTIFS(Roster!T:T,"ABWI",Roster!O:O,"Warehouse Deals",Roster!J:J,"Night Shift",Roster!P:P,"Support",Roster!G:G,"DAD1") -> 0 | AO14: =SUM(AM14:AN14,)+SUM(AH14:AK14) -> 12 | AP14: =(AO14-AI14)-AH14 -> 10 | AQ14: =AK14/AP14 -> 0.9
A15: ICQA Total | C15: =SUM(C12:C14) -> 0 | D15: =SUM(D12:D14) -> 13 | E15: =SUM(E12:E14) -> 0 | F15: =SUM(F12:F14) -> 0 | G15: =SUM(G12:G14) -> 37 | H15: =SUM(H12:H14) -> 0 | I15: =SUM(I12:I14) -> 0 | J15: =SUM(J12:J14) -> 50 | K15: =SUM(K12:K14) -> 37 | L15: 0.88391892 | M15: =(G15-F15)/(K15) -> 1 | N15: =G15/K15 -> 1 | O15: =L15*K15 -> 32.705 | P15: =G15-F15 -> 37 | Q15: =P15-O15 -> 4.295 | S15: SC Total | U15: =SUM(U12:U14) -> 0 | V15: =SUM(V12:V14) -> 33 | W15: =SUM(W12:W14) -> 2 | X15: =SUM(X12:X14) -> 0 | Y15: =SUM(Y12:Y14) -> 58 | Z15: =SUM(Z12:Z14) -> 0 | AA15: =SUM(AA12:AA14) -> 0 | AB15: =SUM(AB12:AB14) -> 93 | AC15: =SUM(AC12:AC14) -> 60 | AF15: Warehouse Deals | AH15: =SUM(AH12:AH14) -> 0 | AI15: =SUM(AI12:AI14) -> 2 | AJ15: =SUM(AJ12:AJ14) -> 1 | AK15: =SUM(AK12:AK14) -> 9 | AL15: =SUM(AL12:AL14) -> 0 | AM15: =SUM(AM12:AM14) -> 0 | AN15: =SUM(AN12:AN14) -> 0 | AO15: =SUM(AO12:AO14) -> 12 | AP15: =SUM(AP12:AP14) -> 10
A16: Inbound | B16: Day Shift | C16: =COUNTIFS(Roster!T:T,"0",Roster!O:O,"Inbound",Roster!J:J,"Day Shift",Roster!P:P,"Direct",Roster!G:G,"AUH1") -> 0 | D16: =COUNTIFS(Roster!T:T,"OFF",Roster!O:O,"Inbound",Roster!J:J,"Day Shift",Roster!P:P,"Direct",Roster!G:G,"AUH1") -> 156 | E16: =COUNTIFS(Roster!T:T,"PL",Roster!O:O,"Inbound",Roster!J:J,"Day Shift",Roster!P:P,"Direct",Roster!G:G,"AUH1") -> 5 | F16: =COUNTIFS(Table1[[#All],[Building]],"AUH1",Table1[[#All],[Shift]],"Day Shift",Table1[[#All],[OFF1]],"OT",Table1[[#All],[Department]],Dashboard!A16)+COUNTIFS(Table1[[#All],[Building]],"AUH1",Table1[[#All],[Shift]],"Day Shift",Table1[[#All],[OFF2]],"OT",Table1[[#All],[Department]],Dashboard!A16) -> 0 | G16: =COUNTIFS(Roster!T:T,"P",Roster!O:O,"Inbound",Roster!J:J,"Day Shift",Roster!P:P,"Direct",Roster!G:G,"AUH1") -> 68 | H16: =COUNTIFS(Roster!T:T,"SL",Roster!O:O,"Inbound",Roster!J:J,"Day Shift",Roster!P:P,"Direct",Roster!G:G,"AUH1") -> 1 | I16: =COUNTIFS(Roster!T:T,"AB",Roster!O:O,"Inbound",Roster!J:J,"Day Shift",Roster!P:P,"Direct",Roster!G:G,"AUH1")+COUNTIFS(Roster!T:T,"ABWI",Roster!O:O,"Inbound",Roster!J:J,"Day Shift",Roster!P:P,"Direct",Roster!G:G,"AUH1") -> 3 | J16: =SUM(G16:I16,)+SUM(C16:E16) -> 233 | K16: =(J16-D16)-C16-F16 -> 77 | L16: 0.8624359 | M16: =(G16-F16)/(K16) -> 0.88311688 | N16: =G16/K16 -> 0.88311688 | AF16: Grand Total | AH16: =AH15 -> 0 | AI16: =AI15 -> 2 | AJ16: =AJ15 -> 1 | AK16: =AK15 -> 9 | AL16: =AL15 -> 0 | AM16: =AM15 -> 0 | AN16: =AN15 -> 0 | AO16: =AO15 -> 12 | AP16: =AP15 -> 10
B17: Mid Shift | C17: =COUNTIFS(Roster!T:T,"0",Roster!O:O,"Inbound",Roster!J:J,"Mid Shift",Roster!P:P,"Direct",Roster!G:G,"AUH1") -> 0 | D17: =COUNTIFS(Roster!T:T,"OFF",Roster!O:O,"Inbound",Roster!J:J,"Mid Shift",Roster!P:P,"Direct",Roster!G:G,"AUH1") -> 0 | E17: =COUNTIFS(Roster!T:T,"PL",Roster!O:O,"Inbound",Roster!J:J,"Mid Shift",Roster!P:P,"Direct",Roster!G:G,"AUH1") -> 0 | F17: =COUNTIFS(Table1[[#All],[Building]],"AUH1",Table1[[#All],[Shift]],"Mid Shift",Table1[[#All],[OFF1]],"OT",Table1[[#All],[Department]],Dashboard!A16)+COUNTIFS(Table1[[#All],[Building]],"AUH1",Table1[[#All],[Shift]],"Mid Shift",Table1[[#All],[OFF2]],"OT",Table1[[#All],[Department]],Dashboard!A16) -> 0 | G17: =COUNTIFS(Roster!T:T,"P",Roster!O:O,"Inbound",Roster!J:J,"Mid Shift",Roster!P:P,"Direct",Roster!G:G,"AUH1") -> 0 | H17: =COUNTIFS(Roster!T:T,"SL",Roster!O:O,"Inbound",Roster!J:J,"Mid Shift",Roster!P:P,"Direct",Roster!G:G,"AUH1") -> 0 | I17: =COUNTIFS(Roster!T:T,"AB",Roster!O:O,"Inbound",Roster!J:J,"Mid Shift",Roster!P:P,"Direct",Roster!G:G,"AUH1")+COUNTIFS(Roster!T:T,"ABWI",Roster!O:O,"Inbound",Roster!J:J,"Mid Shift",Roster!P:P,"Direct",Roster!G:G,"AUH1") -> 0 | J17: =SUM(G17:I17,)+SUM(C17:E17) -> 0 | K17: =(J17-D17)-C17-F17 -> 0 | M17: =(G17-F17)/(K17) -> #DIV/0! | N17: =G17/K17 -> #DIV/0! | S17: Department | T17: Shift | U17: 0 | V17: OFF | W17: PL | X17: OT | Y17: Present | Z17: SL | AA17: AB/ABWI | AB17: Grand Total | AC17: Scheduled | AD17: %
B18: Night Shift | C18: =COUNTIFS(Roster!T:T,"0",Roster!O:O,"Inbound",Roster!J:J,"Night Shift",Roster!P:P,"Direct",Roster!G:G,"AUH1") -> 0 | D18: =COUNTIFS(Roster!T:T,"OFF",Roster!O:O,"Inbound",Roster!J:J,"Night Shift",Roster!P:P,"Direct",Roster!G:G,"AUH1") -> 40 | E18: =COUNTIFS(Roster!T:T,"PL",Roster!O:O,"Inbound",Roster!J:J,"Night Shift",Roster!P:P,"Direct",Roster!G:G,"AUH1") -> 3 | F18: =COUNTIFS(Table1[[#All],[Building]],"AUH1",Table1[[#All],[Shift]],"Night Shift",Table1[[#All],[OFF1]],"OT",Table1[[#All],[Department]],Dashboard!A16)+COUNTIFS(Table1[[#All],[Building]],"AUH1",Table1[[#All],[Shift]],"Night Shift",Table1[[#All],[OFF2]],"OT",Table1[[#All],[Department]],Dashboard!A16) -> 0 | G18: =COUNTIFS(Roster!T:T,"P",Roster!O:O,"Inbound",Roster!J:J,"Night Shift",Roster!P:P,"Direct",Roster!G:G,"AUH1") -> 41 | H18: =COUNTIFS(Roster!T:T,"SL",Roster!O:O,"Inbound",Roster!J:J,"Night Shift",Roster!P:P,"Direct",Roster!G:G,"AUH1") -> 0 | I18: =COUNTIFS(Roster!T:T,"AB",Roster!O:O,"Inbound",Roster!J:J,"Night Shift",Roster!P:P,"Direct",Roster!G:G,"AUH1")+COUNTIFS(Roster!T:T,"ABWI",Roster!O:O,"Inbound",Roster!J:J,"Night Shift",Roster!P:P,"Direct",Roster!G:G,"AUH1") -> 1 | J18: =SUM(G18:I18,)+SUM(C18:E18) -> 85 | K18: =(J18-D18)-C18-F18 -> 45 | L18: 0.87611111 | M18: =(G18-F18)/(K18) -> 0.91111111 | N18: =G18/K18 -> 0.91111111 | S18: Warehouse Deals | T18: Regular | U18: =COUNTIFS(Roster!G:G,"AUH3",Roster!P:P,"Direct",Roster!T:T,"0",Roster!E:E,"Regular")+COUNTIFS(Roster!G:G,"DDB1",Roster!P:P,"Direct",Roster!T:T,"0",Roster!E:E,"Regular") -> 0 | V18: =COUNTIFS(Roster!G:G,"AUH3",Roster!P:P,"Direct",Roster!T:T,"OFF",Roster!E:E,"Regular")+COUNTIFS(Roster!G:G,"DDB1",Roster!P:P,"Direct",Roster!T:T,"OFF",Roster!E:E,"Regular") -> 5 | W18: =COUNTIFS(Roster!G:G,"AUH3",Roster!P:P,"Direct",Roster!T:T,"PL",Roster!E:E,"Regular")+COUNTIFS(Roster!G:G,"DDB1",Roster!P:P,"Direct",Roster!T:T,"PL",Roster!E:E,"Regular") -> 0 | X18: =COUNTIFS(Table1[[#All],[Building]],"AUH3",Table1[[#All],[Employment Type]],"Regular",Table1[[#All],[OFF1]],"OT",Table1[[#All],[Department]],Dashboard!S18)+COUNTIFS(Table1[[#All],[Building]],"AUH3",Table1[[#All],[Employment Type]],"Regular",Table1[[#All],[OFF2]],"OT",Table1[[#All],[Department]],Dashboard!S18) -> 0 | Y18: =COUNTIFS(Roster!G:G,"AUH3",Roster!P:P,"Direct",Roster!T:T,"P",Roster!E:E,"Regular")+COUNTIFS(Roster!G:G,"DDB1",Roster!P:P,"Direct",Roster!T:T,"P",Roster!E:E,"Regular") -> 9 | Z18: =COUNTIFS(Roster!G:G,"AUH3",Roster!P:P,"Direct",Roster!T:T,"SL",Roster!E:E,"Regular")+COUNTIFS(Roster!G:G,"DDB1",Roster!P:P,"Direct",Roster!T:T,"SL",Roster!E:E,"Regular") -> 0 | AA18: =COUNTIFS(Roster!G:G,"AUH3",Roster!P:P,"Direct",Roster!T:T,"AB",Roster!E:E,"Regular")+COUNTIFS(Roster!G:G,"DDB1",Roster!P:P,"Direct",Roster!T:T,"AB",Roster!E:E,"Regular")+COUNTIFS(Roster!G:G,"AUH3",Roster!P:P,"Direct",Roster!T:T,"ABWI",Roster!E:E,"Regular")+COUNTIFS(Roster!G:G,"DDB1",Roster!P:P,"Direct",Roster!T:T,"ABWI",Roster!E:E,"Regular") -> 0 | AB18: =SUM(Y18:AA18,)+SUM(U18:W18) -> 14 | AC18: =(AB18-V18)-U18 -> 9 | AD18: =Y18/AC18 -> 1 | AL18: =1443+83 -> 1526
A19: Inbound Total | C19: =SUM(C16:C18) -> 0 | D19: =SUM(D16:D18) -> 196 | E19: =SUM(E16:E18) -> 8 | F19: =SUM(F16:F18) -> 0 | G19: =SUM(G16:G18) -> 109 | H19: =SUM(H16:H18) -> 1 | I19: =SUM(I16:I18) -> 4 | J19: =SUM(J16:J18) -> 318 | K19: =SUM(K16:K18) -> 122 | L19: 0.86743902 | M19: =(G19-F19)/(K19) -> 0.89344262 | N19: =G19/K19 -> 0.89344262 | O19: =L19*K19 -> 105.82756 | P19: =G19-F19 -> 109 | Q19: =P19-O19 -> 3.172439 | T19: Temporary | U19: =COUNTIFS(Roster!G:G,"AUH3",Roster!P:P,"Direct",Roster!T:T,"0",Roster!E:E,"Temporary")+COUNTIFS(Roster!G:G,"DDB1",Roster!P:P,"Direct",Roster!T:T,"0",Roster!E:E,"Temporary") -> 0 | V19: =COUNTIFS(Roster!G:G,"AUH3",Roster!P:P,"Direct",Roster!T:T,"OFF",Roster!E:E,"Temporary")+COUNTIFS(Roster!G:G,"DDB1",Roster!P:P,"Direct",Roster!T:T,"OFF",Roster!E:E,"Temporary") -> 28 | W19: =COUNTIFS(Roster!G:G,"AUH3",Roster!P:P,"Direct",Roster!T:T,"PL",Roster!E:E,"Temporary")+COUNTIFS(Roster!G:G,"DDB1",Roster!P:P,"Direct",Roster!T:T,"PL",Roster!E:E,"Temporary") -> 2 | X19: =COUNTIFS(Table1[[#All],[Building]],"AUH3",Table1[[#All],[Employment Type]],"Temporary",Table1[[#All],[OFF1]],"OT",Table1[[#All],[Department]],Dashboard!S18)+COUNTIFS(Table1[[#All],[Building]],"AUH3",Table1[[#All],[Employment Type]],"Temporary",Table1[[#All],[OFF2]],"OT",Table1[[#All],[Department]],Dashboard!S18) -> 0 | Y19: =COUNTIFS(Roster!G:G,"AUH3",Roster!P:P,"Direct",Roster!T:T,"P",Roster!E:E,"Temporary")+COUNTIFS(Roster!G:G,"DDB1",Roster!P:P,"Direct",Roster!T:T,"P",Roster!E:E,"Temporary") -> 49 | Z19: =COUNTIFS(Roster!G:G,"AUH3",Roster!P:P,"Direct",Roster!T:T,"SL",Roster!E:E,"Temporary")+COUNTIFS(Roster!G:G,"DDB1",Roster!P:P,"Direct",Roster!T:T,"SL",Roster!E:E,"Temporary") -> 0 | AA19: =COUNTIFS(Roster!G:G,"AUH3",Roster!P:P,"Direct",Roster!T:T,"AB",Roster!E:E,"Temporary")+COUNTIFS(Roster!G:G,"DDB1",Roster!P:P,"Direct",Roster!T:T,"AB",Roster!E:E,"Temporary")+COUNTIFS(Roster!G:G,"AUH3",Roster!P:P,"Direct",Roster!T:T,"ABWI",Roster!E:E,"Temporary")+COUNTIFS(Roster!G:G,"DDB1",Roster!P:P,"Direct",Roster!T:T,"ABWI",Roster!E:E,"Temporary") -> 0 | AB19: =SUM(Y19:AA19,)+SUM(U19:W19) -> 79 | AC19: =(AB19-V19)-U19 -> 51 | AD19: =Y19/AC19 -> 0.96078431
A20: Outbound | B20: Day Shift | C20: =COUNTIFS(Roster!T:T,"0",Roster!O:O,"Outbound",Roster!J:J,"Day Shift",Roster!P:P,"Direct",Roster!G:G,"AUH1") -> 0 | D20: =COUNTIFS(Roster!T:T,"OFF",Roster!O:O,"Outbound",Roster!J:J,"Day Shift",Roster!P:P,"Direct",Roster!G:G,"AUH1") -> 69 | E20: =COUNTIFS(Roster!T:T,"PL",Roster!O:O,"Outbound",Roster!J:J,"Day Shift",Roster!P:P,"Direct",Roster!G:G,"AUH1") -> 14 | F20: =COUNTIFS(Table1[[#All],[Building]],"AUH1",Table1[[#All],[Shift]],"Day Shift",Table1[[#All],[OFF1]],"OT",Table1[[#All],[Department]],Dashboard!A20)+COUNTIFS(Table1[[#All],[Building]],"AUH1",Table1[[#All],[Shift]],"Day Shift",Table1[[#All],[OFF2]],"OT",Table1[[#All],[Department]],Dashboard!A20) -> 7 | G20: =COUNTIFS(Roster!T:T,"P",Roster!O:O,"Outbound",Roster!J:J,"Day Shift",Roster!P:P,"Direct",Roster!G:G,"AUH1") -> 174 | H20: =COUNTIFS(Roster!T:T,"SL",Roster!O:O,"Outbound",Roster!J:J,"Day Shift",Roster!P:P,"Direct",Roster!G:G,"AUH1") -> 3 | I20: =COUNTIFS(Roster!T:T,"AB",Roster!O:O,"Outbound",Roster!J:J,"Day Shift",Roster!P:P,"Direct",Roster!G:G,"AUH1")+COUNTIFS(Roster!T:T,"ABWI",Roster!O:O,"Outbound",Roster!J:J,"Day Shift",Roster!P:P,"Direct",Roster!G:G,"AUH1") -> 4 | J20: =SUM(G20:I20,)+SUM(C20:E20) -> 264 | K20: =(J20-D20)-C20-F20 -> 188 | L20: 0.86440828 | M20: =(G20-F20)/(K20) -> 0.88829787 | N20: =G20/K20 -> 0.92553191 | S20: SC Total | U20: =SUM(U17:U19) -> 0 | V20: =SUM(V17:V19) -> 33 | W20: =SUM(W17:W19) -> 2 | X20: =SUM(X17:X19) -> 0 | Y20: =SUM(Y17:Y19) -> 58 | Z20: =SUM(Z17:Z19) -> 0 | AA20: =SUM(AA17:AA19) -> 0 | AB20: =SUM(AB17:AB19) -> 93 | AC20: =SUM(AC18:AC19) -> 60
B21: Mid Shift | C21: =COUNTIFS(Roster!T:T,"0",Roster!O:O,"Outbound",Roster!J:J,"Mid Shift",Roster!P:P,"Direct",Roster!G:G,"AUH1") -> 0 | D21: =COUNTIFS(Roster!T:T,"OFF",Roster!O:O,"Outbound",Roster!J:J,"Mid Shift",Roster!P:P,"Direct",Roster!G:G,"AUH1") -> 0 | E21: =COUNTIFS(Roster!T:T,"PL",Roster!O:O,"Outbound",Roster!J:J,"Mid Shift",Roster!P:P,"Direct",Roster!G:G,"AUH1") -> 0 | F21: =COUNTIFS(Table1[[#All],[Building]],"AUH1",Table1[[#All],[Shift]],"Mid Shift",Table1[[#All],[OFF1]],"OT",Table1[[#All],[Department]],Dashboard!A20)+COUNTIFS(Table1[[#All],[Building]],"AUH1",Table1[[#All],[Shift]],"Mid Shift",Table1[[#All],[OFF2]],"OT",Table1[[#All],[Department]],Dashboard!A20) -> 0 | G21: =COUNTIFS(Roster!T:T,"P",Roster!O:O,"Outbound",Roster!J:J,"Mid Shift",Roster!P:P,"Direct",Roster!G:G,"AUH1") -> 0 | H21: =COUNTIFS(Roster!T:T,"SL",Roster!O:O,"Outbound",Roster!J:J,"Mid Shift",Roster!P:P,"Direct",Roster!G:G,"AUH1") -> 0 | I21: =COUNTIFS(Roster!T:T,"AB",Roster!O:O,"Outbound",Roster!J:J,"Mid Shift",Roster!P:P,"Direct",Roster!G:G,"AUH1")+COUNTIFS(Roster!T:T,"ABWI",Roster!O:O,"Outbound",Roster!J:J,"Mid Shift",Roster!P:P,"Direct",Roster!G:G,"AUH1") -> 0 | J21: =SUM(G21:I21,)+SUM(C21:E21) -> 0 | K21: =(J21-D21)-C21-F21 -> 0 | M21: =(G21-F21)/(K21) -> #DIV/0! | N21: =G21/K21 -> #DIV/0!
B22: Night Shift | C22: =COUNTIFS(Roster!T:T,"0",Roster!O:O,"Outbound",Roster!J:J,"Night Shift",Roster!P:P,"Direct",Roster!G:G,"AUH1") -> 0 | D22: =COUNTIFS(Roster!T:T,"OFF",Roster!O:O,"Outbound",Roster!J:J,"Night Shift",Roster!P:P,"Direct",Roster!G:G,"AUH1") -> 94 | E22: =COUNTIFS(Roster!T:T,"PL",Roster!O:O,"Outbound",Roster!J:J,"Night Shift",Roster!P:P,"Direct",Roster!G:G,"AUH1") -> 11 | F22: =COUNTIFS(Table1[[#All],[Building]],"AUH1",Table1[[#All],[Shift]],"Night Shift",Table1[[#All],[OFF1]],"OT",Table1[[#All],[Department]],Dashboard!A20)+COUNTIFS(Table1[[#All],[Building]],"AUH1",Table1[[#All],[Shift]],"Night Shift",Table1[[#All],[OFF2]],"OT",Table1[[#All],[Department]],Dashboard!A20) -> 14 | G22: =COUNTIFS(Roster!T:T,"P",Roster!O:O,"Outbound",Roster!J:J,"Night Shift",Roster!P:P,"Direct",Roster!G:G,"AUH1") -> 283 | H22: =COUNTIFS(Roster!T:T,"SL",Roster!O:O,"Outbound",Roster!J:J,"Night Shift",Roster!P:P,"Direct",Roster!G:G,"AUH1") -> 0 | I22: =COUNTIFS(Roster!T:T,"AB",Roster!O:O,"Outbound",Roster!J:J,"Night Shift",Roster!P:P,"Direct",Roster!G:G,"AUH1")+COUNTIFS(Roster!T:T,"ABWI",Roster!O:O,"Outbound",Roster!J:J,"Night Shift",Roster!P:P,"Direct",Roster!G:G,"AUH1") -> 3 | J22: =SUM(G22:I22,)+SUM(C22:E22) -> 391 | K22: =(J22-D22)-C22-F22 -> 283 | L22: 0.90905594 | M22: =(G22-F22)/(K22) -> 0.95053004 | N22: =G22/K22 -> 1 | S22: Shift | T22: Total HC | U22: Unscheduled | V22: Schedule to Work | W22: PL | X22: OT | Y22: UPL | Z22: Present | AA22: Present % | AB22: LM Target | AC22: Target Achievement
A23: Outbound Total | C23: =SUM(C20:C22) -> 0 | D23: =SUM(D20:D22) -> 163 | E23: =SUM(E20:E22) -> 25 | F23: =SUM(F20:F22) -> 21 | G23: =SUM(G20:G22) -> 457 | H23: =SUM(H20:H22) -> 3 | I23: =SUM(I20:I22) -> 7 | J23: =SUM(J20:J22) -> 655 | K23: =SUM(K20:K22) -> 471 | L23: 0.89247253 | M23: =(G23-F23)/(K23) -> 0.92569002 | N23: =G23/K23 -> 0.97027601 | O23: =L23*K23 -> 420.35456 | P23: =G23-F23 -> 436 | Q23: =P23-O23 -> 15.64544 | S23: Regular | T23: =COUNTIFS(Roster!G:G,"AUH3",Roster!E:E,"Regular")+COUNTIFS(Roster!G:G,"DDB1",Roster!E:E,"Regular",Roster!P:P,"Direct") -> 14 | U23: =COUNTIFS(Roster!G:G,"AUH3",Roster!E:E,"Regular",Roster!T:T,"OFF",Roster!P:P,"Direct")+COUNTIFS(Roster!G:G,"DDB1",Roster!E:E,"Regular",Roster!T:T,"OFF",Roster!P:P,"Direct") -> 5 | V23: =SUMIFS($AC$18:$AC$19,$T$18:$T$19,"Regular") -> 9 | W23: =COUNTIFS(Roster!G:G,"AUH3",Roster!E:E,"Regular",Roster!T:T,"PL",Roster!P:P,"Direct")+COUNTIFS(Roster!G:G,"DDB1",Roster!E:E,"Regular",Roster!T:T,"PL",Roster!P:P,"Direct") -> 0 | X23: =COUNTIFS(Table1[[#All],[Building]],"AUH3",Table1[[#All],[Employment Type]],"Regular",Table1[[#All],[OFF1]],"OT",Table1[[#All],[Department]],Dashboard!S23)+COUNTIFS(Table1[[#All],[Building]],"AUH3",Table1[[#All],[Employment Type]],"Regular",Table1[[#All],[OFF2]],"OT",Table1[[#All],[Department]],Dashboard!S23) -> 0 | Y23: =COUNTIFS(Roster!G:G,"AUH3",Roster!E:E,"Regular",Roster!T:T,"AB",Roster!P:P,"Direct")+COUNTIFS(Roster!G:G,"AUH3",Roster!E:E,"Regular",Roster!T:T,"SL",Roster!P:P,"Direct")+COUNTIFS(Roster!G:G,"AUH3",Roster!E:E,"Regular",Roster!T:T,"ABWI",Roster!P:P,"Direct")+COUNTIFS(Roster!G:G,"DDB1",Roster!E:E,"Regular",Roster!T:T,"ABWI") -> 0 | Z23: =V23-W23-Y23 -> 9 | AA23: =Z23/V23 -> 1 | AB23: 0.92384615 | AC23: =AA23/AB23 -> 1.0824313
A24: CRET | B24: Day Shift | C24: =COUNTIFS(Roster!T:T,"0",Roster!O:O,"CRET",Roster!J:J,"Day Shift",Roster!P:P,"Direct",Roster!G:G,"AUH1") -> 0 | D24: =COUNTIFS(Roster!T:T,"OFF",Roster!O:O,"CRET",Roster!J:J,"Day Shift",Roster!P:P,"Direct",Roster!G:G,"AUH1") -> 41 | E24: =COUNTIFS(Roster!T:T,"PL",Roster!O:O,"CRET",Roster!J:J,"Day Shift",Roster!P:P,"Direct",Roster!G:G,"AUH1") -> 7 | F24: =COUNTIFS(Table1[[#All],[Building]],"AUH1",Table1[[#All],[Shift]],"Day Shift",Table1[[#All],[OFF1]],"OT",Table1[[#All],[Department]],Dashboard!A24)+COUNTIFS(Table1[[#All],[Building]],"AUH1",Table1[[#All],[Shift]],"Day Shift",Table1[[#All],[OFF2]],"OT",Table1[[#All],[Department]],Dashboard!A24) -> 0 | G24: =COUNTIFS(Roster!T:T,"P",Roster!O:O,"CRET",Roster!J:J,"Day Shift",Roster!P:P,"Direct",Roster!G:G,"AUH1") -> 82 | H24: =COUNTIFS(Roster!T:T,"SL",Roster!O:O,"CRET",Roster!J:J,"Day Shift",Roster!P:P,"Direct",Roster!G:G,"AUH1") -> 1 | I24: =COUNTIFS(Roster!T:T,"AB",Roster!O:O,"CRET",Roster!J:J,"Day Shift",Roster!P:P,"Direct",Roster!G:G,"AUH1")+COUNTIFS(Roster!T:T,"ABWI",Roster!O:O,"CRET",Roster!J:J,"Day Shift",Roster!P:P,"Direct",Roster!G:G,"AUH1") -> 1 | J24: =SUM(G24:I24,)+SUM(C24:E24) -> 132 | K24: =(J24-D24)-C24-F24 -> 91 | L24: 0.89978261 | M24: =(G24-F24)/(K24) -> 0.9010989 | N24: =G24/K24 -> 0.9010989 | S24: Temporary | T24: =COUNTIFS(Roster!G:G,"AUH3",Roster!E:E,"Temporary")+COUNTIFS(Roster!G:G,"DDB1",Roster!E:E,"Temporary",Roster!P:P,"Direct") -> 79 | U24: =COUNTIFS(Roster!G:G,"AUH3",Roster!E:E,"Temporary",Roster!T:T,"OFF",Roster!P:P,"Direct")+COUNTIFS(Roster!G:G,"DDB1",Roster!E:E,"Temporary",Roster!T:T,"OFF",Roster!P:P,"Direct") -> 28 | V24: =SUMIFS($AC$18:$AC$19,$T$18:$T$19,"Temporary") -> 51 | W24: =COUNTIFS(Roster!G:G,"AUH3",Roster!E:E,"Temporary",Roster!T:T,"PL",Roster!P:P,"Direct")+COUNTIFS(Roster!G:G,"DDB1",Roster!E:E,"Temporary",Roster!T:T,"PL",Roster!P:P,"Direct") -> 2 | X24: =COUNTIFS(Table1[[#All],[Building]],"AUH3",Table1[[#All],[Employment Type]],"Temporary",Table1[[#All],[OFF1]],"OT",Table1[[#All],[Department]],Dashboard!S23)+COUNTIFS(Table1[[#All],[Building]],"AUH3",Table1[[#All],[Employment Type]],"Temporary",Table1[[#All],[OFF2]],"OT",Table1[[#All],[Department]],Dashboard!S23) -> 0 | Y24: =COUNTIFS(Roster!G:G,"AUH3",Roster!E:E,"Temporary",Roster!T:T,"AB")+COUNTIFS(Roster!G:G,"AUH3",Roster!E:E,"Temporary",Roster!T:T,"SL")+COUNTIFS(Roster!G:G,"AUH3",Roster!E:E,"Temporary",Roster!T:T,"ABWI")+COUNTIFS(Roster!G:G,"DDB1",Roster!E:E,"Temporary",Roster!T:T,"ABWI",Roster!P:P,"Direct") -> 0 | Z24: =V24-W24-Y24 -> 49 | AA24: =Z24/V24 -> 0.96078431 | AB24: 0.90181818 | AC24: =AA24/AB24 -> 1.0653858
B25: Mid Shift | C25: =COUNTIFS(Roster!T:T,"0",Roster!O:O,"CRET",Roster!J:J,"Mid Shift",Roster!P:P,"Direct",Roster!G:G,"AUH1") -> 0 | D25: =COUNTIFS(Roster!T:T,"OFF",Roster!O:O,"CRET",Roster!J:J,"Mid Shift",Roster!P:P,"Direct",Roster!G:G,"AUH1") -> 0 | E25: =COUNTIFS(Roster!T:T,"PL",Roster!O:O,"CRET",Roster!J:J,"Mid Shift",Roster!P:P,"Direct",Roster!G:G,"AUH1") -> 0 | F25: =COUNTIFS(Table1[[#All],[Building]],"AUH1",Table1[[#All],[Shift]],"Mid Shift",Table1[[#All],[OFF1]],"OT",Table1[[#All],[Department]],Dashboard!A24)+COUNTIFS(Table1[[#All],[Building]],"AUH1",Table1[[#All],[Shift]],"Mid Shift",Table1[[#All],[OFF2]],"OT",Table1[[#All],[Department]],Dashboard!A24) -> 0 | G25: =COUNTIFS(Roster!T:T,"P",Roster!O:O,"CRET",Roster!J:J,"Mid Shift",Roster!P:P,"Direct",Roster!G:G,"AUH1") -> 0 | H25: =COUNTIFS(Roster!T:T,"SL",Roster!O:O,"CRET",Roster!J:J,"Mid Shift",Roster!P:P,"Direct",Roster!G:G,"AUH1") -> 0 | I25: =COUNTIFS(Roster!T:T,"AB",Roster!O:O,"CRET",Roster!J:J,"Mid Shift",Roster!P:P,"Direct",Roster!G:G,"AUH1")+COUNTIFS(Roster!T:T,"ABWI",Roster!O:O,"CRET",Roster!J:J,"Mid Shift",Roster!P:P,"Direct",Roster!G:G,"AUH1") -> 0 | J25: =SUM(G25:I25,)+SUM(C25:E25) -> 0 | K25: =(J25-D25)-C25-F25 -> 0 | M25: =(G25-F25)/(K25) -> #DIV/0! | N25: =G25/K25 -> #DIV/0!
B26: Night Shift | C26: =COUNTIFS(Roster!T:T,"0",Roster!O:O,"CRET",Roster!J:J,"Night Shift",Roster!P:P,"Direct",Roster!G:G,"AUH1") -> 0 | D26: =COUNTIFS(Roster!T:T,"OFF",Roster!O:O,"CRET",Roster!J:J,"Night Shift",Roster!P:P,"Direct",Roster!G:G,"AUH1") -> 26 | E26: =COUNTIFS(Roster!T:T,"PL",Roster!O:O,"CRET",Roster!J:J,"Night Shift",Roster!P:P,"Direct",Roster!G:G,"AUH1") -> 3 | F26: =COUNTIFS(Table1[[#All],[Building]],"AUH1",Table1[[#All],[Shift]],"Night Shift",Table1[[#All],[OFF1]],"OT",Table1[[#All],[Department]],Dashboard!A24)+COUNTIFS(Table1[[#All],[Building]],"AUH1",Table1[[#All],[Shift]],"Night Shift",Table1[[#All],[OFF2]],"OT",Table1[[#All],[Department]],Dashboard!A24) -> 0 | G26: =COUNTIFS(Roster!T:T,"P",Roster!O:O,"CRET",Roster!J:J,"Night Shift",Roster!P:P,"Direct",Roster!G:G,"AUH1") -> 57 | H26: =COUNTIFS(Roster!T:T,"SL",Roster!O:O,"CRET",Roster!J:J,"Night Shift",Roster!P:P,"Direct",Roster!G:G,"AUH1") -> 0 | I26: =COUNTIFS(Roster!T:T,"AB",Roster!O:O,"CRET",Roster!J:J,"Night Shift",Roster!P:P,"Direct",Roster!G:G,"AUH1")+COUNTIFS(Roster!T:T,"ABWI",Roster!O:O,"CRET",Roster!J:J,"Night Shift",Roster!P:P,"Direct",Roster!G:G,"AUH1") -> 0 | J26: =SUM(G26:I26,)+SUM(C26:E26) -> 86 | K26: =(J26-D26)-C26-F26 -> 60 | L26: 0.89833333 | M26: =(G26-F26)/(K26) -> 0.95 | N26: =G26/K26 -> 0.95
A27: CRET Total | C27: =SUM(C24:C26) -> 0 | D27: =SUM(D24:D26) -> 67 | E27: =SUM(E24:E26) -> 10 | F27: =SUM(F24:F26) -> 0 | G27: =SUM(G24:G26) -> 139 | H27: =SUM(H24:H26) -> 1 | I27: =SUM(I24:I26) -> 1 | J27: =SUM(J24:J26) -> 218 | K27: =SUM(K24:K26) -> 151 | L27: 0.89921053 | M27: =(G27-F27)/(K27) -> 0.9205298 | N27: =G27/K27 -> 0.9205298 | O27: =L27*K27 -> 135.78079 | P27: =G27-F27 -> 139 | Q27: =P27-O27 -> 3.2192105
A28: Grand Total | C28: =C15+C19+C23+C27 -> 0 | D28: =D15+D19+D23+D27 -> 439 | E28: =E15+E19+E23+E27 -> 43 | F28: =F15+F19+F23+F27 -> 21 | G28: =G15+G19+G23+G27 -> 742 | H28: =H15+H19+H23+H27 -> 5 | I28: =I15+I19+I23+I27 -> 12 | J28: =J15+J19+J23+J27 -> 1241 | K28: =K15+K19+K23+K27 -> 781 | L28: =J9 -> 0.91101434 | M28: =(G28-F28)/(K28) -> 0.92317542 | N28: =G28/K28 -> 0.95006402 | O28: =L28*K28 -> 711.5022 | P28: =G28-F28 -> 721 | Q28: =P28-O28 -> 9.4978005
E30: =E6/(D6-F6) -> 0.068062827 | F30: DS | G30: =G6/(D6-F6) -> 0.034031414
E31: =E9/(D9-F9) -> 0.056578947 | F31: Overall | G31: =G9/(D9-F9) -> 0.022368421
E32: =E8/(D8-F8) -> 0.044973545 | F32: NS | G32: =G8/(D8-F8) -> 0.010582011

Sheet Roster
A1: Date | B1: 46257 | C1: =TEXT(B1,"dddd") -> Sunday | F1: Target | G1: 0.0756 | Q1: P | R1: Present | S1: SL
Q2: AB | R2: Absent | S2: EL
Q3: PL | R3: Any Planned Leave | S3: ABWI
Q4: OFF | R4: Weekly Off | S4: 0
A6: S.No | B6: Psoft No | C6: AMZ ID | D6: EMP Name | E6: Employment Type | F6: Country | G6: Building | H6: LOB | I6: Cost Center | J6: Shift | K6: Shift Difference | L6: OFF1 | M6: OFF2 | N6: Job Title | O6: Department | P6: Type | Q6: 3P | R6: Line Manager Login | S6: Line Manager | T6: Attendance | U6: Remarks | V6: DOJ | W6: Process Path | X6: DWD Dashboard | Y6: GB LEAVES
A7: 1 | B7: 206875258 | C7: bakabdal | D7: ABDALLAH ABDALLAH ISSA | E7: Temporary | F7: UAE | G7: AUH1 | H7: FC | I7: 1299 | J7: Day Shift | K7: NA | L7: Sunday | M7: Monday | N7: Warehouse Associate 8W | O7: CRET | P7: Direct | Q7: Dulsco | R7: aanso | S7: Sohail,Anis | T7: OFF | V7: 46051 | W7: Customer Returns | X7: =VLOOKUP(Table1[[#This Row],[AMZ ID]],[1]Roster_1787503287932!$D$2:$AU$1370,25,0) -> Not Present | Y7: =VLOOKUP(Table1[[#This Row],[AMZ ID]],[1]Roster_1787503287932!$D$2:$AM$1370,35,0) -> 0
A8: 2 | B8: 206873715 | C8: zkasabda | D8: ABDALLAH KASSIM | E8: Temporary | F8: UAE | G8: AUH1 | H8: FC | I8: 1299 | J8: Day Shift | K8: NA | L8: Saturday | M8: Sunday | N8: Warehouse Associate 8W | O8: CRET | P8: Direct | Q8: Dulsco | R8: aanso | S8: Sohail,Anis | T8: OFF | V8: 46020 | W8: Customer Returns | X8: =VLOOKUP(Table1[[#This Row],[AMZ ID]],[1]Roster_1787503287932!$D$2:$AU$1370,25,0) -> Not Present | Y8: =VLOOKUP(Table1[[#This Row],[AMZ ID]],[1]Roster_1787503287932!$D$2:$AM$1370,35,0) -> 0
A9: 3 | B9: 203679309 | C9: njitaria | D9: Abdel Koudous Njitari Mah | E9: Temporary | F9: UAE | G9: AUH1 | H9: FC | I9: 1299 | J9: Night Shift | K9: NA | L9: Sunday | M9: Monday | N9: Warehouse Associate 12M | O9: CRET | P9: Direct | Q9: Fastlink | R9: aanso | S9: Sohail,Anis | T9: OFF | V9: 45488 | W9: Customer Returns | X9: =VLOOKUP(Table1[[#This Row],[AMZ ID]],[1]Roster_1787503287932!$D$2:$AU$1370,25,0) -> Not Present | Y9: =VLOOKUP(Table1[[#This Row],[AMZ ID]],[1]Roster_1787503287932!$D$2:$AM$1370,35,0) -> 0
A10: 4 | B10: 204864408 | C10: iddabdud | D10: ABDULMALIK IDDRISU | E10: Temporary | F10: UAE | G10: AUH1 | H10: FC | I10: 1299 | J10: Night Shift | K10: NA | L10: Sunday | M10: Monday | N10: Warehouse Associate 8W | O10: CRET | P10: Direct | Q10: Dulsco | R10: aanso | S10: Sohail,Anis | T10: OFF | V10: 45684 | W10: Customer Returns | X10: =VLOOKUP(Table1[[#This Row],[AMZ ID]],[1]Roster_1787503287932!$D$2:$AU$1370,25,0) -> Not Present | Y10: =VLOOKUP(Table1[[#This Row],[AMZ ID]],[1]Roster_1787503287932!$D$2:$AM$1370,35,0) -> 0
A11: 5 | B11: 203800376 | C11: kiwanuab | D11: ABDURASHID KIWANUKA | E11: Temporary | F11: UAE | G11: AUH1 | H11: FC | I11: 1299 | J11: Day Shift | K11: NA | L11: Wednesday | M11: Thursday | N11: Warehouse Associate 8W | O11: CRET | P11: Direct | Q11: Dulsco | R11: aanso | S11: Sohail,Anis | T11: P | V11: 45516 | W11: Customer Returns | X11: =VLOOKUP(Table1[[#This Row],[AMZ ID]],[1]Roster_1787503287932!$D$2:$AU$1370,25,0) -> Present | Y11: =VLOOKUP(Table1[[#This Row],[AMZ ID]],[1]Roster_1787503287932!$D$2:$AM$1370,35,0) -> 0
A12: 6 | B12: 206953791 | C12: abubodon | D12: ABUBAKAESWIDIQ ODONGO | E12: Temporary | F12: UAE | G12: AUH1 | H12: FC | I12: 1299 | J12: Day Shift | K12: NA | L12: Thursday | M12: Friday | N12: Warehouse Associate 24M | O12: CRET | P12: Direct | Q12: Dulsco | R12: aanso | S12: Sohail,Anis | T12: P | V12: 46048 | W12: Customer Returns | X12: =VLOOKUP(Table1[[#This Row],[AMZ ID]],[1]Roster_1787503287932!$D$2:$AU$1370,25,0) -> Present | Y12: =VLOOKUP(Table1[[#This Row],[AMZ ID]],[1]Roster_1787503287932!$D$2:$AM$1370,35,0) -> 0
A13: 7 | B13: 205608373 | C13: tiacquah | D13: ACQUAH TIMOTHY | E13: Temporary | F13: UAE | G13: AUH1 | H13: FC | I13: 1299 | J13: Night Shift | K13: NA | L13: Wednesday | M13: Thursday | N13: Warehouse Associate 8W | O13: CRET | P13: Direct | Q13: Dulsco | R13: aanso | S13: Sohail,Anis | T13: P | V13: 45845 | W13: Customer Returns | X13: =VLOOKUP(Table1[[#This Row],[AMZ ID]],[1]Roster_1787503287932!$D$2:$AU$1370,25,0) -> Present | Y13: =VLOOKUP(Table1[[#This Row],[AMZ ID]],[1]Roster_1787503287932!$D$2:$AM$1370,35,0) -> 0
A14: 8 | B14: 204869098 | C14: rosadamu | D14: Adams,Rose | E14: Temporary | F14: UAE | G14: AUH1 | H14: FC | I14: 1299 | J14: Night Shift | K14: NA | L14: Friday | M14: Saturday | N14: Warehouse Associate 8W | O14: CRET | P14: Direct | Q14: Quesscorp | R14: aanso | S14: Sohail,Anis | T14: P | V14: 45691 | W14: Customer Returns | X14: =VLOOKUP(Table1[[#This Row],[AMZ ID]],[1]Roster_1787503287932!$D$2:$AU$1370,25,0) -> Present | Y14: =VLOOKUP(Table1[[#This Row],[AMZ ID]],[1]Roster_1787503287932!$D$2:$AM$1370,35,0) -> 0
A15: 9 | B15: 206875144 | C15: ramaafid | D15: AFIDHU SWAMADU RAMADHANI | E15: Temporary | F15: UAE | G15: AUH1 | H15: FC | I15: 1299 | J15: Night Shift | K15: NA | L15: Sunday | M15: Monday | N15: Warehouse Associate 8W | O15: CRET | P15: Direct | Q15: Dulsco | R15: aanso | S15: Sohail,Anis | T15: OFF | V15: 46020 | W15: Customer Returns | X15: =VLOOKUP(Table1[[#This Row],[AMZ ID]],[1]Roster_1787503287932!$D$2:$AU$1370,25,0) -> Not Present | Y15: =VLOOKUP(Table1[[#This Row],[AMZ ID]],[1]Roster_1787503287932!$D$2:$AM$1370,35,0) -> 0
A16: 10 | B16: 204299542 | C16: ahmeumef | D16: Ahmed Tidjan Mefire Nchankou | E16: Temporary | F16: UAE | G16: AUH1 | H16: FC | I16: 1299 | J16: Night Shift | K16: NA | L16: Thursday | M16: Friday | N16: Warehouse Associate 8W | O16: CRET | P16: Direct | Q16: Quesscorp | R16: aanso | S16: Sohail,Anis | T16: P | V16: 45586 | W16: Customer Returns | X16: =VLOOKUP(Table1[[#This Row],[AMZ ID]],[1]Roster_1787503287932!$D$2:$AU$1370,25,0) -> Present | Y16: =VLOOKUP(Table1[[#This Row],[AMZ ID]],[1]Roster_1787503287932!$D$2:$AM$1370,35,0) -> 0
A17: 11 | B17: 206873708 | C17: xaijueli | D17: AIJUKA ELIYA | E17: Temporary | F17: UAE | G17: AUH1 | H17: FC | I17: 1299 | J17: Day Shift | K17: NA | L17: Saturday | M17: Sunday | N17: Warehouse Associate 8W | O17: CRET | P17: Direct | Q17: Dulsco | R17: aanso | S17: Sohail,Anis | T17: OFF | V17: 46020 | W17: Customer Returns | X17: =VLOOKUP(Table1[[#This Row],[AMZ ID]],[1]Roster_1787503287932!$D$2:$AU$1370,25,0) -> Not Present | Y17: =VLOOKUP(Table1[[#This Row],[AMZ ID]],[1]Roster_1787503287932!$D$2:$AM$1370,35,0) -> 0
A18: 12 | B18: 203469458 | C18: ndanzyco | D18: CongratesMoforkengNdanze | E18: Temporary | F18: UAE | G18: AUH1 | H18: FC | I18: 1299 | J18: Day Shift | K18: NA | L18: Monday | M18: Tuesday | N18: Warehouse Associate 24M | O18: CRET | P18: Direct | Q18: Adecco | R18: aanso | S18: Sohail,Anis | T18: PL | U18: Annual Leave | V18: 45456 | W18: Customer Returns | X18: =VLOOKUP(Table1[[#This Row],[AMZ ID]],[1]Roster_1787503287932!$D$2:$AU$1370,25,0) -> Not Present | Y18: =VLOOKUP(Table1[[#This Row],[AMZ ID]],[1]Roster_1787503287932!$D$2:$AM$1370,35,0) -> Carry Forwarded Annual Leave
A19: 13 | B19: 204403651 | C19: jalanssh | D19: ALAN SHIJU SHIJU | E19: Temporary | F19: UAE | G19: AUH1 | H19: FC | I19: 1299 | J19: Night Shift | K19: NA | L19: Wednesday | M19: Thursday | N19: Warehouse Associate 24M | O19: CRET | P19: Direct | Q19: Adecco | R19: aanso | S19: Sohail,Anis | T19: P | V19: 45596 | W19: Customer Returns | X19: =VLOOKUP(Table1[[#This Row],[AMZ ID]],[1]Roster_1787503287932!$D$2:$AU$1370,25,0) -> Present | Y19: =VLOOKUP(Table1[[#This Row],[AMZ ID]],[1]Roster_1787503287932!$D$2:$AM$1370,35,0) -> 0
A20: 14 | B20: 204299562 | C20: alectilo | D20: AlecTilowakuti | E20: Temporary | F20: UAE | G20: AUH1 | H20: FC | I20: 1299 | J20: Night Shift | K20: NA | L20: Monday | M20: Tuesday | N20: Warehouse Associate 24M | O20: CRET | P20: Direct | Q20: Quesscorp | R20: aanso | S20: Sohail,Anis | T20: P | V20: 45586 | W20: Customer Returns | X20: =VLOOKUP(Table1[[#This Row],[AMZ ID]],[1]Roster_1787503287932!$D$2:$AU$1370,25,0) -> Present | Y20: =VLOOKUP(Table1[[#This Row],[AMZ ID]],[1]Roster_1787503287932!$D$2:$AM$1370,35,0) -> 0
A21: 15 | B21: 206949071 | C21: alemuyom | D21: ALEX MUYOMBA | E21: Temporary | F21: UAE | G21: AUH1 | H21: FC | I21: 1299 | J21: Night Shift | K21: NA | L21: Thursday | M21: Friday | N21: Warehouse Associate 24M | O21: CRET | P21: Direct | Q21: Dulsco | R21: aanso | S21: Sohail,Anis | T21: P | V21: 46048 | W21: Customer Returns | X21: =VLOOKUP(Table1[[#This Row],[AMZ ID]],[1]Roster_1787503287932!$D$2:$AU$1370,25,0) -> Present | Y21: =VLOOKUP(Table1[[#This Row],[AMZ ID]],[1]Roster_1787503287932!$D$2:$AM$1370,35,0) -> 0
A22: 16 | B22: 203083928 | C22: galeowus | D22: Alex Owusu | E22: Temporary | F22: UAE | G22: AUH1 | H22: FC | I22: 1299 | J22: Day Shift | K22: NA | L22: Wednesday | M22: Thursday | N22: Warehouse Associate 12M | O22: CRET | P22: Direct | Q22: Fastlink | R22: aanso | S22: Sohail,Anis | T22: P | V22: 45488 | W22: Customer Returns | X22: =VLOOKUP(Table1[[#This Row],[AMZ ID]],[1]Roster_1787503287932!$D$2:$AU$1370,25,0) -> Present | Y22: =VLOOKUP(Table1[[#This Row],[AMZ ID]],[1]Roster_1787503287932!$D$2:$AM$1370,35,0) -> 0
A23: 17 | B23: 206926473 | C23: kwailaga | D23: ALI WAILAGALA | E23: Temporary | F23: UAE | G23: AUH1 | H23: FC | I23: 1299 | J23: Day Shift | K23: NA | L23: Tuesday | M23: Wednesday | N23: Warehouse Associate 8W | O23: CRET | P23: Direct | Q23: Dulsco | R23: aanso | S23: Sohail,Anis | T23: P | V23: 46048 | W23: Customer Returns | X23: =VLOOKUP(Table1[[#This Row],[AMZ ID]],[1]Roster_1787503287932!$D$2:$AU$1370,25,0) -> Present | Y23: =VLOOKUP(Table1[[#This Row],[AMZ ID]],[1]Roster_1787503287932!$D$2:$AM$1370,35,0) -> 0
A24: 18 | B24: 203469072 | C24: aliallaf | D24: Allafha Ali | E24: Temporary | F24: UAE | G24: AUH1 | H24: FC | I24: 1299 | J24: Night Shift | K24: NA | L24: Friday | M24: Saturday | N24: Warehouse Associate 12M | O24: CRET | P24: Direct | Q24: Fastlink | R24: aanso | S24: Sohail,Anis | T24: P | V24: 45456 | W24: Customer Returns | X24: =VLOOKUP(Table1[[#This Row],[AMZ ID]],[1]Roster_1787503287932!$D$2:$AU$1370,25,0) -> Present | Y24: =VLOOKUP(Table1[[#This Row],[AMZ ID]],[1]Roster_1787503287932!$D$2:$AM$1370,35,0) -> 0
A25: 19 | B25: 206875142 | C25: ddumalla | D25: ALLAN DDUMBA SSENTAMU | E25: Temporary | F25: UAE | G25: AUH1 | H25: FC | I25: 1299 | J25: Night Shift | K25: NA | L25: Sunday | M25: Monday | N25: Warehouse Associate 8W | O25: CRET | P25: Direct | Q25: Dulsco | R25: aanso | S25: Sohail,Anis | T25: OFF | V25: 46020 | W25: Customer Returns | X25: =VLOOKUP(Table1[[#This Row],[AMZ ID]],[1]Roster_1787503287932!$D$2:$AU$1370,25,0) -> Not Present | Y25: =VLOOKUP(Table1[[#This Row],[AMZ ID]],[1]Roster_1787503287932!$D$2:$AM$1370,35,0) -> 0
A26: 20 | B26: 206953811 | C26: allanmub | D26: ALLAN MUBANGIZI | E26: Temporary | F26: UAE | G26: AUH1 | H26: FC | I26: 1299 | J26: Night Shift | K26: NA | L26: Thursday | M26: Friday | N26: Warehouse Associate 24M | O26: CRET | P26: Direct | Q26: Dulsco | R26: bavameer | S26: Meera,Bava Bahrudeen | T26: P | V26: 46048 | W26: Customer Returns | X26: =VLOOKUP(Table1[[#This Row],[AMZ ID]],[1]Roster_1787503287932!$D$2:$AU$1370,25,0) -> Present | Y26: =VLOOKUP(Table1[[#This Row],[AMZ ID]],[1]Roster_1787503287932!$D$2:$AM$1370,35,0) -> 0
A27: 21 | B27: 206875146 | C27: alphaatk | D27: ALPHA ATHANASIO KINYAPALA | E27: Temporary | F27: UAE | G27: AUH1 | H27: FC | I27: 1299 | J27: Night Shift | K27: NA | L27: Saturday | M27: Sunday | N27: Warehouse Associate 8W | O27: CRET | P27: Direct | Q27: Dulsco | R27: aanso | S27: Sohail,Anis | T27: OFF | V27: 46020 | W27: Customer Returns | X27: =VLOOKUP(Table1[[#This Row],[AMZ ID]],[1]Roster_1787503287932!$D$2:$AU$1370,25,0) -> Not Present | Y27: =VLOOKUP(Table1[[#This Row],[AMZ ID]],[1]Roster_1787503287932!$D$2:$AM$1370,35,0) -> 0
A28: 22 | B28: 205496017 | C28: roambili | D28: AmbiliaRop | E28: Temporary | F28: UAE | G28: AUH1 | H28: FC | I28: 1299 | J28: Night Shift | K28: NA | L28: Tuesday | M28: Wednesday | N28: Warehouse Associate 8W | O28: CRET | P28: Direct | Q28: EFS | R28: aanso | S28: Sohail,Anis | T28: P | V28: 45831 | W28: Customer Returns | X28: =VLOOKUP(Table1[[#This Row],[AMZ ID]],[1]Roster_1787503287932!$D$2:$AU$1370,25,0) -> Present | Y28: =VLOOKUP(Table1[[#This Row],[AMZ ID]],[1]Roster_1787503287932!$D$2:$AM$1370,35,0) -> 0
A29: 23 | B29: 206294541 | C29: amkkamar | D29: AMIDU KAMARA | E29: Temporary | F29: UAE | G29: AUH1 | H29: FC | I29: 1299 | J29: Night Shift | K29: NA | L29: Thursday | M29: Friday | N29: Warehouse Associate 8W | O29: CRET | P29: Direct | Q29: EFS | R29: aanso | S29: Sohail,Anis | T29: P | V29: 45950 | W29: Customer Returns | X29: =VLOOKUP(Table1[[#This Row],[AMZ ID]],[1]Roster_1787503287932!$D$2:$AU$1370,25,0) -> Present | Y29: =VLOOKUP(Table1[[#This Row],[AMZ ID]],[1]Roster_1787503287932!$D$2:$AM$1370,35,0) -> 0
A30: 24 | B30: 203800382 | C30: abaaamon | D30: AMON ABAASA | E30: Temporary | F30: UAE | G30: AUH1 | H30: FC | I30: 1299 | J30: Day Shift | K30: NA | L30: Thursday | M30: Friday | N30: Warehouse Associate 8W | O30: CRET | P30: Direct | Q30: Dulsco | R30: aanso | S30: Sohail,Anis | T30: P | V30: 45516 | W30: Customer Returns | X30: =VLOOKUP(Table1[[#This Row],[AMZ ID]],[1]Roster_1787503287932!$D$2:$AU$1370,25,0) -> Present | Y30: =VLOOKUP(Table1[[#This Row],[AMZ ID]],[1]Roster_1787503287932!$D$2:$AM$1370,35,0) -> 0
... A47: 41 | B47: 203555403 | C47: chsampan | D47: ChristianaYamigmahSampana | E47: Temporary | F47: UAE | G47: AUH1 | H47: FC | I47: 1299 | J47: Day Shift | K47: NA | L47: Saturday | M47: Sunday | N47: Warehouse Associate 12M | O47: CRET | P47: Direct | Q47: Fastlink | R47: aanso | S47: Sohail,Anis | T47: OFF | V47: 45470 | W47: Customer Returns | X47: =VLOOKUP(Table1[[#This Row],[AMZ ID]],[1]Roster_1787503287932!$D$2:$AU$1370,25,0) -> Not Present | Y47: =VLOOKUP(Table1[[#This Row],[AMZ ID]],[1]Roster_1787503287932!$D$2:$AM$1370,35,0) -> 0
A48: 42 | B48: 203736754 | C48: myasaung | D48: Aung Kaung Myat | E48: Temporary | F48: UAE | G48: AUH1 | H48: FC | I48: 1299 | J48: Day Shift | K48: NA | L48: Tuesday | M48: Wednesday | N48: Warehouse Associate 24M | O48: Inbound | P48: Direct | Q48: Adecco | R48: pparsin | S48: Singh,Pardeep | T48: PL | U48: Annual Leave | V48: 45502 | W48: Inbound Stow | X48: =VLOOKUP(Table1[[#This Row],[AMZ ID]],[1]Roster_1787503287932!$D$2:$AU$1370,25,0) -> Not Present | Y48: =VLOOKUP(Table1[[#This Row],[AMZ ID]],[1]Roster_1787503287932!$D$2:$AM$1370,35,0) -> Carry Forwarded Annual Leave
A49: 43 | B49: 206072867 | C49: ngabirco | D49: CosmaNgabirano | E49: Temporary | F49: UAE | G49: AUH1 | H49: FC | I49: 1299 | J49: Day Shift | K49: NA | L49: Sunday | M49: Monday | N49: Warehouse Associate 8W | O49: CRET | P49: Direct | Q49: Fastlink | R49: aanso | S49: Sohail,Anis | T49: OFF | V49: 45922 | W49: Customer Returns | X49: =VLOOKUP(Table1[[#This Row],[AMZ ID]],[1]Roster_1787503287932!$D$2:$AU$1370,25,0) -> Not Present | Y49: =VLOOKUP(Table1[[#This Row],[AMZ ID]],[1]Roster_1787503287932!$D$2:$AM$1370,35,0) -> 0
A50: 44 | B50: 206953984 | C50: kamwadan | D50: DANIEL KAMWATHENDO | E50: Temporary | F50: UAE | G50: AUH1 | H50: FC | I50: 1299 | J50: Day Shift | K50: NA | L50: Friday | M50: Saturday | N50: Warehouse Associate 24M | O50: CRET | P50: Direct | Q50: Dulsco | R50: aanso | S50: Sohail,Anis | T50: P | V50: 46048 | W50: Customer Returns | X50: =VLOOKUP(Table1[[#This Row],[AMZ ID]],[1]Roster_1787503287932!$D$2:$AU$1370,25,0) -> Present | Y50: =VLOOKUP(Table1[[#This Row],[AMZ ID]],[1]Roster_1787503287932!$D$2:$AM$1370,35,0) -> 0
A51: 45 | B51: 203469449 | C51: daniboah | D51: DanielBoahen | E51: Temporary | F51: UAE | G51: AUH1 | H51: FC | I51: 1299 | J51: Day Shift | K51: NA | L51: Friday | M51: Saturday | N51: Warehouse Associate 24M | O51: CRET | P51: Direct | Q51: Adecco | R51: aanso | S51: Sohail,Anis | T51: P | V51: 45456 | W51: Customer Returns | X51: =VLOOKUP(Table1[[#This Row],[AMZ ID]],[1]Roster_1787503287932!$D$2:$AU$1370,25,0) -> Present | Y51: =VLOOKUP(Table1[[#This Row],[AMZ ID]],[1]Roster_1787503287932!$D$2:$AM$1370,35,0) -> 0
A52: 46 | B52: 204299548 | C52: tamahdan | D52: DanielKwekuTamah | E52: Temporary | F52: UAE | G52: AUH1 | H52: FC | I52: 1299 | J52: Day Shift | K52: NA | L52: Saturday | M52: Sunday | N52: Warehouse Associate 8W | O52: CRET | P52: Direct | Q52: Quesscorp | R52: aanso | S52: Sohail,Anis | T52: OFF | V52: 45586 | W52: Customer Returns | X52: =VLOOKUP(Table1[[#This Row],[AMZ ID]],[1]Roster_1787503287932!$D$2:$AU$1370,25,0) -> Not Present | Y52: =VLOOKUP(Table1[[#This Row],[AMZ ID]],[1]Roster_1787503287932!$D$2:$AM$1370,35,0) -> 0
A53: 47 | B53: 203469051 | C53: bowusuda | D53: DanielOwusu | E53: Temporary | F53: UAE | G53: AUH1 | H53: FC | I53: 1299 | J53: Day Shift | K53: NA | L53: Tuesday | M53: Wednesday | N53: Warehouse Associate 12M | O53: CRET | P53: Direct | Q53: Fastlink | R53: aanso | S53: Sohail,Anis | T53: P | V53: 45456 | W53: Customer Returns | X53: =VLOOKUP(Table1[[#This Row],[AMZ ID]],[1]Roster_1787503287932!$D$2:$AU$1370,25,0) -> Present | Y53: =VLOOKUP(Table1[[#This Row],[AMZ ID]],[1]Roster_1787503287932!$D$2:$AM$1370,35,0) -> 0
A54: 48 | B54: 204299544 | C54: daangmor | D54: DanielTeye-KwasiAngmortey | E54: Temporary | F54: UAE | G54: AUH1 | H54: FC | I54: 1299 | J54: Night Shift | K54: NA | L54: Wednesday | M54: Thursday | N54: Warehouse Associate 24M | O54: CRET | P54: Direct | Q54: Quesscorp | R54: aanso | S54: Sohail,Anis | T54: P | V54: 45586 | W54: Customer Returns | X54: =VLOOKUP(Table1[[#This Row],[AMZ ID]],[1]Roster_1787503287932!$D$2:$AU$1370,25,0) -> Present | Y54: =VLOOKUP(Table1[[#This Row],[AMZ ID]],[1]Roster_1787503287932!$D$2:$AM$1370,35,0) -> 0
A55: 49 | B55: 206949308 | C55: dxogwang | D55: DAVID OGWANG | E55: Temporary | F55: UAE | G55: AUH1 | H55: FC | I55: 1299 | J55: Day Shift | K55: NA | L55: Tuesday | M55: Wednesday | N55: Warehouse Associate 24M | O55: CRET | P55: Direct | Q55: Dulsco | R55: aanso | S55: Sohail,Anis | T55: P | V55: 46048 | W55: Customer Returns | X55: =VLOOKUP(Table1[[#This Row],[AMZ ID]],[1]Roster_1787503287932!$D$2:$AU$1370,25,0) -> Present | Y55: =VLOOKUP(Table1[[#This Row],[AMZ ID]],[1]Roster_1787503287932!$D$2:$AM$1370,35,0) -> 0
A56: 50 | B56: 206949309 | C56: devssebb | D56: DEVIS SSEBBUGGA | E56: Temporary | F56: UAE | G56: AUH1 | H56: FC | I56: 1299 | J56: Night Shift | K56: NA | L56: Tuesday | M56: Wednesday | N56: Warehouse Associate 24M | O56: CRET | P56: Direct | Q56: Dulsco | R56: aanso | S56: Sohail,Anis | T56: P | V56: 46048 | W56: Customer Returns | X56: =VLOOKUP(Table1[[#This Row],[AMZ ID]],[1]Roster_1787503287932!$D$2:$AU$1370,25,0) -> Present | Y56: =VLOOKUP(Table1[[#This Row],[AMZ ID]],[1]Roster_1787503287932!$D$2:$AM$1370,35,0) -> 0
A57: 51 | B57: 102207650 | C57: SUNDARAD | D57: DhakshinamoorthySundaramoorthy | E57: Regular | F57: UAE | G57: AUH1 | H57: FC | I57: 1299 | J57: Day Shift | K57: NA | L57: Wednesday | M57: Thursday | N57: FC Associate I | O57: CRET | P57: Direct | Q57: Blue Badge | R57: aanso | S57: Sohail,Anis | T57: P | V57: 42868 | W57: Customer Returns | X57: =VLOOKUP(Table1[[#This Row],[AMZ ID]],[1]Roster_1787503287932!$D$2:$AU$1370,25,0) -> Present | Y57: =VLOOKUP(Table1[[#This Row],[AMZ ID]],[1]Roster_1787503287932!$D$2:$AM$1370,35,0) -> 0
A58: 52 | B58: 204095444 | C58: larteydo | D58: DorcasLarteleyLartey | E58: Temporary | F58: UAE | G58: AUH1 | H58: FC | I58: 1299 | J58: Night Shift | K58: NA | L58: Thursday | M58: Friday | N58: Warehouse Associate 24M | O58: CRET | P58: Direct | Q58: Quesscorp | R58: aanso | S58: Sohail,Anis | T58: P | V58: 45561 | W58: Customer Returns | X58: =VLOOKUP(Table1[[#This Row],[AMZ ID]],[1]Roster_1787503287932!$D$2:$AU$1370,25,0) -> Present | Y58: =VLOOKUP(Table1[[#This Row],[AMZ ID]],[1]Roster_1787503287932!$D$2:$AM$1370,35,0) -> 0
A59: 53 | B59: 206348021 | C59: getaMale | D59: EdwardTaMale | E59: Temporary | F59: UAE | G59: AUH1 | H59: FC | I59: 1299 | J59: Night Shift | K59: NA | L59: Sunday | M59: Monday | N59: Warehouse Associate 8W | O59: CRET | P59: Direct | Q59: Fastlink | R59: aanso | S59: Sohail,Anis | T59: OFF | V59: 45957 | W59: Customer Returns | X59: =VLOOKUP(Table1[[#This Row],[AMZ ID]],[1]Roster_1787503287932!$D$2:$AU$1370,25,0) -> Not Present | Y59: =VLOOKUP(Table1[[#This Row],[AMZ ID]],[1]Roster_1787503287932!$D$2:$AM$1370,35,0) -> 0
A60: 54 | B60: 206957735 | C60: bfedwink | D60: Edwin Kiplimo Bomet | E60: Temporary | F60: UAE | G60: AUH1 | H60: FC | I60: 1299 | J60: Day Shift | K60: NA | L60: Monday | M60: Tuesday | N60: Warehouse Associate 8W | O60: CRET | P60: Direct | Q60: EFS | R60: aanso | S60: Sohail,Anis | T60: P | V60: 46048 | W60: Customer Returns | X60: =VLOOKUP(Table1[[#This Row],[AMZ ID]],[1]Roster_1787503287932!$D$2:$AU$1370,25,0) -> Present | Y60: =VLOOKUP(Table1[[#This Row],[AMZ ID]],[1]Roster_1787503287932!$D$2:$AM$1370,35,0) -> 0
A61: 55 | B61: 203469401 | C61: pmwauraj | D61: JohnNdung'UMwaura | E61: Temporary | F61: UAE | G61: AUH1 | H61: FC | I61: 1299 | J61: Day Shift | K61: NA | L61: Thursday | M61: Friday | N61: Warehouse Associate 24M | O61: CRET | P61: Direct | Q61: Adecco | R61: aanso | S61: Sohail,Anis | T61: PL | U61: Annual Leave | V61: 45456 | W61: Customer Returns | X61: =VLOOKUP(Table1[[#This Row],[AMZ ID]],[1]Roster_1787503287932!$D$2:$AU$1370,25,0) -> Not Present | Y61: =VLOOKUP(Table1[[#This Row],[AMZ ID]],[1]Roster_1787503287932!$D$2:$AM$1370,35,0) -> Carry Forwarded Annual Leave
A62: 56 | B62: 206957724 | C62: elizmunu | D62: Elizabeth Njeri Mungai | E62: Temporary | F62: UAE | G62: AUH1 | H62: FC | I62: 1299 | J62: Day Shift | K62: NA | L62: Tuesday | M62: Wednesday | N62: Warehouse Associate 8W | O62: CRET | P62: Direct | Q62: EFS | R62: aanso | S62: Sohail,Anis | T62: P | V62: 46048 | W62: Customer Returns | X62: =VLOOKUP(Table1[[#This Row],[AMZ ID]],[1]Roster_1787503287932!$D$2:$AU$1370,25,0) -> Present | Y62: =VLOOKUP(Table1[[#This Row],[AMZ ID]],[1]Roster_1787503287932!$D$2:$AM$1370,35,0) -> 0
A63: 57 | B63: 206954239 | C63: elviskyl | D63: ELVIS KYLE KAYEMBA | E63: Temporary | F63: UAE | G63: AUH1 | H63: FC | I63: 1299 | J63: Night Shift | K63: NA | L63: Thursday | M63: Friday | N63: Warehouse Associate 24M | O63: CRET | P63: Direct | Q63: Dulsco | R63: aanso | S63: Sohail,Anis | T63: P | V63: 46048 | W63: Customer Returns | X63: =VLOOKUP(Table1[[#This Row],[AMZ ID]],[1]Roster_1787503287932!$D$2:$AU$1370,25,0) -> Present | Y63: =VLOOKUP(Table1[[#This Row],[AMZ ID]],[1]Roster_1787503287932!$D$2:$AM$1370,35,0) -> 0
A64: 58 | B64: 206875150 | C64: emmanajo | D64: EMMANUEL JOSEPH KALEMBO | E64: Temporary | F64: UAE | G64: AUH1 | H64: FC | I64: 1299 | J64: Day Shift | K64: NA | L64: Sunday | M64: Monday | N64: Warehouse Associate 8W | O64: CRET | P64: Direct | Q64: Dulsco | R64: aanso | S64: Sohail,Anis | T64: OFF | V64: 46020 | W64: Customer Returns | X64: =VLOOKUP(Table1[[#This Row],[AMZ ID]],[1]Roster_1787503287932!$D$2:$AU$1370,25,0) -> Not Present | Y64: =VLOOKUP(Table1[[#This Row],[AMZ ID]],[1]Roster_1787503287932!$D$2:$AM$1370,35,0) -> 0
A65: 59 | B65: 203469452 | C65: emmbrobb | D65: EmmanuelBrobbey | E65: Temporary | F65: UAE | G65: AUH1 | H65: FC | I65: 1299 | J65: Night Shift | K65: NA | L65: Monday | M65: Tuesday | N65: Warehouse Associate 24M | O65: CRET | P65: Direct | Q65: Adecco | R65: aanso | S65: Sohail,Anis | T65: P | V65: 45456 | W65: Customer Returns | X65: =VLOOKUP(Table1[[#This Row],[AMZ ID]],[1]Roster_1787503287932!$D$2:$AU$1370,25,0) -> Present | Y65: =VLOOKUP(Table1[[#This Row],[AMZ ID]],[1]Roster_1787503287932!$D$2:$AM$1370,35,0) -> 0
A66: 60 | B66: 204299903 | C66: emmfofie | D66: EmmanuelFofie | E66: Temporary | F66: UAE | G66: AUH1 | H66: FC | I66: 1299 | J66: Night Shift | K66: NA | L66: Monday | M66: Tuesday | N66: Warehouse Associate 24M | O66: CRET | P66: Direct | Q66: Quesscorp | R66: aanso | S66: Sohail,Anis | T66: P | V66: 45586 | W66: Customer Returns | X66: =VLOOKUP(Table1[[#This Row],[AMZ ID]],[1]Roster_1787503287932!$D$2:$AU$1370,25,0) -> Present | Y66: =VLOOKUP(Table1[[#This Row],[AMZ ID]],[1]Roster_1787503287932!$D$2:$AM$1370,35,0) -> 0
A67: 61 | B67: 204299902 | C67: opoemman | D67: EmmanuelGyamfiOpoku | E67: Temporary | F67: UAE | G67: AUH1 | H67: FC | I67: 1299 | J67: Day Shift | K67: NA | L67: Wednesday | M67: Thursday | N67: Warehouse Associate 8W | O67: CRET | P67: Direct | Q67: Quesscorp | R67: aanso | S67: Sohail,Anis | T67: P | V67: 45586 | W67: Customer Returns | X67: =VLOOKUP(Table1[[#This Row],[AMZ ID]],[1]Roster_1787503287932!$D$2:$AU$1370,25,0) -> Present | Y67: =VLOOKUP(Table1[[#This Row],[AMZ ID]],[1]Roster_1787503287932!$D$2:$AM$1370,35,0) -> 0
A68: 62 | B68: 204319462 | C68: emmanhme | D68: EmmanuelMensah | E68: Temporary | F68: UAE | G68: AUH1 | H68: FC | I68: 1299 | J68: Night Shift | K68: NA | L68: Monday | M68: Tuesday | N68: Warehouse Associate 8W | O68: CRET | P68: Direct | Q68: Quesscorp | R68: aanso | S68: Sohail,Anis | T68: P | V68: 45589 | W68: Customer Returns | X68: =VLOOKUP(Table1[[#This Row],[AMZ ID]],[1]Roster_1787503287932!$D$2:$AU$1370,25,0) -> Present | Y68: =VLOOKUP(Table1[[#This Row],[AMZ ID]],[1]Roster_1787503287932!$D$2:$AM$1370,35,0) -> 0
A69: 63 | B69: 204299911 | C69: emekweni | D69: EmmanuelObaseEkweni | E69: Temporary | F69: UAE | G69: AUH1 | H69: FC | I69: 1299 | J69: Night Shift | K69: NA | L69: Friday | M69: Saturday | N69: Warehouse Associate 24M | O69: CRET | P69: Direct | Q69: Quesscorp | R69: aanso | S69: Sohail,Anis | T69: P | V69: 45586 | W69: Customer Returns | X69: =VLOOKUP(Table1[[#This Row],[AMZ ID]],[1]Roster_1787503287932!$D$2:$AU$1370,25,0) -> Present | Y69: =VLOOKUP(Table1[[#This Row],[AMZ ID]],[1]Roster_1787503287932!$D$2:$AM$1370,35,0) -> 0
A70: 64 | B70: 203679308 | C70: cenocasa | D70: EnockAsante | E70: Temporary | F70: UAE | G70: AUH1 | H70: FC | I70: 1299 | J70: Day Shift | K70: NA | L70: Thursday | M70: Friday | N70: Warehouse Associate 12M | O70: CRET | P70: Direct | Q70: Fastlink | R70: aanso | S70: Sohail,Anis | T70: P | V70: 45488 | W70: Customer Returns | X70: =VLOOKUP(Table1[[#This Row],[AMZ ID]],[1]Roster_1787503287932!$D$2:$AU$1370,25,0) -> Present | Y70: =VLOOKUP(Table1[[#This Row],[AMZ ID]],[1]Roster_1787503287932!$D$2:$AM$1370,35,0) -> 0
A71: 65 | B71: 206072869 | C71: erameng | D71: EricAmengor | E71: Temporary | F71: UAE | G71: AUH1 | H71: FC | I71: 1299 | J71: Day Shift | K71: NA | L71: Friday | M71: Saturday | N71: Warehouse Associate 8W | O71: CRET | P71: Direct | Q71: Fastlink | R71: aanso | S71: Sohail,Anis | T71: P | V71: 45922 | W71: Customer Returns | X71: =VLOOKUP(Table1[[#This Row],[AMZ ID]],[1]Roster_1787503287932!$D$2:$AU$1370,25,0) -> Present | Y71: =VLOOKUP(Table1[[#This Row],[AMZ ID]],[1]Roster_1787503287932!$D$2:$AM$1370,35,0) -> 0
A72: 66 | B72: 204299913 | C72: bericyaw | D72: EricYawBruku | E72: Temporary | F72: UAE | G72: AUH1 | H72: FC | I72: 1299 | J72: Night Shift | K72: NA | L72: Thursday | M72: Friday | N72: Warehouse Associate 24M | O72: CRET | P72: Direct | Q72: Quesscorp | R72: aanso | S72: Sohail,Anis | T72: P | V72: 45586 | W72: Customer Returns | X72: =VLOOKUP(Table1[[#This Row],[AMZ ID]],[1]Roster_1787503287932!$D$2:$AU$1370,25,0) -> Present | Y72: =VLOOKUP(Table1[[#This Row],[AMZ ID]],[1]Roster_1787503287932!$D$2:$AM$1370,35,0) -> 0
A73: 67 | B73: 203736774 | C73: nyanahte | D73: Nyan Lin Htet | E73: Temporary | F73: UAE | G73: AUH1 | H73: FC | I73: 1299 | J73: Day Shift | K73: NA | L73: Sunday | M73: Monday | N73: Warehouse Associate 24M | O73: Inbound | P73: Direct | Q73: Adecco | R73: vkkatyal | S73: Katyal,Varun | T73: OFF | V73: 45502 | W73: Inbound Stow | X73: =VLOOKUP(Table1[[#This Row],[AMZ ID]],[1]Roster_1787503287932!$D$2:$AU$1370,25,0) -> Not Present | Y73: =VLOOKUP(Table1[[#This Row],[AMZ ID]],[1]Roster_1787503287932!$D$2:$AM$1370,35,0) -> 0
... A91: 85 | B91: 206926477 | C91: ssentumg | D91: GODFREY SSENTUMBWE | E91: Temporary | F91: UAE | G91: AUH1 | H91: FC | I91: 1299 | J91: Day Shift | K91: NA | L91: Saturday | M91: Sunday | N91: Warehouse Associate 24M | O91: CRET | P91: Direct | Q91: Dulsco | R91: aanso | S91: Sohail,Anis | T91: OFF | V91: 46048 | W91: Customer Returns | X91: =VLOOKUP(Table1[[#This Row],[AMZ ID]],[1]Roster_1787503287932!$D$2:$AU$1370,25,0) -> Not Present | Y91: =VLOOKUP(Table1[[#This Row],[AMZ ID]],[1]Roster_1787503287932!$D$2:$AM$1370,35,0) -> 0
A92: 86 | B92: 203679317 | C92: goodeuge | D92: GoodluckEugenShiyo | E92: Temporary | F92: UAE | G92: AUH1 | H92: FC | I92: 1299 | J92: Day Shift | K92: NA | L92: Friday | M92: Saturday | N92: Warehouse Associate 12M | O92: CRET | P92: Direct | Q92: Fastlink | R92: aanso | S92: Sohail,Anis | T92: PL | U92: Annual Leave | V92: 45488 | W92: Customer Returns | X92: =VLOOKUP(Table1[[#This Row],[AMZ ID]],[1]Roster_1787503287932!$D$2:$AU$1370,25,0) -> Not Present | Y92: =VLOOKUP(Table1[[#This Row],[AMZ ID]],[1]Roster_1787503287932!$D$2:$AM$1370,35,0) -> Carry Forwarded Annual Leave
A93: 87 | B93: 203469060 | C93: manjegra | D93: GraceManjengwa | E93: Temporary | F93: UAE | G93: AUH1 | H93: FC | I93: 1299 | J93: Day Shift | K93: NA | L93: Tuesday | M93: Wednesday | N93: Warehouse Associate 12M | O93: CRET | P93: Direct | Q93: Fastlink | R93: aanso | S93: Sohail,Anis | T93: P | V93: 45456 | W93: Customer Returns | X93: =VLOOKUP(Table1[[#This Row],[AMZ ID]],[1]Roster_1787503287932!$D$2:$AU$1370,25,0) -> Present | Y93: =VLOOKUP(Table1[[#This Row],[AMZ ID]],[1]Roster_1787503287932!$D$2:$AM$1370,35,0) -> 0
A94: 88 | B94: 206875152 | C94: xfunhami | D94: HAMISI FUNDI MUSSA | E94: Temporary | F94: UAE | G94: AUH1 | H94: FC | I94: 1299 | J94: Night Shift | K94: NA | L94: Sunday | M94: Monday | N94: Warehouse Associate 8W | O94: CRET | P94: Direct | Q94: Dulsco | R94: aanso | S94: Sohail,Anis | T94: OFF | V94: 46020 | W94: Customer Returns | X94: =VLOOKUP(Table1[[#This Row],[AMZ ID]],[1]Roster_1787503287932!$D$2:$AU$1370,25,0) -> Not Present | Y94: =VLOOKUP(Table1[[#This Row],[AMZ ID]],[1]Roster_1787503287932!$D$2:$AM$1370,35,0) -> 0
A95: 89 | B95: 203709743 | C95: nardsa | D95: Saw lwe Nar | E95: Temporary | F95: UAE | G95: AUH1 | H95: FC | I95: 1299 | J95: Day Shift | K95: NA | L95: Sunday | M95: Monday | N95: Warehouse Associate 24M | O95: Inbound | P95: Direct | Q95: Adecco | R95: vkkatyal | S95: Katyal,Varun | T95: OFF | V95: 45495 | W95: Inbound Stow | X95: =VLOOKUP(Table1[[#This Row],[AMZ ID]],[1]Roster_1787503287932!$D$2:$AU$1370,25,0) -> Not Present | Y95: =VLOOKUP(Table1[[#This Row],[AMZ ID]],[1]Roster_1787503287932!$D$2:$AM$1370,35,0) -> 0
A96: 90 | B96: 206296194 | C96: bwalhell | D96: HELLEN tanasho BWALYA | E96: Temporary | F96: UAE | G96: AUH1 | H96: FC | I96: 1299 | J96: Day Shift | K96: NA | L96: Tuesday | M96: Wednesday | N96: Warehouse Associate 8W | O96: CRET | P96: Direct | Q96: EFS | R96: aanso | S96: Sohail,Anis | T96: P | V96: 45950 | W96: Customer Returns | X96: =VLOOKUP(Table1[[#This Row],[AMZ ID]],[1]Roster_1787503287932!$D$2:$AU$1370,25,0) -> Present | Y96: =VLOOKUP(Table1[[#This Row],[AMZ ID]],[1]Roster_1787503287932!$D$2:$AM$1370,35,0) -> 0
A97: 91 | B97: 206937730 | C97: hethesak | D97: HETHERWICK SAKA NJATI | E97: Temporary | F97: UAE | G97: AUH1 | H97: FC | I97: 1299 | J97: Day Shift | K97: NA | L97: Tuesday | M97: Wednesday | N97: Warehouse Associate 24M | O97: CRET | P97: Direct | Q97: Dulsco | R97: aanso | S97: Sohail,Anis | T97: P | V97: 46048 | W97: Customer Returns | X97: =VLOOKUP(Table1[[#This Row],[AMZ ID]],[1]Roster_1787503287932!$D$2:$AU$1370,25,0) -> Present | Y97: =VLOOKUP(Table1[[#This Row],[AMZ ID]],[1]Roster_1787503287932!$D$2:$AM$1370,35,0) -> 0
A98: 92 | B98: 206192253 | C98: kipngehi | D98: Hillary kipropkipngetich | E98: Temporary | F98: UAE | G98: AUH1 | H98: FC | I98: 1299 | J98: Night Shift | K98: NA | L98: Tuesday | M98: Wednesday | N98: Warehouse Associate 12M | O98: CRET | P98: Direct | Q98: EFS | R98: aanso | S98: Sohail,Anis | T98: P | V98: 45936 | W98: Customer Returns | X98: =VLOOKUP(Table1[[#This Row],[AMZ ID]],[1]Roster_1787503287932!$D$2:$AU$1370,25,0) -> Present | Y98: =VLOOKUP(Table1[[#This Row],[AMZ ID]],[1]Roster_1787503287932!$D$2:$AM$1370,35,0) -> 0
A99: 93 | B99: 204373675 | C99: hishkutt | D99: HishamhashimHashimonEssaKutty | E99: Temporary | F99: UAE | G99: AUH1 | H99: FC | I99: 1299 | J99: Day Shift | K99: NA | L99: Friday | M99: Saturday | N99: Warehouse Associate 24M | O99: CRET | P99: Direct | Q99: Adecco | R99: aanso | S99: Sohail,Anis | T99: P | V99: 45593 | W99: Customer Returns | X99: =VLOOKUP(Table1[[#This Row],[AMZ ID]],[1]Roster_1787503287932!$D$2:$AU$1370,25,0) -> Present | Y99: =VLOOKUP(Table1[[#This Row],[AMZ ID]],[1]Roster_1787503287932!$D$2:$AM$1370,35,0) -> 0
A100: 94 | B100: 204319464 | C100: conteiby | D100: IbrahimAConteh | E100: Temporary | F100: UAE | G100: AUH1 | H100: FC | I100: 1299 | J100: Day Shift | K100: NA | L100: Tuesday | M100: Wednesday | N100: Warehouse Associate 8W | O100: CRET | P100: Direct | Q100: Quesscorp | R100: aanso | S100: Sohail,Anis | T100: P | V100: 45589 | W100: Customer Returns | X100: =VLOOKUP(Table1[[#This Row],[AMZ ID]],[1]Roster_1787503287932!$D$2:$AU$1370,25,0) -> Present | Y100: =VLOOKUP(Table1[[#This Row],[AMZ ID]],[1]Roster_1787503287932!$D$2:$AM$1370,35,0) -> 0
A101: 95 | B101: 206015673 | C101: ikomhari | D101: Ikome Mbah,Harikia | E101: Temporary | F101: UAE | G101: AUH1 | H101: FC | I101: 1299 | J101: Day Shift | K101: NA | L101: Saturday | M101: Sunday | N101: Warehouse Associate 8W | O101: CRET | P101: Direct | Q101: Fastlink | R101: aanso | S101: Sohail,Anis | T101: OFF | V101: 45915 | W101: Customer Returns | X101: =VLOOKUP(Table1[[#This Row],[AMZ ID]],[1]Roster_1787503287932!$D$2:$AU$1370,25,0) -> Not Present | Y101: =VLOOKUP(Table1[[#This Row],[AMZ ID]],[1]Roster_1787503287932!$D$2:$AM$1370,35,0) -> 0
A102: 96 | B102: 206006079 | C102: agyarjac | D102: JACOBELAGYARE | E102: Temporary | F102: UAE | G102: AUH1 | H102: FC | I102: 1299 | J102: Night Shift | K102: NA | L102: Monday | M102: Tuesday | N102: Warehouse Associate 8W | O102: CRET | P102: Direct | Q102: Fastlink | R102: aanso | S102: Sohail,Anis | T102: P | V102: 45915 | W102: Customer Returns | X102: =VLOOKUP(Table1[[#This Row],[AMZ ID]],[1]Roster_1787503287932!$D$2:$AU$1370,25,0) -> Present | Y102: =VLOOKUP(Table1[[#This Row],[AMZ ID]],[1]Roster_1787503287932!$D$2:$AM$1370,35,0) -> 0
A103: 97 | B103: 204373628 | C103: jafarsab | D103: JafarAbdallah | E103: Temporary | F103: UAE | G103: AUH1 | H103: FC | I103: 1299 | J103: Day Shift | K103: NA | L103: Sunday | M103: Monday | N103: Warehouse Associate 24M | O103: CRET | P103: Direct | Q103: Quesscorp | R103: aanso | S103: Sohail,Anis | T103: OFF | V103: 45593 | W103: Customer Returns | X103: =VLOOKUP(Table1[[#This Row],[AMZ ID]],[1]Roster_1787503287932!$D$2:$AU$1370,25,0) -> Not Present | Y103: =VLOOKUP(Table1[[#This Row],[AMZ ID]],[1]Roster_1787503287932!$D$2:$AM$1370,35,0) -> 0
A104: 98 | B104: 206957730 | C104: ochijame | D104: James Ochieng | E104: Temporary | F104: UAE | G104: AUH1 | H104: FC | I104: 1299 | J104: Day Shift | K104: NA | L104: Friday | M104: Saturday | N104: Warehouse Associate 8W | O104: CRET | P104: Direct | Q104: EFS | R104: aanso | S104: Sohail,Anis | T104: P | V104: 46048 | W104: Customer Returns | X104: =VLOOKUP(Table1[[#This Row],[AMZ ID]],[1]Roster_1787503287932!$D$2:$AU$1370,25,0) -> Present | Y104: =VLOOKUP(Table1[[#This Row],[AMZ ID]],[1]Roster_1787503287932!$D$2:$AM$1370,35,0) -> 0
A105: 99 | B105: 201456034 | C105: sessijam | D105: JamilatuSessie | E105: Temporary | F105: UAE | G105: AUH1 | H105: FC | I105: 1299 | J105: Day Shift | K105: NA | L105: Friday | M105: Saturday | N105: Warehouse Associate 12M | O105: CRET | P105: Direct | Q105: Fastlink | R105: aanso | S105: Sohail,Anis | T105: PL | U105: Annual Leave | V105: 45603 | W105: Customer Returns | X105: =VLOOKUP(Table1[[#This Row],[AMZ ID]],[1]Roster_1787503287932!$D$2:$AU$1370,25,0) -> Not Present | Y105: =VLOOKUP(Table1[[#This Row],[AMZ ID]],[1]Roster_1787503287932!$D$2:$AM$1370,35,0) -> Annual Leave
A106: 100 | B106: 206953803 | C106: maijanew | D106: Jane Wangari Maina | E106: Temporary | F106: UAE | G106: AUH1 | H106: FC | I106: 1299 | J106: Day Shift | K106: NA | L106: Thursday | M106: Friday | N106: Warehouse Associate 12M | O106: CRET | P106: Direct | Q106: EFS | R106: aanso | S106: Sohail,Anis | T106: P | V106: 46048 | W106: Customer Returns | X106: =VLOOKUP(Table1[[#This Row],[AMZ ID]],[1]Roster_1787503287932!$D$2:$AU$1370,25,0) -> Present | Y106: =VLOOKUP(Table1[[#This Row],[AMZ ID]],[1]Roster_1787503287932!$D$2:$AM$1370,35,0) -> 0
A107: 101 | B107: 206192268 | C107: janewanm | D107: Janewanguiwambui | E107: Temporary | F107: UAE | G107: AUH1 | H107: FC | I107: 1299 | J107: Day Shift | K107: NA | L107: Friday | M107: Saturday | N107: Warehouse Associate 12M | O107: CRET | P107: Direct | Q107: EFS | R107: aanso | S107: Sohail,Anis | T107: P | V107: 45936 | W107: Customer Returns | X107: =VLOOKUP(Table1[[#This Row],[AMZ ID]],[1]Roster_1787503287932!$D$2:$AU$1370,25,0) -> Present | Y107: =VLOOKUP(Table1[[#This Row],[AMZ ID]],[1]Roster_1787503287932!$D$2:$AM$1370,35,0) -> 0
A108: 102 | B108: 203469395 | C108: mwiiroja | D108: JaneWanjikuMwiiro | E108: Temporary | F108: UAE | G108: AUH1 | H108: FC | I108: 1299 | J108: Day Shift | K108: NA | L108: Sunday | M108: Monday | N108: Warehouse Associate 24M | O108: CRET | P108: Direct | Q108: Adecco | R108: aanso | S108: Sohail,Anis | T108: OFF | V108: 45456 | W108: Customer Returns | X108: =VLOOKUP(Table1[[#This Row],[AMZ ID]],[1]Roster_1787503287932!$D$2:$AU$1370,25,0) -> Not Present | Y108: =VLOOKUP(Table1[[#This Row],[AMZ ID]],[1]Roster_1787503287932!$D$2:$AM$1370,35,0) -> 0
A109: 103 | B109: 102582334 | C109: JAYPEEL | D109: JaypeeLopez | E109: Regular | F109: UAE | G109: AUH1 | H109: FC | I109: 1299 | J109: Day Shift | K109: NA | L109: Friday | M109: Saturday | N109: FC Associate I | O109: CRET | P109: Direct | Q109: Blue Badge | R109: bavameer | S109: Meera,Bava Bahrudeen | T109: SL | V109: 42960 | W109: Customer Returns | X109: =VLOOKUP(Table1[[#This Row],[AMZ ID]],[1]Roster_1787503287932!$D$2:$AU$1370,25,0) -> Not Present | Y109: =VLOOKUP(Table1[[#This Row],[AMZ ID]],[1]Roster_1787503287932!$D$2:$AM$1370,35,0) -> 0
A110: 104 | B110: 203687851 | C110: nbalakji | D110: JISHNUKIDANGAYATHBALAKRISHNAN | E110: Temporary | F110: UAE | G110: AUH1 | H110: FC | I110: 1299 | J110: Night Shift | K110: NA | L110: Saturday | M110: Sunday | N110: Warehouse Associate 24M | O110: CRET | P110: Direct | Q110: Adecco | R110: aanso | S110: Sohail,Anis | T110: OFF | V110: 45488 | W110: Customer Returns | X110: =VLOOKUP(Table1[[#This Row],[AMZ ID]],[1]Roster_1787503287932!$D$2:$AU$1370,25,0) -> Not Present | Y110: =VLOOKUP(Table1[[#This Row],[AMZ ID]],[1]Roster_1787503287932!$D$2:$AM$1370,35,0) -> 0
A111: 105 | B111: 206953570 | C111: chepjoan | D111: Joan Chepngetich | E111: Temporary | F111: UAE | G111: AUH1 | H111: FC | I111: 1299 | J111: Day Shift | K111: NA | L111: Thursday | M111: Friday | N111: Warehouse Associate 12M | O111: CRET | P111: Direct | Q111: EFS | R111: aanso | S111: Sohail,Anis | T111: P | V111: 46048 | W111: Customer Returns | X111: =VLOOKUP(Table1[[#This Row],[AMZ ID]],[1]Roster_1787503287932!$D$2:$AU$1370,25,0) -> Present | Y111: =VLOOKUP(Table1[[#This Row],[AMZ ID]],[1]Roster_1787503287932!$D$2:$AM$1370,35,0) -> 0
A112: 106 | B112: 203469053 | C112: joaagyek | D112: JoanaAliceAgyekum | E112: Temporary | F112: UAE | G112: AUH1 | H112: FC | I112: 1299 | J112: Night Shift | K112: NA | L112: Wednesday | M112: Thursday | N112: Warehouse Associate 12M | O112: CRET | P112: Direct | Q112: Fastlink | R112: aanso | S112: Sohail,Anis | T112: P | V112: 45456 | W112: Customer Returns | X112: =VLOOKUP(Table1[[#This Row],[AMZ ID]],[1]Roster_1787503287932!$D$2:$AU$1370,25,0) -> Present | Y112: =VLOOKUP(Table1[[#This Row],[AMZ ID]],[1]Roster_1787503287932!$D$2:$AM$1370,35,0) -> 0
A113: 107 | B113: 206949312 | C113: odekjohn | D113: JOHN ODEKE | E113: Temporary | F113: UAE | G113: AUH1 | H113: FC | I113: 1299 | J113: Day Shift | K113: NA | L113: Thursday | M113: Friday | N113: Warehouse Associate 24M | O113: CRET | P113: Direct | Q113: Dulsco | R113: aanso | S113: Sohail,Anis | T113: P | V113: 46048 | W113: Customer Returns | X113: =VLOOKUP(Table1[[#This Row],[AMZ ID]],[1]Roster_1787503287932!$D$2:$AU$1370,25,0) -> Present | Y113: =VLOOKUP(Table1[[#This Row],[AMZ ID]],[1]Roster_1787503287932!$D$2:$AM$1370,35,0) -> 0
A114: 108 | B114: 203940975 | C114: hkhwabdu | D114: Abdul Hanan Khwaja | E114: Temporary | F114: UAE | G114: AUH1 | H114: FC | I114: 1299 | J114: Day Shift | K114: NA | L114: Saturday | M114: Sunday | N114: Adecco - WFS Admin | O114: HR | P114: Support | Q114: Adecco | R114: neeruamz | S114: Sachdeva,Neeraj | T114: OFF | V114: 45540 | W114: Admin/HR/IT | X114: =VLOOKUP(Table1[[#This Row],[AMZ ID]],[1]Roster_1787503287932!$D$2:$AU$1370,25,0) -> Not Present | Y114: =VLOOKUP(Table1[[#This Row],[AMZ ID]],[1]Roster_1787503287932!$D$2:$AM$1370,35,0) -> 0
A115: 109 | B115: 206192274 | C115: johnngek | D115: Johnngerekiarie | E115: Temporary | F115: UAE | G115: AUH1 | H115: FC | I115: 1299 | J115: Night Shift | K115: NA | L115: Wednesday | M115: Thursday | N115: Warehouse Associate 8W | O115: CRET | P115: Direct | Q115: EFS | R115: aanso | S115: Sohail,Anis | T115: P | V115: 45936 | W115: Customer Returns | X115: =VLOOKUP(Table1[[#This Row],[AMZ ID]],[1]Roster_1787503287932!$D$2:$AU$1370,25,0) -> Present | Y115: =VLOOKUP(Table1[[#This Row],[AMZ ID]],[1]Roster_1787503287932!$D$2:$AM$1370,35,0) -> 0
A116: 110 | B116: 203469078 | C116: karugaba | D116: JohnpaulJeckinzKarugaba | E116: Temporary | F116: UAE | G116: AUH1 | H116: FC | I116: 1299 | J116: Day Shift | K116: NA | L116: Wednesday | M116: Thursday | N116: Warehouse Associate 12M | O116: CRET | P116: Direct | Q116: Fastlink | R116: aanso | S116: Sohail,Anis | T116: P | V116: 45456 | W116: Customer Returns | X116: =VLOOKUP(Table1[[#This Row],[AMZ ID]],[1]Roster_1787503287932!$D$2:$AU$1370,25,0) -> Present | Y116: =VLOOKUP(Table1[[#This Row],[AMZ ID]],[1]Roster_1787503287932!$D$2:$AM$1370,35,0) -> 0
A117: 111 | B117: 206953972 | C117: ukijonat | D117: JONATHAN MWESIGWA KIBUYE | E117: Temporary | F117: UAE | G117: AUH1 | H117: FC | I117: 1299 | J117: Day Shift | K117: NA | L117: Thursday | M117: Friday | N117: Warehouse Associate 8W | O117: CRET | P117: Direct | Q117: Dulsco | R117: aanso | S117: Sohail,Anis | T117: P | V117: 46048 | W117: Customer Returns | X117: =VLOOKUP(Table1[[#This Row],[AMZ ID]],[1]Roster_1787503287932!$D$2:$AU$1370,25,0) -> Present | Y117: =VLOOKUP(Table1[[#This Row],[AMZ ID]],[1]Roster_1787503287932!$D$2:$AM$1370,35,0) -> 0
... A185: 179 | B185: 203679326 | C185: ruteshun | D185: RuthJacklineEshun | E185: Temporary | F185: UAE | G185: AUH1 | H185: FC | I185: 1299 | J185: Day Shift | K185: NA | L185: Saturday | M185: Sunday | N185: Warehouse Associate 12M | O185: CRET | P185: Direct | Q185: Fastlink | R185: bavameer | S185: Meera,Bava Bahrudeen | T185: OFF | V185: 45488 | W185: Customer Returns | X185: =VLOOKUP(Table1[[#This Row],[AMZ ID]],[1]Roster_1787503287932!$D$2:$AU$1370,25,0) -> Not Present | Y185: =VLOOKUP(Table1[[#This Row],[AMZ ID]],[1]Roster_1787503287932!$D$2:$AM$1370,35,0) -> 0
A186: 180 | B186: 107117478 | C186: lmohsyed | D186: Ajeem,Syed | E186: Regular | F186: UAE | G186: AUH1 | H186: FC | I186: 1299 | J186: Day Shift | K186: NA | L186: Thursday | M186: Friday | N186: FC Associate III | O186: CRET | P186: Direct | Q186: Blue Badge | R186: aanso | S186: Sohail,Anis | T186: PL | U186: Annual Leave | V186: 44797 | W186: Customer Returns | X186: =VLOOKUP(Table1[[#This Row],[AMZ ID]],[1]Roster_1787503287932!$D$2:$AU$1370,25,0) -> Not Present | Y186: =VLOOKUP(Table1[[#This Row],[AMZ ID]],[1]Roster_1787503287932!$D$2:$AM$1370,35,0) -> 0
A187: 181 | B187: 206008708 | C187: vsadimoh | D187: SADIQMOHAMMED | E187: Temporary | F187: UAE | G187: AUH1 | H187: FC | I187: 1299 | J187: Day Shift | K187: NA | L187: Saturday | M187: Sunday | N187: Warehouse Associate 8W | O187: CRET | P187: Direct | Q187: Fastlink | R187: bavameer | S187: Meera,Bava Bahrudeen | T187: OFF | V187: 45915 | W187: Customer Returns | X187: =VLOOKUP(Table1[[#This Row],[AMZ ID]],[1]Roster_1787503287932!$D$2:$AU$1370,25,0) -> Not Present | Y187: =VLOOKUP(Table1[[#This Row],[AMZ ID]],[1]Roster_1787503287932!$D$2:$AM$1370,35,0) -> 0
A188: 182 | B188: 206873881 | C188: mugwanas | D188: SALIMU MUGWANA | E188: Temporary | F188: UAE | G188: AUH1 | H188: FC | I188: 1299 | J188: Day Shift | K188: NA | L188: Saturday | M188: Sunday | N188: Warehouse Associate 8W | O188: CRET | P188: Direct | Q188: Dulsco | R188: bavameer | S188: Meera,Bava Bahrudeen | T188: OFF | V188: 46020 | W188: Customer Returns | X188: =VLOOKUP(Table1[[#This Row],[AMZ ID]],[1]Roster_1787503287932!$D$2:$AU$1370,25,0) -> Not Present | Y188: =VLOOKUP(Table1[[#This Row],[AMZ ID]],[1]Roster_1787503287932!$D$2:$AM$1370,35,0) -> 0
A189: 183 | B189: 206175107 | C189: mwansamw | D189: SamwelMwangiKamau | E189: Temporary | F189: UAE | G189: AUH1 | H189: FC | I189: 1299 | J189: Day Shift | K189: NA | L189: Saturday | M189: Sunday | N189: Warehouse Associate 8W | O189: CRET | P189: Direct | Q189: Fastlink | R189: bavameer | S189: Meera,Bava Bahrudeen | T189: OFF | V189: 45932 | W189: Customer Returns | X189: =VLOOKUP(Table1[[#This Row],[AMZ ID]],[1]Roster_1787503287932!$D$2:$AU$1370,25,0) -> Not Present | Y189: =VLOOKUP(Table1[[#This Row],[AMZ ID]],[1]Roster_1787503287932!$D$2:$AM$1370,35,0) -> 0
A190: 184 | B190: 203469455 | C190: sandrtka | D190: SandrtaNalubegaKasozi | E190: Temporary | F190: UAE | G190: AUH1 | H190: FC | I190: 1299 | J190: Night Shift | K190: NA | L190: Wednesday | M190: Thursday | N190: Warehouse Associate 24M | O190: CRET | P190: Direct | Q190: Adecco | R190: bavameer | S190: Meera,Bava Bahrudeen | T190: PL | V190: 45456 | W190: Customer Returns | X190: =VLOOKUP(Table1[[#This Row],[AMZ ID]],[1]Roster_1787503287932!$D$2:$AU$1370,25,0) -> Not Present | Y190: =VLOOKUP(Table1[[#This Row],[AMZ ID]],[1]Roster_1787503287932!$D$2:$AM$1370,35,0) -> Carry Forwarded Annual Leave
A191: 185 | B191: 203813088 | C191: thosanjq | D191: SANJUTHOMAS | E191: Temporary | F191: UAE | G191: AUH1 | H191: FC | I191: 1299 | J191: Night Shift | K191: NA | L191: Monday | M191: Tuesday | N191: Warehouse Associate 24M | O191: CRET | P191: Direct | Q191: Adecco | R191: bavameer | S191: Meera,Bava Bahrudeen | T191: P | V191: 45517 | W191: Customer Returns | X191: =VLOOKUP(Table1[[#This Row],[AMZ ID]],[1]Roster_1787503287932!$D$2:$AU$1370,25,0) -> Present | Y191: =VLOOKUP(Table1[[#This Row],[AMZ ID]],[1]Roster_1787503287932!$D$2:$AM$1370,35,0) -> 0
A192: 186 | B192: 204072320 | C192: mosaselv | D192: SELVAK.M.MOSAS | E192: Temporary | F192: UAE | G192: AUH1 | H192: FC | I192: 1299 | J192: Night Shift | K192: NA | L192: Wednesday | M192: Thursday | N192: Warehouse Associate 8W | O192: CRET | P192: Direct | Q192: Dulsco | R192: bavameer | S192: Meera,Bava Bahrudeen | T192: P | V192: 45684 | W192: Customer Returns | X192: =VLOOKUP(Table1[[#This Row],[AMZ ID]],[1]Roster_1787503287932!$D$2:$AU$1370,25,0) -> Present | Y192: =VLOOKUP(Table1[[#This Row],[AMZ ID]],[1]Roster_1787503287932!$D$2:$AM$1370,35,0) -> 0
A193: 187 | B193: 204299908 | C193: senncube | D193: SenzoNcube | E193: Temporary | F193: UAE | G193: AUH1 | H193: FC | I193: 1299 | J193: Night Shift | K193: NA | L193: Saturday | M193: Sunday | N193: Warehouse Associate 24M | O193: CRET | P193: Direct | Q193: Quesscorp | R193: bavameer | S193: Meera,Bava Bahrudeen | T193: OFF | V193: 45589 | W193: Customer Returns | X193: =VLOOKUP(Table1[[#This Row],[AMZ ID]],[1]Roster_1787503287932!$D$2:$AU$1370,25,0) -> Not Present | Y193: =VLOOKUP(Table1[[#This Row],[AMZ ID]],[1]Roster_1787503287932!$D$2:$AM$1370,35,0) -> 0
A194: 188 | B194: 205647585 | C194: sentshaf | D194: ShafikSentongo | E194: Temporary | F194: UAE | G194: AUH1 | H194: FC | I194: 1299 | J194: Day Shift | K194: NA | L194: Friday | M194: Saturday | N194: Warehouse Associate 8W | O194: CRET | P194: Direct | Q194: EFS | R194: bavameer | S194: Meera,Bava Bahrudeen | T194: P | V194: 45852 | W194: Customer Returns | X194: =VLOOKUP(Table1[[#This Row],[AMZ ID]],[1]Roster_1787503287932!$D$2:$AU$1370,25,0) -> Present | Y194: =VLOOKUP(Table1[[#This Row],[AMZ ID]],[1]Roster_1787503287932!$D$2:$AM$1370,35,0) -> 0
A195: 189 | B195: 205647825 | C195: psharonc | D195: SharonCheronoPsaima | E195: Temporary | F195: UAE | G195: AUH1 | H195: FC | I195: 1299 | J195: Day Shift | K195: NA | L195: Thursday | M195: Friday | N195: Warehouse Associate 8W | O195: CRET | P195: Direct | Q195: EFS | R195: bavameer | S195: Meera,Bava Bahrudeen | T195: P | V195: 45852 | W195: Customer Returns | X195: =VLOOKUP(Table1[[#This Row],[AMZ ID]],[1]Roster_1787503287932!$D$2:$AU$1370,25,0) -> Present | Y195: =VLOOKUP(Table1[[#This Row],[AMZ ID]],[1]Roster_1787503287932!$D$2:$AM$1370,35,0) -> 0
A196: 190 | B196: 206297429 | C196: jfsheila | D196: SheilahKuttohJeptoo | E196: Temporary | F196: UAE | G196: AUH1 | H196: FC | I196: 1299 | J196: Night Shift | K196: NA | L196: Saturday | M196: Sunday | N196: Warehouse Associate 12M | O196: CRET | P196: Direct | Q196: EFS | R196: bavameer | S196: Meera,Bava Bahrudeen | T196: OFF | V196: 45950 | W196: Customer Returns | X196: =VLOOKUP(Table1[[#This Row],[AMZ ID]],[1]Roster_1787503287932!$D$2:$AU$1370,25,0) -> Not Present | Y196: =VLOOKUP(Table1[[#This Row],[AMZ ID]],[1]Roster_1787503287932!$D$2:$AM$1370,35,0) -> 0
A197: 191 | B197: 203469406 | C197: ncusilet | D197: SilethembaNcube | E197: Temporary | F197: UAE | G197: AUH1 | H197: FC | I197: 1299 | J197: Day Shift | K197: NA | L197: Wednesday | M197: Thursday | N197: Warehouse Associate 24M | O197: CRET | P197: Direct | Q197: Adecco | R197: bavameer | S197: Meera,Bava Bahrudeen | T197: P | V197: 45456 | W197: Customer Returns | X197: =VLOOKUP(Table1[[#This Row],[AMZ ID]],[1]Roster_1787503287932!$D$2:$AU$1370,25,0) -> Present | Y197: =VLOOKUP(Table1[[#This Row],[AMZ ID]],[1]Roster_1787503287932!$D$2:$AM$1370,35,0) -> 0
A198: 192 | B198: 203555408 | C198: ngwesola | D198: SolangeSombongNgwemukum | E198: Temporary | F198: UAE | G198: AUH1 | H198: FC | I198: 1299 | J198: Night Shift | K198: NA | L198: Saturday | M198: Sunday | N198: Warehouse Associate 12M | O198: CRET | P198: Direct | Q198: Fastlink | R198: bavameer | S198: Meera,Bava Bahrudeen | T198: OFF | V198: 45470 | W198: Customer Returns | X198: =VLOOKUP(Table1[[#This Row],[AMZ ID]],[1]Roster_1787503287932!$D$2:$AU$1370,25,0) -> Not Present | Y198: =VLOOKUP(Table1[[#This Row],[AMZ ID]],[1]Roster_1787503287932!$D$2:$AM$1370,35,0) -> 0
... A323: 317 | B323: 205845560 | C323: xainorog | D323: ROGERS AINOMUGISHA | E323: Temporary | F323: UAE | G323: AUH1 | H323: FC | I323: 1299 | J323: Day Shift | K323: NA | L323: Saturday | M323: Sunday | N323: Warehouse Associate 24M | O323: Outbound | P323: Direct | Q323: Dulsco | R323: ansammar | S323: Ansari,Ammar Abdullah | T323: OFF | V323: 45894 | W323: Picking | X323: =VLOOKUP(Table1[[#This Row],[AMZ ID]],[1]Roster_1787503287932!$D$2:$AU$1370,25,0) -> Not Present | Y323: =VLOOKUP(Table1[[#This Row],[AMZ ID]],[1]Roster_1787503287932!$D$2:$AM$1370,35,0) -> Carry Forwarded Annual Leave
A324: 318 | B324: 205236908 | C324: adnjames | D324: JAMES ADADE | E324: Temporary | F324: UAE | G324: AUH1 | H324: FC | I324: 1299 | J324: Day Shift | K324: NA | L324: Wednesday | M324: Thursday | N324: Warehouse Associate 24M | O324: Inbound | P324: Direct | Q324: Dulsco | R324: nnahla | S324: Nahla,Fathimathul | T324: PL | U324: Annual Leave | V324: 45831 | W324: Receive Dock | X324: =VLOOKUP(Table1[[#This Row],[AMZ ID]],[1]Roster_1787503287932!$D$2:$AU$1370,25,0) -> Not Present | Y324: =VLOOKUP(Table1[[#This Row],[AMZ ID]],[1]Roster_1787503287932!$D$2:$AM$1370,35,0) -> Carry Forwarded Annual Leave
A325: 319 | B325: 205608621 | C325: abkwaben | D325: KWABENA ABOBIRE | E325: Temporary | F325: UAE | G325: AUH1 | H325: FC | I325: 1299 | J325: Day Shift | K325: NA | L325: Sunday | M325: Monday | N325: Warehouse Associate 24M | O325: Inbound | P325: Direct | Q325: Dulsco | R325: pparsin | S325: Singh,Pardeep | T325: OFF | V325: 45845 | W325: Inbound Stow | X325: =VLOOKUP(Table1[[#This Row],[AMZ ID]],[1]Roster_1787503287932!$D$2:$AU$1370,25,0) -> Not Present | Y325: =VLOOKUP(Table1[[#This Row],[AMZ ID]],[1]Roster_1787503287932!$D$2:$AM$1370,35,0) -> Carry Forwarded Annual Leave
...
