Workbook
Name HCData: #REF!

Sheet Dashboard
A1: AUH1 | S1: AUH3 | AF1: DAD1
A2: Previous Day HC | B2: L3 Ops Supervisors | C2: FTE HC | D2: NFTE HC | E2: Today's HC | F2: HC LM Target | G2: Achievement % | H2: Remarks | S2: Previous Day HC | T2: L3 Ops Supervisors | U2: FTE HC | V2: NFTE HC | W2: Today's HC | X2: HC LM Target | Y2: Achievement % | Z2: Remarks | AF2: Previous Day HC | AG2: L3 Ops Supervisors | AH2: FTE HC | AI2: NFTE HC | AJ2: Today's HC | AK2: HC LM Target | AL2: Achievement % | AM2: Remarks
A3: 1241 | B3: =COUNTIFS(Roster!P:P,"FC Associate III",Roster!G:G,"AUH1",Roster!R:R,"Direct") -> 28 | C3: =COUNTIFS(Roster!E:E,"Regular",Roster!G:G,"AUH1",Roster!R:R,"Direct") -> 58 | D3: =COUNTIFS(Roster!E:E,"Temporary",Roster!G:G,"AUH1",Roster!R:R,"Direct") -> 1176 | E3: =C3+D3 -> 1234 | F3: =E3 -> 1234 | G3: =E3/F3 -> 1 | S3: 82 | T3: =COUNTIFS(Roster!P:P,"Hub Supervisor",Roster!R:R,"Direct",Roster!Q:Q,"Warehouse Deals") -> 4 | U3: =COUNTIFS(Roster!E:E,"Regular",Roster!R:R,"Direct",Roster!Q:Q,"Warehouse Deals") -> 14 | V3: =COUNTIFS(Roster!E:E,"Temporary",Roster!R:R,"Direct",Roster!Q:Q,"Warehouse Deals") -> 86 | W3: =U3+V3 -> 100 | X3: =W3 -> 100 | Y3: =W3/X3 -> 1 | AF3: 12 | AG3: =COUNTIFS(Roster!P:P,"FC Associate III",Roster!G:G,"DAD1",Roster!R:R,"Support") -> 0 | AH3: =COUNTIFS(Roster!E:E,"Regular",Roster!G:G,"DAD1",Roster!R:R,"Support") -> 0 | AI3: =COUNTIFS(Roster!E:E,"Temporary",Roster!G:G,"DAD1",Roster!R:R,"Support") -> 12 | AJ3: =AH3+AI3 -> 12 | AK3: =AJ3 -> 12 | AL3: =AJ3/AK3 -> 1
A4: =Roster!B1 -> 46258 | S4: =Roster!B1 -> 46258 | AF4: =Roster!B1 -> 46258
A5: Shift | B5: Total HC | C5: Unscheduled | D5: Schedule to Work | E5: PL | F5: OT | G5: UPL | H5: Present | I5: Present % (without OT) | J5: LM Target | K5: Target Achievement | S5: Shift | T5: Total HC | U5: Unscheduled | V5: Schedule to Work | W5: PL | X5: OT | Y5: UPL | Z5: Present | AA5: Present % | AB5: LM Target | AC5: Target Achievement | AF5: Shift | AG5: Total HC | AH5: Unscheduled | AI5: Schedule to Work | AJ5: PL | AK5: UPL | AL5: OT | AM5: Present | AN5: Present % | AO5: LM Target | AP5: Target Achievement
A6: Day Shift | B6: =COUNTIFS(Roster!G:G,"AUH1",Roster!R:R,"Direct",Roster!L:L,"Day Shift") -> 668 | C6: =SUMIFS($D$12:$D$27,$B$12:$B$27,"Day Shift") -> 248 | D6: =SUMIFS($K$12:$K$27,$B$12:$B$27,"Day Shift") -> 408 | E6: =SUMIFS($E$12:$E$27,$B$12:$B$27,"Day Shift") -> 23 | F6: =COUNTIFS(Table1[[#All],[Building]],"AUH1",Table1[[#All],[Shift]],"Day Shift",Table1[[#All],[OFF1]],"OT",Table1[[#All],[Type]],"Direct")+COUNTIFS(Table1[[#All],[Building]],"AUH1",Table1[[#All],[Shift]],"Day Shift",Table1[[#All],[OFF2]],"OT",Table1[[#All],[Type]],"Direct") -> 12 | G6: =SUMIFS($H$12:$H$26,$B$12:$B$26,"Day Shift")+SUMIFS($I$12:$I$26,$B$12:$B$26,"Day Shift") -> 15 | H6: =D6-E6-G6 -> 370 | I6: =H6/D6 -> 0.90686275 | J6: 0.88391892 | K6: =I6/J6 -> 1.0259569 | S6: Day Shift | T6: =COUNTIFS(Roster!G:G,"AUH3",Roster!R:R,"Direct",Roster!L:L,"Day Shift")+COUNTIFS(Roster!G:G,"DDB1",Roster!R:R,"Direct",Roster!L:L,"Day Shift") -> 39 | U6: =SUMIFS($V$12:$V$14,$T$12:$T$14,"Day Shift") -> 12 | V6: =SUMIFS($AC$12:$AC$14,$T$12:$T$14,"Day Shift") -> 27 | W6: =SUMIFS($W$12:$W$14,$T$12:$T$14,"Day Shift") -> 0 | X6: =COUNTIFS(Table1[[#All],[Building]],"AUH3",Table1[[#All],[Shift]],"Day Shift",Table1[[#All],[OFF1]],"OT",Table1[[#All],[Type]],"Direct")+COUNTIFS(Table1[[#All],[Building]],"AUH3",Table1[[#All],[Shift]],"Day Shift",Table1[[#All],[OFF2]],"OT",Table1[[#All],[Type]],"Direct") -> 0 | Y6: =SUMIFS($Z$12:$Z$14,$T$12:$T$14,"Day Shift")+SUMIFS($AA$12:$AA$14,$T$12:$T$14,"Day Shift") -> 0 | Z6: =V6-W6-Y6 -> 27 | AA6: =Z6/V6 -> 1 | AB6: 0.89307692 | AC6: =AA6/AB6 -> 1.1197244 | AF6: Day Shift | AG6: =COUNTIFS(Roster!G:G,"DAD1",Roster!R:R,"Support",Roster!L:L,"Day Shift") -> 0 | AH6: =SUMIFS($AI$12:$AI$15,$AG$12:$AG$15,"Day Shift") -> 0 | AI6: =SUMIFS($AP$12:$AP$15,$AG$12:$AG$15,"Day Shift") -> 0 | AJ6: =SUMIFS($AJ$12:$AJ$15,$AG$12:$AG$15,"Day Shift") -> 0 | AK6: =SUMIFS($AM$12:$AM$15,$AG$12:$AG$15,"Day Shift")+SUMIFS($AN$12:$AN$15,$AG$12:$AG$15,"Day Shift") -> 0 | AL6: =COUNTIFS(Table1[[#All],[Building]],"DAD1",Table1[[#All],[Shift]],"Day Shift",Table1[[#All],[OFF1]],"OT",Table1[[#All],[Type]],"Direct")+COUNTIFS(Table1[[#All],[Building]],"DAD1",Table1[[#All],[Shift]],"Day Shift",Table1[[#All],[OFF2]],"OT",Table1[[#All],[Type]],"Support") -> 0 | AM6: =AI6-AJ6-AK6 -> 0 | AN6: =AM6/AI6 -> #DIV/0! | AO6: 0.9512 | AP6: =AN6/AO6 -> #DIV/0!
A7: Mid Shift | B7: =COUNTIFS(Roster!G:G,"AUH1",Roster!R:R,"Direct",Roster!L:L,"Mid Shift") -> 0 | C7: =SUMIFS($D$12:$D$27,$B$12:$B$27,"Mid Shift") -> 0 | D7: =SUMIFS($K$12:$K$27,$B$12:$B$27,"Mid Shift") -> 0 | E7: =SUMIFS($E$12:$E$27,$B$12:$B$27,"Mid Shift") -> 0 | F7: =COUNTIFS(Table1[[#All],[Building]],"AUH1",Table1[[#All],[Shift]],"Mid Shift",Table1[[#All],[OFF1]],"OT",Table1[[#All],[Type]],"Direct")+COUNTIFS(Table1[[#All],[Building]],"AUH1",Table1[[#All],[Shift]],"Mid Shift",Table1[[#All],[OFF2]],"OT",Table1[[#All],[Type]],"Direct") -> 0 | G7: =SUMIFS($H$12:$H$27,$B$12:$B$27,"Mid Shift")+SUMIFS($I$12:$I$27,$B$12:$B$27,"Mid Shift") -> 0 | H7: =D7-E7-G7 -> 0 | I7: =(H7-F7)/(D7-F7) -> #DIV/0! | J7: 0 | K7: =I7/J7 -> #DIV/0! | S7: Mid Shift | T7: =COUNTIFS(Roster!G:G,"AUH3",Roster!R:R,"Direct",Roster!L:L,"Mid Shift")+COUNTIFS(Roster!G:G,"DDB1",Roster!R:R,"Direct",Roster!L:L,"Mid Shift") -> 0 | U7: =SUMIFS($V$12:$V$14,$T$12:$T$14,"Mid Shift") -> 0 | V7: =SUMIFS($AC$12:$AC$14,$T$12:$T$14,"Mid Shift") -> 0 | W7: =SUMIFS($W$12:$W$14,$T$12:$T$14,"Mid Shift") -> 0 | X7: =COUNTIFS(Table1[[#All],[Building]],"AUH3",Table1[[#All],[Shift]],"Mid Shift",Table1[[#All],[OFF1]],"OT",Table1[[#All],[Type]],"Direct")+COUNTIFS(Table1[[#All],[Building]],"AUH3",Table1[[#All],[Shift]],"Mid Shift",Table1[[#All],[OFF2]],"OT",Table1[[#All],[Type]],"Direct") -> 0 | Y7: =SUMIFS($Z$12:$Z$14,$T$12:$T$14,"Mid Shift")+SUMIFS($AA$12:$AA$14,$T$12:$T$14,"Mid Shift") -> 0 | Z7: =V7-W7-Y7 -> 0 | AA7: =Z7/V7 -> #DIV/0! | AB7: 0 | AC7: =AA7/AB7 -> #DIV/0! | AF7: Mid Shift | AG7: =COUNTIFS(Roster!G:G,"DAD1",Roster!R:R,"Support",Roster!L:L,"Mid Shift") -> 0 | AH7: =SUMIFS($AI$12:$AI$15,$AG$12:$AG$15,"Mid Shift") -> 0 | AI7: =SUMIFS($AP$12:$AP$15,$AF$12:$AF$15,"Mid Shift") -> 0 | AJ7: =SUMIFS($AJ$12:$AJ$15,$AG$12:$AG$15,"Mid Shift") -> 0 | AK7: =SUMIFS($AM$12:$AM$15,$AG$12:$AG$15,"Mid Shift")+SUMIFS($AN$12:$AN$15,$AG$12:$AG$15,"Mid Shift") -> 0 | AL7: =COUNTIFS(Table1[[#All],[Building]],"DAD1",Table1[[#All],[Shift]],"Mid Shift",Table1[[#All],[OFF1]],"OT",Table1[[#All],[Type]],"Direct")+COUNTIFS(Table1[[#All],[Building]],"DAD1",Table1[[#All],[Shift]],"Mid Shift",Table1[[#All],[OFF2]],"OT",Table1[[#All],[Type]],"Direct") -> 0 | AM7: =AI7-AJ7-AK7 -> 0 | AN7: =AM7/AI7 -> #DIV/0! | AO7: 0.9565 | AP7: =AN7/AO7 -> #DIV/0!
A8: Night Shift | B8: =COUNTIFS(Roster!G:G,"AUH1",Roster!R:R,"Direct",Roster!L:L,"Night Shift") -> 566 | C8: =SUMIFS($D$12:$D$27,$B$12:$B$27,"Night Shift") -> 174 | D8: =SUMIFS($K$12:$K$27,$B$12:$B$27,"Night Shift") -> 388 | E8: =SUMIFS($E$12:$E$27,$B$12:$B$27,"Night Shift") -> 15 | F8: =COUNTIFS(Table1[[#All],[Building]],"AUH1",Table1[[#All],[Shift]],"Night Shift",Table1[[#All],[OFF1]],"OT",Table1[[#All],[Type]],"Direct")+COUNTIFS(Table1[[#All],[Building]],"AUH1",Table1[[#All],[Shift]],"Night Shift",Table1[[#All],[OFF2]],"OT",Table1[[#All],[Type]],"Direct") -> 4 | G8: =SUMIFS($H$12:$H$27,$B$12:$B$27,"Night Shift")+SUMIFS($I$12:$I$27,$B$12:$B$27,"Night Shift") -> 7 | H8: =D8-E8-G8 -> 366 | I8: =H8/D8 -> 0.94329897 | J8: 0.90377551 | K8: =I8/J8 -> 1.0437315 | S8: Night Shift | T8: =COUNTIFS(Roster!G:G,"AUH3",Roster!R:R,"Direct",Roster!L:L,"Night Shift")+COUNTIFS(Roster!G:G,"DDB1",Roster!R:R,"Direct",Roster!L:L,"Night Shift") -> 61 | U8: =SUMIFS($V$12:$V$14,$T$12:$T$14,"Night Shift") -> 21 | V8: =SUMIFS($AC$12:$AC$14,$T$12:$T$14,"Night Shift") -> 40 | W8: =SUMIFS($W$12:$W$14,$T$12:$T$14,"Night Shift") -> 1 | X8: =COUNTIFS(Table1[[#All],[Building]],"AUH3",Table1[[#All],[Shift]],"Night Shift",Table1[[#All],[OFF1]],"OT",Table1[[#All],[Type]],"Direct")+COUNTIFS(Table1[[#All],[Building]],"AUH3",Table1[[#All],[Shift]],"Night Shift",Table1[[#All],[OFF2]],"OT",Table1[[#All],[Type]],"Direct") -> 0 | Y8: =SUMIFS($Z$12:$Z$14,$T$12:$T$14,"Night Shift")+SUMIFS($AA$12:$AA$14,$T$12:$T$14,"Night Shift") -> 1 | Z8: =V8-W8-Y8 -> 38 | AA8: =Z8/V8 -> 0.95 | AB8: 0.91736842 | AC8: =AA8/AB8 -> 1.0355709 | AF8: Night Shift | AG8: =COUNTIFS(Roster!G:G,"DAD1",Roster!R:R,"Support",Roster!L:L,"Night Shift") -> 12 | AH8: =SUMIFS($AI$12:$AI$15,$AG$12:$AG$15,"Night Shift") -> 2 | AI8: =SUMIFS($AP$12:$AP$15,$AG$12:$AG$15,"Night Shift") -> 10 | AJ8: =SUMIFS($AJ$12:$AJ$15,$AG$12:$AG$15,"Night Shift") -> 0 | AK8: =SUMIFS($AM$12:$AM$15,$AG$12:$AG$15,"Night Shift")+SUMIFS($AN$12:$AN$15,$AG$12:$AG$15,"Night Shift") -> 0 | AL8: =COUNTIFS(Table1[[#All],[Building]],"DAD1",Table1[[#All],[Shift]],"Night Shift",Table1[[#All],[OFF1]],"OT",Table1[[#All],[Type]],"Support")+COUNTIFS(Table1[[#All],[Building]],"DAD1",Table1[[#All],[Shift]],"Night Shift",Table1[[#All],[OFF1]],"OT",Table1[[#All],[Type]],"Support") -> 0 | AM8: =AI8-AJ8-AK8 -> 10 | AN8: =AM8/AI8 -> 1 | AO8: 0.9568 | AP8: =AN8/AO8 -> 1.0451505
A9: Grand Total | B9: =SUM(B6:B8) -> 1234 | C9: =SUM(C6:C8) -> 422 | D9: =SUM(D6:D8) -> 796 | E9: =SUM(E6:E8) -> 38 | F9: =SUM(F6:F8) -> 16 | G9: =SUM(G6:G8) -> 22 | H9: =SUM(H6:H8) -> 736 | I9: =H9/D9 -> 0.92462312 | J9: 0.89366083 | K9: =I9/J9 -> 1.0346466 | S9: Grand Total | T9: =SUM(T6:T8) -> 100 | U9: =SUM(U6:U8) -> 33 | V9: =SUM(V6:V8) -> 67 | W9: =SUM(W6:W8) -> 1 | X9: =SUM(X6:X8) -> 0 | Y9: =SUM(Y6:Y8) -> 1 | Z9: =SUM(Z6:Z8) -> 65 | AA9: =Z9/V9 -> 0.97014925 | AB9: 0.9079085 | AC9: =AA9/AB9 -> 1.068554 | AF9: Grand Total | AG9: =SUM(AG6:AG8) -> 12 | AH9: =SUM(AH6:AH8) -> 2 | AI9: =SUM(AI6:AI8) -> 10 | AJ9: =SUM(AJ6:AJ8) -> 0 | AK9: =SUM(AK6:AK8) -> 0 | AL9: =SUM(AL6:AL8) -> 0 | AM9: =SUM(AM6:AM8) -> 10 | AN9: =AM9/AI9 -> 1 | AO9: =AVERAGE(AO6,AO7,AO8) -> 0.95483333 | AP9: =AN9/AO9 -> 1.0473032
A11: Department | B11: Shift | C11: 0 | D11: OFF | E11: PL | F11: OT | G11: Present(Including OT) | H11: SL | I11: AB/ABWI | J11: Grand Total | K11: Scheduled | L11: Target | M11: Actual (without OT) | N11: Actual (with OT) | O11: HC As per Target % | P11: Actual HC Achived Without OT | Q11: Delta | S11: Department | T11: Shift | U11: 0 | V11: OFF | W11: PL | X11: OT | Y11: Present | Z11: SL | AA11: AB/ABWI | AB11: Grand Total | AC11: Scheduled | AD11: % | AF11: Department | AG11: Shift | AH11: 0 | AI11: OFF | AJ11: PL | AK11: Present | AL11: OT | AM11: SL | AN11: AB/ABWI | AO11: Grand Total | AP11: Scheduled | AQ11: %
A12: ICQA | B12: Day Shift | C12: =COUNTIFS(Roster!V:V,"0",Roster!Q:Q,"ICQA",Roster!L:L,"Day Shift",Roster!R:R,"Direct",Roster!G:G,"AUH1") -> 0 | D12: =COUNTIFS(Roster!V:V,"OFF",Roster!Q:Q,"ICQA",Roster!L:L,"Day Shift",Roster!R:R,"Direct",Roster!G:G,"AUH1") -> 11 | E12: =COUNTIFS(Roster!V:V,"PL",Roster!Q:Q,"ICQA",Roster!L:L,"Day Shift",Roster!R:R,"Direct",Roster!G:G,"AUH1") -> 1 | F12: =COUNTIFS(Table1[[#All],[Building]],"AUH1",Table1[[#All],[Shift]],"Day Shift",Table1[[#All],[OFF1]],"OT",Table1[[#All],[Department]],Dashboard!A12)+COUNTIFS(Table1[[#All],[Building]],"AUH1",Table1[[#All],[Shift]],"Day Shift",Table1[[#All],[OFF2]],"OT",Table1[[#All],[Department]],Dashboard!A12) -> 0 | G12: =COUNTIFS(Roster!V:V,"P",Roster!Q:Q,"ICQA",Roster!L:L,"Day Shift",Roster!R:R,"Direct",Roster!G:G,"AUH1") -> 30 | H12: =COUNTIFS(Roster!V:V,"SL",Roster!Q:Q,"ICQA",Roster!L:L,"Day Shift",Roster!R:R,"Direct",Roster!G:G,"AUH1") -> 1 | I12: =COUNTIFS(Roster!V:V,"AB",Roster!Q:Q,"ICQA",Roster!L:L,"Day Shift",Roster!R:R,"Direct",Roster!G:G,"AUH1")+COUNTIFS(Roster!V:V,"ABWI",Roster!Q:Q,"ICQA",Roster!L:L,"Day Shift",Roster!R:R,"Direct",Roster!G:G,"AUH1") -> 0 | J12: =SUM(G12:I12,)+SUM(C12:E12) -> 43 | K12: =(J12-D12)-C12-F12 -> 32 | L12: 0.87125 | M12: =(G12-F12)/(K12) -> 0.9375 | N12: =G12/K12 -> 0.9375 | S12: Warehouse Deals | T12: Day Shift | U12: =COUNTIFS(Roster!V:V,"0",Roster!Q:Q,"Warehouse Deals",Roster!L:L,"Day Shift",Roster!R:R,"Direct",Roster!G:G,"AUH3")+COUNTIFS(Roster!V:V,"0",Roster!Q:Q,"Warehouse Deals",Roster!L:L,"Day Shift",Roster!R:R,"Direct",Roster!G:G,"DDB1") -> 0 | V12: =COUNTIFS(Roster!V:V,"OFF",Roster!Q:Q,"Warehouse Deals",Roster!L:L,"Day Shift",Roster!R:R,"Direct",Roster!G:G,"AUH3")+COUNTIFS(Roster!V:V,"OFF",Roster!Q:Q,"Warehouse Deals",Roster!L:L,"Day Shift",Roster!R:R,"Direct",Roster!G:G,"DDB1") -> 12 | W12: =COUNTIFS(Roster!V:V,"PL",Roster!Q:Q,"Warehouse Deals",Roster!L:L,"Day Shift",Roster!R:R,"Direct",Roster!G:G,"AUH3")+COUNTIFS(Roster!V:V,"PL",Roster!Q:Q,"Warehouse Deals",Roster!L:L,"Day Shift",Roster!R:R,"Direct",Roster!G:G,"DDB1") -> 0 | X12: =COUNTIFS(Table1[[#All],[Building]],"AUH3",Table1[[#All],[Shift]],"Day Shift",Table1[[#All],[OFF1]],"OT",Table1[[#All],[Department]],Dashboard!S12)+COUNTIFS(Table1[[#All],[Building]],"AUH3",Table1[[#All],[Shift]],"Day Shift",Table1[[#All],[OFF2]],"OT",Table1[[#All],[Department]],Dashboard!S12) -> 0 | Y12: =COUNTIFS(Roster!V:V,"P",Roster!Q:Q,"Warehouse Deals",Roster!L:L,"Day Shift",Roster!R:R,"Direct",Roster!G:G,"AUH3")+COUNTIFS(Roster!V:V,"P",Roster!Q:Q,"Warehouse Deals",Roster!L:L,"Day Shift",Roster!R:R,"Direct",Roster!G:G,"DDB1") -> 27 | Z12: =COUNTIFS(Roster!V:V,"SL",Roster!Q:Q,"Warehouse Deals",Roster!L:L,"Day Shift",Roster!R:R,"Direct",Roster!G:G,"AUH3")+COUNTIFS(Roster!V:V,"SL",Roster!Q:Q,"Warehouse Deals",Roster!L:L,"Day Shift",Roster!R:R,"Direct",Roster!G:G,"DDB1") -> 0 | AA12: =COUNTIFS(Roster!V:V,"AB",Roster!Q:Q,"Warehouse Deals",Roster!L:L,"Day Shift",Roster!R:R,"Direct",Roster!G:G,"AUH3")+COUNTIFS(Roster!V:V,"AB",Roster!Q:Q,"Warehouse Deals",Roster!L:L,"Day Shift",Roster!R:R,"Direct",Roster!G:G,"DDB1")+COUNTIFS(Roster!V:V,"ABWI",Roster!Q:Q,"Warehouse Deals",Roster!L:L,"Day Shift",Roster!R:R,"Direct",Roster!G:G,"AUH3")+COUNTIFS(Roster!V:V,"ABWI",Roster!Q:Q,"Warehouse Deals",Roster!L:L,"Day Shift",Roster!R:R,"Direct",Roster!G:G,"DDB1") -> 0 | AB12: =SUM(Y12:AA12,)+SUM(U12:W12) -> 39 | AC12: =(AB12-V12)-U12-X12 -> 27 | AD12: =Y12/AC12 -> 1 | AF12: Warehouse Deals | AG12: Day Shift | AH12: =COUNTIFS(Roster!V:V,"0",Roster!Q:Q,"Warehouse Deals",Roster!L:L,"Day Shift",Roster!R:R,"Support",Roster!G:G,"DAD1") -> 0 | AI12: =COUNTIFS(Roster!V:V,"OFF",Roster!Q:Q,"Warehouse Deals",Roster!L:L,"Day Shift",Roster!R:R,"Support",Roster!G:G,"DAD1") -> 0 | AJ12: =COUNTIFS(Roster!V:V,"PL",Roster!Q:Q,"Warehouse Deals",Roster!L:L,"Day Shift",Roster!R:R,"Support",Roster!G:G,"DAD1") -> 0 | AK12: =COUNTIFS(Roster!V:V,"P",Roster!Q:Q,"Warehouse Deals",Roster!L:L,"Day Shift",Roster!R:R,"Support",Roster!G:G,"DAD1") -> 0 | AL12: =COUNTIFS(Table1[[#All],[Building]],"DAD1",Table1[[#All],[Shift]],"Day Shift",Table1[[#All],[OFF1]],"OT",Table1[[#All],[Type]],"Support")+COUNTIFS(Table1[[#All],[Building]],"DAD1",Table1[[#All],[Shift]],"Day Shift",Table1[[#All],[OFF2]],"OT",Table1[[#All],[Type]],"Support") -> 0 | AM12: =COUNTIFS(Roster!V:V,"SL",Roster!Q:Q,"Warehouse Deals",Roster!L:L,"Day Shift",Roster!R:R,"Support",Roster!G:G,"DAD1") -> 0 | AN12: =COUNTIFS(Roster!V:V,"AB",Roster!Q:Q,"Warehouse Deals",Roster!L:L,"Day Shift",Roster!R:R,"Support",Roster!G:G,"DAD1")+COUNTIFS(Roster!V:V,"ABWI",Roster!Q:Q,"Warehouse Deals",Roster!L:L,"Day Shift",Roster!R:R,"Support",Roster!G:G,"DAD1") -> 0 | AO12: =SUM(AM12:AN12,)+SUM(AH12:AK12) -> 0 | AP12: =(AO12-AI12)-AH12 -> 0 | AQ12: =AK12/AP12 -> #DIV/0!
B13: Mid Shift | C13: 0 | D13: =COUNTIFS(Roster!V:V,"OFF",Roster!Q:Q,"ICQA",Roster!L:L,"Mid Shift",Roster!R:R,"Direct",Roster!G:G,"AUH1") -> 0 | E13: =COUNTIFS(Roster!V:V,"PL",Roster!Q:Q,"ICQA",Roster!L:L,"Mid Shift",Roster!R:R,"Direct",Roster!G:G,"AUH1") -> 0 | F13: =COUNTIFS(Table1[[#All],[Building]],"AUH1",Table1[[#All],[Shift]],"Mid Shift",Table1[[#All],[OFF1]],"OT",Table1[[#All],[Department]],Dashboard!A12)+COUNTIFS(Table1[[#All],[Building]],"AUH1",Table1[[#All],[Shift]],"Mid Shift",Table1[[#All],[OFF2]],"OT",Table1[[#All],[Department]],Dashboard!A12) -> 0 | G13: =COUNTIFS(Roster!V:V,"P",Roster!Q:Q,"ICQA",Roster!L:L,"Mid Shift",Roster!R:R,"Direct",Roster!G:G,"AUH1") -> 0 | H13: =COUNTIFS(Roster!V:V,"SL",Roster!Q:Q,"ICQA",Roster!L:L,"Mid Shift",Roster!R:R,"Direct",Roster!G:G,"AUH1") -> 0 | I13: =COUNTIFS(Roster!V:V,"AB",Roster!Q:Q,"ICQA",Roster!L:L,"Mid Shift",Roster!R:R,"Direct",Roster!G:G,"AUH1")+COUNTIFS(Roster!V:V,"ABWI",Roster!Q:Q,"ICQA",Roster!L:L,"Mid Shift",Roster!R:R,"Direct",Roster!G:G,"AUH1") -> 0 | J13: =SUM(G13:I13,)+SUM(C13:E13) -> 0 | K13: =(J13-D13)-C13-F13 -> 0 | M13: =(G13-F13)/(K13) -> #DIV/0! | N13: =(H13-G13)/(L13) -> #DIV/0! | T13: Mid Shift | U13: =COUNTIFS(Roster!V:V,"0",Roster!Q:Q,"Warehouse Deals",Roster!L:L,"Mid Shift",Roster!R:R,"Direct",Roster!G:G,"AUH3")+COUNTIFS(Roster!V:V,"0",Roster!Q:Q,"Warehouse Deals",Roster!L:L,"Mid Shift",Roster!R:R,"Direct",Roster!G:G,"DDB1") -> 0 | V13: =COUNTIFS(Roster!V:V,"OFF",Roster!Q:Q,"Warehouse Deals",Roster!L:L,"Mid Shift",Roster!R:R,"Direct",Roster!G:G,"AUH3")+COUNTIFS(Roster!V:V,"OFF",Roster!Q:Q,"Warehouse Deals",Roster!L:L,"Mid Shift",Roster!R:R,"Direct",Roster!G:G,"DDB1") -> 0 | W13: =COUNTIFS(Roster!V:V,"PL",Roster!Q:Q,"Warehouse Deals",Roster!L:L,"Mid Shift",Roster!R:R,"Direct",Roster!G:G,"AUH3")+COUNTIFS(Roster!V:V,"PL",Roster!Q:Q,"Warehouse Deals",Roster!L:L,"Mid Shift",Roster!R:R,"Direct",Roster!G:G,"DDB1") -> 0 | X13: =COUNTIFS(Table1[[#All],[Building]],"AUH3",Table1[[#All],[Shift]],"Mid Shift",Table1[[#All],[OFF1]],"OT",Table1[[#All],[Department]],Dashboard!S12)+COUNTIFS(Table1[[#All],[Building]],"AUH3",Table1[[#All],[Shift]],"Mid Shift",Table1[[#All],[OFF2]],"OT",Table1[[#All],[Department]],Dashboard!S12) -> 0 | Y13: =COUNTIFS(Roster!V:V,"P",Roster!Q:Q,"Warehouse Deals",Roster!L:L,"Mid Shift",Roster!R:R,"Direct",Roster!G:G,"AUH3")+COUNTIFS(Roster!V:V,"P",Roster!Q:Q,"Warehouse Deals",Roster!L:L,"Mid Shift",Roster!R:R,"Direct",Roster!G:G,"DDB1") -> 0 | Z13: =COUNTIFS(Roster!V:V,"SL",Roster!Q:Q,"Warehouse Deals",Roster!L:L,"Mid Shift",Roster!R:R,"Direct",Roster!G:G,"AUH3")+COUNTIFS(Roster!V:V,"SL",Roster!Q:Q,"Warehouse Deals",Roster!L:L,"Mid Shift",Roster!R:R,"Direct",Roster!G:G,"DDB1") -> 0 | AA13: =COUNTIFS(Roster!V:V,"AB",Roster!Q:Q,"Warehouse Deals",Roster!L:L,"Mid Shift",Roster!R:R,"Direct",Roster!G:G,"AUH3")+COUNTIFS(Roster!V:V,"AB",Roster!Q:Q,"Warehouse Deals",Roster!L:L,"Mid Shift",Roster!R:R,"Direct",Roster!G:G,"DDB1")+COUNTIFS(Roster!V:V,"ABWI",Roster!Q:Q,"Warehouse Deals",Roster!L:L,"Mid Shift",Roster!R:R,"Direct",Roster!G:G,"AUH3")+COUNTIFS(Roster!V:V,"ABWI",Roster!Q:Q,"Warehouse Deals",Roster!L:L,"Mid Shift",Roster!R:R,"Direct",Roster!G:G,"DDB1") -> 0 | AB13: =SUM(Y13:AA13,)+SUM(U13:W13) -> 0 | AC13: =(AB13-V13)-U13-X13 -> 0 | AD13: =Y13/AC13 -> #DIV/0! | AG13: Mid Shift | AH13: =COUNTIFS(Roster!V:V,"0",Roster!Q:Q,"Warehouse Deals",Roster!L:L,"Mid Shift",Roster!R:R,"Support",Roster!G:G,"DAD1") -> 0 | AI13: =COUNTIFS(Roster!V:V,"OFF",Roster!Q:Q,"Warehouse Deals",Roster!L:L,"Mid Shift",Roster!R:R,"Support",Roster!G:G,"DAD1") -> 0 | AJ13: =COUNTIFS(Roster!V:V,"PL",Roster!Q:Q,"Warehouse Deals",Roster!L:L,"Mid Shift",Roster!R:R,"Support",Roster!G:G,"DAD1") -> 0 | AK13: =COUNTIFS(Roster!V:V,"P",Roster!Q:Q,"Warehouse Deals",Roster!L:L,"Mid Shift",Roster!R:R,"Support",Roster!G:G,"DAD1") -> 0 | AL13: =COUNTIFS(Table1[[#All],[Building]],"DAD1",Table1[[#All],[Shift]],"Mid Shift",Table1[[#All],[OFF1]],"OT",Table1[[#All],[Type]],"Direct")+COUNTIFS(Table1[[#All],[Building]],"DAD1",Table1[[#All],[Shift]],"Mid Shift",Table1[[#All],[OFF2]],"OT",Table1[[#All],[Type]],"Direct") -> 0 | AM13: =COUNTIFS(Roster!V:V,"SL",Roster!Q:Q,"Warehouse Deals",Roster!L:L,"Mid Shift",Roster!R:R,"Support",Roster!G:G,"DAD1") -> 0 | AN13: =COUNTIFS(Roster!V:V,"AB",Roster!Q:Q,"Warehouse Deals",Roster!L:L,"Mid Shift",Roster!R:R,"Support",Roster!G:G,"DAD1")+COUNTIFS(Roster!V:V,"ABWI",Roster!Q:Q,"Warehouse Deals",Roster!L:L,"Mid Shift",Roster!R:R,"Support",Roster!G:G,"DAD1") -> 0 | AO13: =SUM(AM13:AN13,)+SUM(AH13:AK13) -> 0 | AP13: =(AO13-AI13)-AH13 -> 0 | AQ13: =AK13/AP13 -> #DIV/0!
B14: Night Shift | C14: =COUNTIFS(Roster!V:V,"0",Roster!Q:Q,"ICQA",Roster!L:L,"Night Shift",Roster!R:R,"Direct",Roster!G:G,"AUH1") -> 0 | D14: =COUNTIFS(Roster!V:V,"OFF",Roster!Q:Q,"ICQA",Roster!L:L,"Night Shift",Roster!R:R,"Direct",Roster!G:G,"AUH1") -> 2 | E14: =COUNTIFS(Roster!V:V,"PL",Roster!Q:Q,"ICQA",Roster!L:L,"Night Shift",Roster!R:R,"Direct",Roster!G:G,"AUH1") -> 0 | F14: =COUNTIFS(Table1[[#All],[Building]],"AUH1",Table1[[#All],[Shift]],"Night Shift",Table1[[#All],[OFF1]],"OT",Table1[[#All],[Department]],Dashboard!A12)+COUNTIFS(Table1[[#All],[Building]],"AUH1",Table1[[#All],[Shift]],"Night Shift",Table1[[#All],[OFF2]],"OT",Table1[[#All],[Department]],Dashboard!A12) -> 0 | G14: =COUNTIFS(Roster!V:V,"P",Roster!Q:Q,"ICQA",Roster!L:L,"Night Shift",Roster!R:R,"Direct",Roster!G:G,"AUH1") -> 5 | H14: =COUNTIFS(Roster!V:V,"SL",Roster!Q:Q,"ICQA",Roster!L:L,"Night Shift",Roster!R:R,"Direct",Roster!G:G,"AUH1") -> 0 | I14: =COUNTIFS(Roster!V:V,"AB",Roster!Q:Q,"ICQA",Roster!L:L,"Night Shift",Roster!R:R,"Direct",Roster!G:G,"AUH1")+COUNTIFS(Roster!V:V,"ABWI",Roster!Q:Q,"ICQA",Roster!L:L,"Night Shift",Roster!R:R,"Direct",Roster!G:G,"AUH1") -> 0 | J14: =SUM(G14:I14,)+SUM(C14:E14) -> 7 | K14: =(J14-D14)-C14-F14 -> 5 | L14: 0.965 | M14: =(G14-F14)/(K14) -> 1 | N14: =G14/K14 -> 1 | T14: Night Shift | U14: =COUNTIFS(Roster!V:V,"0",Roster!Q:Q,"Warehouse Deals",Roster!L:L,"Mid Shift",Roster!R:R,"Direct",Roster!G:G,"AUH3")+COUNTIFS(Roster!V:V,"0",Roster!Q:Q,"Warehouse Deals",Roster!L:L,"Mid Shift",Roster!R:R,"Direct",Roster!G:G,"DDB1") -> 0 | V14: =COUNTIFS(Roster!V:V,"OFF",Roster!Q:Q,"Warehouse Deals",Roster!L:L,"Night Shift",Roster!R:R,"Direct",Roster!G:G,"AUH3")+COUNTIFS(Roster!V:V,"OFF",Roster!Q:Q,"Warehouse Deals",Roster!L:L,"Night Shift",Roster!R:R,"Direct",Roster!G:G,"DDB1") -> 21 | W14: =COUNTIFS(Roster!V:V,"PL",Roster!Q:Q,"Warehouse Deals",Roster!L:L,"Night Shift",Roster!R:R,"Direct",Roster!G:G,"AUH3")+COUNTIFS(Roster!V:V,"PL",Roster!Q:Q,"Warehouse Deals",Roster!L:L,"Night Shift",Roster!R:R,"Direct",Roster!G:G,"DDB1") -> 1 | X14: =COUNTIFS(Table1[[#All],[Building]],"AUH3",Table1[[#All],[Shift]],"Night Shift",Table1[[#All],[OFF1]],"OT",Table1[[#All],[Department]],Dashboard!S12)+COUNTIFS(Table1[[#All],[Building]],"AUH3",Table1[[#All],[Shift]],"Night Shift",Table1[[#All],[OFF2]],"OT",Table1[[#All],[Department]],Dashboard!S12) -> 0 | Y14: =COUNTIFS(Roster!V:V,"P",Roster!Q:Q,"Warehouse Deals",Roster!L:L,"Night Shift",Roster!R:R,"Direct",Roster!G:G,"AUH3")+COUNTIFS(Roster!V:V,"P",Roster!Q:Q,"Warehouse Deals",Roster!L:L,"Night Shift",Roster!R:R,"Direct",Roster!G:G,"DDB1") -> 38 | Z14: =COUNTIFS(Roster!V:V,"SL",Roster!Q:Q,"Warehouse Deals",Roster!L:L,"Night Shift",Roster!R:R,"Direct",Roster!G:G,"AUH3")+COUNTIFS(Roster!V:V,"SL",Roster!Q:Q,"Warehouse Deals",Roster!L:L,"Night Shift",Roster!R:R,"Direct",Roster!G:G,"DDB1") -> 1 | AA14: =COUNTIFS(Roster!V:V,"AB",Roster!Q:Q,"Warehouse Deals",Roster!L:L,"Night Shift",Roster!R:R,"Direct",Roster!G:G,"AUH3")+COUNTIFS(Roster!V:V,"AB",Roster!Q:Q,"Warehouse Deals",Roster!L:L,"Night Shift",Roster!R:R,"Direct",Roster!G:G,"DDB1")+COUNTIFS(Roster!V:V,"ABWI",Roster!Q:Q,"Warehouse Deals",Roster!L:L,"Night Shift",Roster!R:R,"Direct",Roster!G:G,"AUH3")+COUNTIFS(Roster!V:V,"ABWI",Roster!Q:Q,"Warehouse Deals",Roster!L:L,"Night Shift",Roster!R:R,"Direct",Roster!G:G,"DDB1") -> 0 | AB14: =SUM(Y14:AA14,)+SUM(U14:W14) -> 61 | AC14: =(AB14-V14)-U14-X14 -> 40 | AD14: =Y14/AC14 -> 0.95 | AG14: Night Shift | AH14: =COUNTIFS(Roster!V:V,"0",Roster!Q:Q,"Warehouse Deals",Roster!L:L,"Night Shift",Roster!R:R,"Support",Roster!G:G,"DAD1") -> 0 | AI14: =COUNTIFS(Roster!V:V,"OFF",Roster!Q:Q,"Warehouse Deals",Roster!L:L,"Night Shift",Roster!R:R,"Support",Roster!G:G,"DAD1") -> 2 | AJ14: =COUNTIFS(Roster!V:V,"PL",Roster!Q:Q,"Warehouse Deals",Roster!L:L,"Night Shift",Roster!R:R,"Support",Roster!G:G,"DAD1") -> 0 | AK14: =COUNTIFS(Roster!V:V,"P",Roster!Q:Q,"Warehouse Deals",Roster!L:L,"Night Shift",Roster!R:R,"Support",Roster!G:G,"DAD1") -> 10 | AL14: =COUNTIFS(Table1[[#All],[Building]],"DAD1",Table1[[#All],[Shift]],"Night Shift",Table1[[#All],[OFF1]],"OT",Table1[[#All],[Type]],"Support")+COUNTIFS(Table1[[#All],[Building]],"DAD1",Table1[[#All],[Shift]],"Night Shift",Table1[[#All],[OFF1]],"OT",Table1[[#All],[Type]],"Support") -> 0 | AM14: =COUNTIFS(Roster!V:V,"SL",Roster!Q:Q,"Warehouse Deals",Roster!L:L,"Night Shift",Roster!R:R,"Support",Roster!G:G,"DAD1") -> 0 | AN14: =COUNTIFS(Roster!V:V,"AB",Roster!Q:Q,"Warehouse Deals",Roster!L:L,"Night Shift",Roster!R:R,"Support",Roster!G:G,"DAD1")+COUNTIFS(Roster!V:V,"ABWI",Roster!Q:Q,"Warehouse Deals",Roster!L:L,"Night Shift",Roster!R:R,"Support",Roster!G:G,"DAD1") -> 0 | AO14: =SUM(AM14:AN14,)+SUM(AH14:AK14) -> 12 | AP14: =(AO14-AI14)-AH14 -> 10 | AQ14: =AK14/AP14 -> 1
A15: ICQA Total | C15: =SUM(C12:C14) -> 0 | D15: =SUM(D12:D14) -> 13 | E15: =SUM(E12:E14) -> 1 | F15: =SUM(F12:F14) -> 0 | G15: =SUM(G12:G14) -> 35 | H15: =SUM(H12:H14) -> 1 | I15: =SUM(I12:I14) -> 0 | J15: =SUM(J12:J14) -> 50 | K15: =SUM(K12:K14) -> 37 | L15: 0.88391892 | M15: =(G15-F15)/(K15) -> 0.94594595 | N15: =G15/K15 -> 0.94594595 | O15: =L15*K15 -> 32.705 | P15: =G15-F15 -> 35 | Q15: =P15-O15 -> 2.295 | S15: SC Total | U15: =SUM(U12:U14) -> 0 | V15: =SUM(V12:V14) -> 33 | W15: =SUM(W12:W14) -> 1 | X15: =SUM(X12:X14) -> 0 | Y15: =SUM(Y12:Y14) -> 65 | Z15: =SUM(Z12:Z14) -> 1 | AA15: =SUM(AA12:AA14) -> 0 | AB15: =SUM(AB12:AB14) -> 100 | AC15: =SUM(AC12:AC14) -> 67 | AF15: Warehouse Deals | AH15: =SUM(AH12:AH14) -> 0 | AI15: =SUM(AI12:AI14) -> 2 | AJ15: =SUM(AJ12:AJ14) -> 0 | AK15: =SUM(AK12:AK14) -> 10 | AL15: =SUM(AL12:AL14) -> 0 | AM15: =SUM(AM12:AM14) -> 0 | AN15: =SUM(AN12:AN14) -> 0 | AO15: =SUM(AO12:AO14) -> 12 | AP15: =SUM(AP12:AP14) -> 10
A16: Inbound | B16: Day Shift | C16: =COUNTIFS(Roster!V:V,"0",Roster!Q:Q,"Inbound",Roster!L:L,"Day Shift",Roster!R:R,"Direct",Roster!G:G,"AUH1") -> 0 | D16: =COUNTIFS(Roster!V:V,"OFF",Roster!Q:Q,"Inbound",Roster!L:L,"Day Shift",Roster!R:R,"Direct",Roster!G:G,"AUH1") -> 137 | E16: =COUNTIFS(Roster!V:V,"PL",Roster!Q:Q,"Inbound",Roster!L:L,"Day Shift",Roster!R:R,"Direct",Roster!G:G,"AUH1") -> 2 | F16: =COUNTIFS(Table1[[#All],[Building]],"AUH1",Table1[[#All],[Shift]],"Day Shift",Table1[[#All],[OFF1]],"OT",Table1[[#All],[Department]],Dashboard!A16)+COUNTIFS(Table1[[#All],[Building]],"AUH1",Table1[[#All],[Shift]],"Day Shift",Table1[[#All],[OFF2]],"OT",Table1[[#All],[Department]],Dashboard!A16) -> 0 | G16: =COUNTIFS(Roster!V:V,"P",Roster!Q:Q,"Inbound",Roster!L:L,"Day Shift",Roster!R:R,"Direct",Roster!G:G,"AUH1") -> 85 | H16: =COUNTIFS(Roster!V:V,"SL",Roster!Q:Q,"Inbound",Roster!L:L,"Day Shift",Roster!R:R,"Direct",Roster!G:G,"AUH1") -> 3 | I16: =COUNTIFS(Roster!V:V,"AB",Roster!Q:Q,"Inbound",Roster!L:L,"Day Shift",Roster!R:R,"Direct",Roster!G:G,"AUH1")+COUNTIFS(Roster!V:V,"ABWI",Roster!Q:Q,"Inbound",Roster!L:L,"Day Shift",Roster!R:R,"Direct",Roster!G:G,"AUH1") -> 2 | J16: =SUM(G16:I16,)+SUM(C16:E16) -> 229 | K16: =(J16-D16)-C16-F16 -> 92 | L16: 0.89131579 | M16: =(G16-F16)/(K16) -> 0.92391304 | N16: =G16/K16 -> 0.92391304 | AF16: Grand Total | AH16: =AH15 -> 0 | AI16: =AI15 -> 2 | AJ16: =AJ15 -> 0 | AK16: =AK15 -> 10 | AL16: =AL15 -> 0 | AM16: =AM15 -> 0 | AN16: =AN15 -> 0 | AO16: =AO15 -> 12 | AP16: =AP15 -> 10
B17: Mid Shift | C17: =COUNTIFS(Roster!V:V,"0",Roster!Q:Q,"Inbound",Roster!L:L,"Mid Shift",Roster!R:R,"Direct",Roster!G:G,"AUH1") -> 0 | D17: =COUNTIFS(Roster!V:V,"OFF",Roster!Q:Q,"Inbound",Roster!L:L,"Mid Shift",Roster!R:R,"Direct",Roster!G:G,"AUH1") -> 0 | E17: =COUNTIFS(Roster!V:V,"PL",Roster!Q:Q,"Inbound",Roster!L:L,"Mid Shift",Roster!R:R,"Direct",Roster!G:G,"AUH1") -> 0 | F17: =COUNTIFS(Table1[[#All],[Building]],"AUH1",Table1[[#All],[Shift]],"Mid Shift",Table1[[#All],[OFF1]],"OT",Table1[[#All],[Department]],Dashboard!A16)+COUNTIFS(Table1[[#All],[Building]],"AUH1",Table1[[#All],[Shift]],"Mid Shift",Table1[[#All],[OFF2]],"OT",Table1[[#All],[Department]],Dashboard!A16) -> 0 | G17: =COUNTIFS(Roster!V:V,"P",Roster!Q:Q,"Inbound",Roster!L:L,"Mid Shift",Roster!R:R,"Direct",Roster!G:G,"AUH1") -> 0 | H17: =COUNTIFS(Roster!V:V,"SL",Roster!Q:Q,"Inbound",Roster!L:L,"Mid Shift",Roster!R:R,"Direct",Roster!G:G,"AUH1") -> 0 | I17: =COUNTIFS(Roster!V:V,"AB",Roster!Q:Q,"Inbound",Roster!L:L,"Mid Shift",Roster!R:R,"Direct",Roster!G:G,"AUH1")+COUNTIFS(Roster!V:V,"ABWI",Roster!Q:Q,"Inbound",Roster!L:L,"Mid Shift",Roster!R:R,"Direct",Roster!G:G,"AUH1") -> 0 | J17: =SUM(G17:I17,)+SUM(C17:E17) -> 0 | K17: =(J17-D17)-C17-F17 -> 0 | M17: =(G17-F17)/(K17) -> #DIV/0! | N17: =G17/K17 -> #DIV/0! | S17: Department | T17: Shift | U17: 0 | V17: OFF | W17: PL | X17: OT | Y17: Present | Z17: SL | AA17: AB/ABWI | AB17: Grand Total | AC17: Scheduled | AD17: %
B18: Night Shift | C18: =COUNTIFS(Roster!V:V,"0",Roster!Q:Q,"Inbound",Roster!L:L,"Night Shift",Roster!R:R,"Direct",Roster!G:G,"AUH1") -> 0 | D18: =COUNTIFS(Roster!V:V,"OFF",Roster!Q:Q,"Inbound",Roster!L:L,"Night Shift",Roster!R:R,"Direct",Roster!G:G,"AUH1") -> 34 | E18: =COUNTIFS(Roster!V:V,"PL",Roster!Q:Q,"Inbound",Roster!L:L,"Night Shift",Roster!R:R,"Direct",Roster!G:G,"AUH1") -> 3 | F18: =COUNTIFS(Table1[[#All],[Building]],"AUH1",Table1[[#All],[Shift]],"Night Shift",Table1[[#All],[OFF1]],"OT",Table1[[#All],[Department]],Dashboard!A16)+COUNTIFS(Table1[[#All],[Building]],"AUH1",Table1[[#All],[Shift]],"Night Shift",Table1[[#All],[OFF2]],"OT",Table1[[#All],[Department]],Dashboard!A16) -> 0 | G18: =COUNTIFS(Roster!V:V,"P",Roster!Q:Q,"Inbound",Roster!L:L,"Night Shift",Roster!R:R,"Direct",Roster!G:G,"AUH1") -> 45 | H18: =COUNTIFS(Roster!V:V,"SL",Roster!Q:Q,"Inbound",Roster!L:L,"Night Shift",Roster!R:R,"Direct",Roster!G:G,"AUH1") -> 0 | I18: =COUNTIFS(Roster!V:V,"AB",Roster!Q:Q,"Inbound",Roster!L:L,"Night Shift",Roster!R:R,"Direct",Roster!G:G,"AUH1")+COUNTIFS(Roster!V:V,"ABWI",Roster!Q:Q,"Inbound",Roster!L:L,"Night Shift",Roster!R:R,"Direct",Roster!G:G,"AUH1") -> 0 | J18: =SUM(G18:I18,)+SUM(C18:E18) -> 82 | K18: =(J18-D18)-C18-F18 -> 48 | L18: 0.88336735 | M18: =(G18-F18)/(K18) -> 0.9375 | N18: =G18/K18 -> 0.9375 | S18: Warehouse Deals | T18: Regular | U18: =COUNTIFS(Roster!G:G,"AUH3",Roster!R:R,"Direct",Roster!V:V,"0",Roster!E:E,"Regular")+COUNTIFS(Roster!G:G,"DDB1",Roster!R:R,"Direct",Roster!V:V,"0",Roster!E:E,"Regular") -> 0 | V18: =COUNTIFS(Roster!G:G,"AUH3",Roster!R:R,"Direct",Roster!V:V,"OFF",Roster!E:E,"Regular")+COUNTIFS(Roster!G:G,"DDB1",Roster!R:R,"Direct",Roster!V:V,"OFF",Roster!E:E,"Regular") -> 5 | W18: =COUNTIFS(Roster!G:G,"AUH3",Roster!R:R,"Direct",Roster!V:V,"PL",Roster!E:E,"Regular")+COUNTIFS(Roster!G:G,"DDB1",Roster!R:R,"Direct",Roster!V:V,"PL",Roster!E:E,"Regular") -> 0 | X18: =COUNTIFS(Table1[[#All],[Building]],"AUH3",Table1[[#All],[Employment Type]],"Regular",Table1[[#All],[OFF1]],"OT",Table1[[#All],[Department]],Dashboard!S18)+COUNTIFS(Table1[[#All],[Building]],"AUH3",Table1[[#All],[Employment Type]],"Regular",Table1[[#All],[OFF2]],"OT",Table1[[#All],[Department]],Dashboard!S18) -> 0 | Y18: =COUNTIFS(Roster!G:G,"AUH3",Roster!R:R,"Direct",Roster!V:V,"P",Roster!E:E,"Regular")+COUNTIFS(Roster!G:G,"DDB1",Roster!R:R,"Direct",Roster!V:V,"P",Roster!E:E,"Regular") -> 9 | Z18: =COUNTIFS(Roster!G:G,"AUH3",Roster!R:R,"Direct",Roster!V:V,"SL",Roster!E:E,"Regular")+COUNTIFS(Roster!G:G,"DDB1",Roster!R:R,"Direct",Roster!V:V,"SL",Roster!E:E,"Regular") -> 0 | AA18: =COUNTIFS(Roster!G:G,"AUH3",Roster!R:R,"Direct",Roster!V:V,"AB",Roster!E:E,"Regular")+COUNTIFS(Roster!G:G,"DDB1",Roster!R:R,"Direct",Roster!V:V,"AB",Roster!E:E,"Regular")+COUNTIFS(Roster!G:G,"AUH3",Roster!R:R,"Direct",Roster!V:V,"ABWI",Roster!E:E,"Regular")+COUNTIFS(Roster!G:G,"DDB1",Roster!R:R,"Direct",Roster!V:V,"ABWI",Roster!E:E,"Regular") -> 0 | AB18: =SUM(Y18:AA18,)+SUM(U18:W18) -> 14 | AC18: =(AB18-V18)-U18 -> 9 | AD18: =Y18/AC18 -> 1 | AL18: =1443+83 -> 1526
A19: Inbound Total | C19: =SUM(C16:C18) -> 0 | D19: =SUM(D16:D18) -> 171 | E19: =SUM(E16:E18) -> 5 | F19: =SUM(F16:F18) -> 0 | G19: =SUM(G16:G18) -> 130 | H19: =SUM(H16:H18) -> 3 | I19: =SUM(I16:I18) -> 2 | J19: =SUM(J16:J18) -> 311 | K19: =SUM(K16:K18) -> 140 | L19: 0.88861111 | M19: =(G19-F19)/(K19) -> 0.92857143 | N19: =G19/K19 -> 0.92857143 | O19: =L19*K19 -> 124.40556 | P19: =G19-F19 -> 130 | Q19: =P19-O19 -> 5.5944444 | T19: Temporary | U19: =COUNTIFS(Roster!G:G,"AUH3",Roster!R:R,"Direct",Roster!V:V,"0",Roster!E:E,"Temporary")+COUNTIFS(Roster!G:G,"DDB1",Roster!R:R,"Direct",Roster!V:V,"0",Roster!E:E,"Temporary") -> 0 | V19: =COUNTIFS(Roster!G:G,"AUH3",Roster!R:R,"Direct",Roster!V:V,"OFF",Roster!E:E,"Temporary")+COUNTIFS(Roster!G:G,"DDB1",Roster!R:R,"Direct",Roster!V:V,"OFF",Roster!E:E,"Temporary") -> 28 | W19: =COUNTIFS(Roster!G:G,"AUH3",Roster!R:R,"Direct",Roster!V:V,"PL",Roster!E:E,"Temporary")+COUNTIFS(Roster!G:G,"DDB1",Roster!R:R,"Direct",Roster!V:V,"PL",Roster!E:E,"Temporary") -> 1 | X19: =COUNTIFS(Table1[[#All],[Building]],"AUH3",Table1[[#All],[Employment Type]],"Temporary",Table1[[#All],[OFF1]],"OT",Table1[[#All],[Department]],Dashboard!S18)+COUNTIFS(Table1[[#All],[Building]],"AUH3",Table1[[#All],[Employment Type]],"Temporary",Table1[[#All],[OFF2]],"OT",Table1[[#All],[Department]],Dashboard!S18) -> 0 | Y19: =COUNTIFS(Roster!G:G,"AUH3",Roster!R:R,"Direct",Roster!V:V,"P",Roster!E:E,"Temporary")+COUNTIFS(Roster!G:G,"DDB1",Roster!R:R,"Direct",Roster!V:V,"P",Roster!E:E,"Temporary") -> 56 | Z19: =COUNTIFS(Roster!G:G,"AUH3",Roster!R:R,"Direct",Roster!V:V,"SL",Roster!E:E,"Temporary")+COUNTIFS(Roster!G:G,"DDB1",Roster!R:R,"Direct",Roster!V:V,"SL",Roster!E:E,"Temporary") -> 1 | AA19: =COUNTIFS(Roster!G:G,"AUH3",Roster!R:R,"Direct",Roster!V:V,"AB",Roster!E:E,"Temporary")+COUNTIFS(Roster!G:G,"DDB1",Roster!R:R,"Direct",Roster!V:V,"AB",Roster!E:E,"Temporary")+COUNTIFS(Roster!G:G,"AUH3",Roster!R:R,"Direct",Roster!V:V,"ABWI",Roster!E:E,"Temporary")+COUNTIFS(Roster!G:G,"DDB1",Roster!R:R,"Direct",Roster!V:V,"ABWI",Roster!E:E,"Temporary") -> 0 | AB19: =SUM(Y19:AA19,)+SUM(U19:W19) -> 86 | AC19: =(AB19-V19)-U19 -> 58 | AD19: =Y19/AC19 -> 0.96551724
A20: Outbound | B20: Day Shift | C20: =COUNTIFS(Roster!V:V,"0",Roster!Q:Q,"Outbound",Roster!L:L,"Day Shift",Roster!R:R,"Direct",Roster!G:G,"AUH1") -> 0 | D20: =COUNTIFS(Roster!V:V,"OFF",Roster!Q:Q,"Outbound",Roster!L:L,"Day Shift",Roster!R:R,"Direct",Roster!G:G,"AUH1") -> 67 | E20: =COUNTIFS(Roster!V:V,"PL",Roster!Q:Q,"Outbound",Roster!L:L,"Day Shift",Roster!R:R,"Direct",Roster!G:G,"AUH1") -> 13 | F20: =COUNTIFS(Table1[[#All],[Building]],"AUH1",Table1[[#All],[Shift]],"Day Shift",Table1[[#All],[OFF1]],"OT",Table1[[#All],[Department]],Dashboard!A20)+COUNTIFS(Table1[[#All],[Building]],"AUH1",Table1[[#All],[Shift]],"Day Shift",Table1[[#All],[OFF2]],"OT",Table1[[#All],[Department]],Dashboard!A20) -> 12 | G20: =COUNTIFS(Roster!V:V,"P",Roster!Q:Q,"Outbound",Roster!L:L,"Day Shift",Roster!R:R,"Direct",Roster!G:G,"AUH1") -> 179 | H20: =COUNTIFS(Roster!V:V,"SL",Roster!Q:Q,"Outbound",Roster!L:L,"Day Shift",Roster!R:R,"Direct",Roster!G:G,"AUH1") -> 5 | I20: =COUNTIFS(Roster!V:V,"AB",Roster!Q:Q,"Outbound",Roster!L:L,"Day Shift",Roster!R:R,"Direct",Roster!G:G,"AUH1")+COUNTIFS(Roster!V:V,"ABWI",Roster!Q:Q,"Outbound",Roster!L:L,"Day Shift",Roster!R:R,"Direct",Roster!G:G,"AUH1") -> 0 | J20: =SUM(G20:I20,)+SUM(C20:E20) -> 264 | K20: =(J20-D20)-C20-F20 -> 185 | L20: 0.87055556 | M20: =(G20-F20)/(K20) -> 0.9027027 | N20: =G20/K20 -> 0.96756757 | S20: SC Total | U20: =SUM(U17:U19) -> 0 | V20: =SUM(V17:V19) -> 33 | W20: =SUM(W17:W19) -> 1 | X20: =SUM(X17:X19) -> 0 | Y20: =SUM(Y17:Y19) -> 65 | Z20: =SUM(Z17:Z19) -> 1 | AA20: =SUM(AA17:AA19) -> 0 | AB20: =SUM(AB17:AB19) -> 100 | AC20: =SUM(AC18:AC19) -> 67
B21: Mid Shift | C21: =COUNTIFS(Roster!V:V,"0",Roster!Q:Q,"Outbound",Roster!L:L,"Mid Shift",Roster!R:R,"Direct",Roster!G:G,"AUH1") -> 0 | D21: =COUNTIFS(Roster!V:V,"OFF",Roster!Q:Q,"Outbound",Roster!L:L,"Mid Shift",Roster!R:R,"Direct",Roster!G:G,"AUH1") -> 0 | E21: =COUNTIFS(Roster!V:V,"PL",Roster!Q:Q,"Outbound",Roster!L:L,"Mid Shift",Roster!R:R,"Direct",Roster!G:G,"AUH1") -> 0 | F21: =COUNTIFS(Table1[[#All],[Building]],"AUH1",Table1[[#All],[Shift]],"Mid Shift",Table1[[#All],[OFF1]],"OT",Table1[[#All],[Department]],Dashboard!A20)+COUNTIFS(Table1[[#All],[Building]],"AUH1",Table1[[#All],[Shift]],"Mid Shift",Table1[[#All],[OFF2]],"OT",Table1[[#All],[Department]],Dashboard!A20) -> 0 | G21: =COUNTIFS(Roster!V:V,"P",Roster!Q:Q,"Outbound",Roster!L:L,"Mid Shift",Roster!R:R,"Direct",Roster!G:G,"AUH1") -> 0 | H21: =COUNTIFS(Roster!V:V,"SL",Roster!Q:Q,"Outbound",Roster!L:L,"Mid Shift",Roster!R:R,"Direct",Roster!G:G,"AUH1") -> 0 | I21: =COUNTIFS(Roster!V:V,"AB",Roster!Q:Q,"Outbound",Roster!L:L,"Mid Shift",Roster!R:R,"Direct",Roster!G:G,"AUH1")+COUNTIFS(Roster!V:V,"ABWI",Roster!Q:Q,"Outbound",Roster!L:L,"Mid Shift",Roster!R:R,"Direct",Roster!G:G,"AUH1") -> 0 | J21: =SUM(G21:I21,)+SUM(C21:E21) -> 0 | K21: =(J21-D21)-C21-F21 -> 0 | M21: =(G21-F21)/(K21) -> #DIV/0! | N21: =G21/K21 -> #DIV/0!
B22: Night Shift | C22: =COUNTIFS(Roster!V:V,"0",Roster!Q:Q,"Outbound",Roster!L:L,"Night Shift",Roster!R:R,"Direct",Roster!G:G,"AUH1") -> 0 | D22: =COUNTIFS(Roster!V:V,"OFF",Roster!Q:Q,"Outbound",Roster!L:L,"Night Shift",Roster!R:R,"Direct",Roster!G:G,"AUH1") -> 112 | E22: =COUNTIFS(Roster!V:V,"PL",Roster!Q:Q,"Outbound",Roster!L:L,"Night Shift",Roster!R:R,"Direct",Roster!G:G,"AUH1") -> 10 | F22: =COUNTIFS(Table1[[#All],[Building]],"AUH1",Table1[[#All],[Shift]],"Night Shift",Table1[[#All],[OFF1]],"OT",Table1[[#All],[Department]],Dashboard!A20)+COUNTIFS(Table1[[#All],[Building]],"AUH1",Table1[[#All],[Shift]],"Night Shift",Table1[[#All],[OFF2]],"OT",Table1[[#All],[Department]],Dashboard!A20) -> 4 | G22: =COUNTIFS(Roster!V:V,"P",Roster!Q:Q,"Outbound",Roster!L:L,"Night Shift",Roster!R:R,"Direct",Roster!G:G,"AUH1") -> 264 | H22: =COUNTIFS(Roster!V:V,"SL",Roster!Q:Q,"Outbound",Roster!L:L,"Night Shift",Roster!R:R,"Direct",Roster!G:G,"AUH1") -> 1 | I22: =COUNTIFS(Roster!V:V,"AB",Roster!Q:Q,"Outbound",Roster!L:L,"Night Shift",Roster!R:R,"Direct",Roster!G:G,"AUH1")+COUNTIFS(Roster!V:V,"ABWI",Roster!Q:Q,"Outbound",Roster!L:L,"Night Shift",Roster!R:R,"Direct",Roster!G:G,"AUH1") -> 4 | J22: =SUM(G22:I22,)+SUM(C22:E22) -> 391 | K22: =(J22-D22)-C22-F22 -> 275 | L22: 0.90384892 | M22: =(G22-F22)/(K22) -> 0.94545455 | N22: =G22/K22 -> 0.96 | S22: Shift | T22: Total HC | U22: Unscheduled | V22: Schedule to Work | W22: PL | X22: OT | Y22: UPL | Z22: Present | AA22: Present % | AB22: LM Target | AC22: Target Achievement
A23: Outbound Total | C23: =SUM(C20:C22) -> 0 | D23: =SUM(D20:D22) -> 179 | E23: =SUM(E20:E22) -> 23 | F23: =SUM(F20:F22) -> 16 | G23: =SUM(G20:G22) -> 443 | H23: =SUM(H20:H22) -> 6 | I23: =SUM(I20:I22) -> 4 | J23: =SUM(J20:J22) -> 655 | K23: =SUM(K20:K22) -> 460 | L23: 0.89076419 | M23: =(G23-F23)/(K23) -> 0.92826087 | N23: =G23/K23 -> 0.96304348 | O23: =L23*K23 -> 409.75153 | P23: =G23-F23 -> 427 | Q23: =P23-O23 -> 17.248472 | S23: Regular | T23: =COUNTIFS(Roster!G:G,"AUH3",Roster!E:E,"Regular")+COUNTIFS(Roster!G:G,"DDB1",Roster!E:E,"Regular",Roster!R:R,"Direct") -> 14 | U23: =COUNTIFS(Roster!G:G,"AUH3",Roster!E:E,"Regular",Roster!V:V,"OFF",Roster!R:R,"Direct")+COUNTIFS(Roster!G:G,"DDB1",Roster!E:E,"Regular",Roster!V:V,"OFF",Roster!R:R,"Direct") -> 5 | V23: =SUMIFS($AC$18:$AC$19,$T$18:$T$19,"Regular") -> 9 | W23: =COUNTIFS(Roster!G:G,"AUH3",Roster!E:E,"Regular",Roster!V:V,"PL",Roster!R:R,"Direct")+COUNTIFS(Roster!G:G,"DDB1",Roster!E:E,"Regular",Roster!V:V,"PL",Roster!R:R,"Direct") -> 0 | X23: =COUNTIFS(Table1[[#All],[Building]],"AUH3",Table1[[#All],[Employment Type]],"Regular",Table1[[#All],[OFF1]],"OT",Table1[[#All],[Department]],Dashboard!S23)+COUNTIFS(Table1[[#All],[Building]],"AUH3",Table1[[#All],[Employment Type]],"Regular",Table1[[#All],[OFF2]],"OT",Table1[[#All],[Department]],Dashboard!S23) -> 0 | Y23: =COUNTIFS(Roster!G:G,"AUH3",Roster!E:E,"Regular",Roster!V:V,"AB",Roster!R:R,"Direct")+COUNTIFS(Roster!G:G,"AUH3",Roster!E:E,"Regular",Roster!V:V,"SL",Roster!R:R,"Direct")+COUNTIFS(Roster!G:G,"AUH3",Roster!E:E,"Regular",Roster!V:V,"ABWI",Roster!R:R,"Direct")+COUNTIFS(Roster!G:G,"DDB1",Roster!E:E,"Regular",Roster!V:V,"ABWI") -> 0 | Z23: =V23-W23-Y23 -> 9 | AA23: =Z23/V23 -> 1 | AB23: 0.92384615 | AC23: =AA23/AB23 -> 1.0824313
A24: CRET | B24: Day Shift | C24: =COUNTIFS(Roster!V:V,"0",Roster!Q:Q,"CRET",Roster!L:L,"Day Shift",Roster!R:R,"Direct",Roster!G:G,"AUH1") -> 0 | D24: =COUNTIFS(Roster!V:V,"OFF",Roster!Q:Q,"CRET",Roster!L:L,"Day Shift",Roster!R:R,"Direct",Roster!G:G,"AUH1") -> 33 | E24: =COUNTIFS(Roster!V:V,"PL",Roster!Q:Q,"CRET",Roster!L:L,"Day Shift",Roster!R:R,"Direct",Roster!G:G,"AUH1") -> 7 | F24: =COUNTIFS(Table1[[#All],[Building]],"AUH1",Table1[[#All],[Shift]],"Day Shift",Table1[[#All],[OFF1]],"OT",Table1[[#All],[Department]],Dashboard!A24)+COUNTIFS(Table1[[#All],[Building]],"AUH1",Table1[[#All],[Shift]],"Day Shift",Table1[[#All],[OFF2]],"OT",Table1[[#All],[Department]],Dashboard!A24) -> 0 | G24: =COUNTIFS(Roster!V:V,"P",Roster!Q:Q,"CRET",Roster!L:L,"Day Shift",Roster!R:R,"Direct",Roster!G:G,"AUH1") -> 88 | H24: =COUNTIFS(Roster!V:V,"SL",Roster!Q:Q,"CRET",Roster!L:L,"Day Shift",Roster!R:R,"Direct",Roster!G:G,"AUH1") -> 3 | I24: =COUNTIFS(Roster!V:V,"AB",Roster!Q:Q,"CRET",Roster!L:L,"Day Shift",Roster!R:R,"Direct",Roster!G:G,"AUH1")+COUNTIFS(Roster!V:V,"ABWI",Roster!Q:Q,"CRET",Roster!L:L,"Day Shift",Roster!R:R,"Direct",Roster!G:G,"AUH1") -> 1 | J24: =SUM(G24:I24,)+SUM(C24:E24) -> 132 | K24: =(J24-D24)-C24-F24 -> 99 | L24: 0.905 | M24: =(G24-F24)/(K24) -> 0.88888889 | N24: =G24/K24 -> 0.88888889 | S24: Temporary | T24: =COUNTIFS(Roster!G:G,"AUH3",Roster!E:E,"Temporary")+COUNTIFS(Roster!G:G,"DDB1",Roster!E:E,"Temporary",Roster!R:R,"Direct") -> 86 | U24: =COUNTIFS(Roster!G:G,"AUH3",Roster!E:E,"Temporary",Roster!V:V,"OFF",Roster!R:R,"Direct")+COUNTIFS(Roster!G:G,"DDB1",Roster!E:E,"Temporary",Roster!V:V,"OFF",Roster!R:R,"Direct") -> 28 | V24: =SUMIFS($AC$18:$AC$19,$T$18:$T$19,"Temporary") -> 58 | W24: =COUNTIFS(Roster!G:G,"AUH3",Roster!E:E,"Temporary",Roster!V:V,"PL",Roster!R:R,"Direct")+COUNTIFS(Roster!G:G,"DDB1",Roster!E:E,"Temporary",Roster!V:V,"PL",Roster!R:R,"Direct") -> 1 | X24: =COUNTIFS(Table1[[#All],[Building]],"AUH3",Table1[[#All],[Employment Type]],"Temporary",Table1[[#All],[OFF1]],"OT",Table1[[#All],[Department]],Dashboard!S23)+COUNTIFS(Table1[[#All],[Building]],"AUH3",Table1[[#All],[Employment Type]],"Temporary",Table1[[#All],[OFF2]],"OT",Table1[[#All],[Department]],Dashboard!S23) -> 0 | Y24: =COUNTIFS(Roster!G:G,"AUH3",Roster!E:E,"Temporary",Roster!V:V,"AB")+COUNTIFS(Roster!G:G,"AUH3",Roster!E:E,"Temporary",Roster!V:V,"SL")+COUNTIFS(Roster!G:G,"AUH3",Roster!E:E,"Temporary",Roster!V:V,"ABWI")+COUNTIFS(Roster!G:G,"DDB1",Roster!E:E,"Temporary",Roster!V:V,"ABWI",Roster!R:R,"Direct") -> 1 | Z24: =V24-W24-Y24 -> 56 | AA24: =Z24/V24 -> 0.96551724 | AB24: 0.90181818 | AC24: =AA24/AB24 -> 1.070634
B25: Mid Shift | C25: =COUNTIFS(Roster!V:V,"0",Roster!Q:Q,"CRET",Roster!L:L,"Mid Shift",Roster!R:R,"Direct",Roster!G:G,"AUH1") -> 0 | D25: =COUNTIFS(Roster!V:V,"OFF",Roster!Q:Q,"CRET",Roster!L:L,"Mid Shift",Roster!R:R,"Direct",Roster!G:G,"AUH1") -> 0 | E25: =COUNTIFS(Roster!V:V,"PL",Roster!Q:Q,"CRET",Roster!L:L,"Mid Shift",Roster!R:R,"Direct",Roster!G:G,"AUH1") -> 0 | F25: =COUNTIFS(Table1[[#All],[Building]],"AUH1",Table1[[#All],[Shift]],"Mid Shift",Table1[[#All],[OFF1]],"OT",Table1[[#All],[Department]],Dashboard!A24)+COUNTIFS(Table1[[#All],[Building]],"AUH1",Table1[[#All],[Shift]],"Mid Shift",Table1[[#All],[OFF2]],"OT",Table1[[#All],[Department]],Dashboard!A24) -> 0 | G25: =COUNTIFS(Roster!V:V,"P",Roster!Q:Q,"CRET",Roster!L:L,"Mid Shift",Roster!R:R,"Direct",Roster!G:G,"AUH1") -> 0 | H25: =COUNTIFS(Roster!V:V,"SL",Roster!Q:Q,"CRET",Roster!L:L,"Mid Shift",Roster!R:R,"Direct",Roster!G:G,"AUH1") -> 0 | I25: =COUNTIFS(Roster!V:V,"AB",Roster!Q:Q,"CRET",Roster!L:L,"Mid Shift",Roster!R:R,"Direct",Roster!G:G,"AUH1")+COUNTIFS(Roster!V:V,"ABWI",Roster!Q:Q,"CRET",Roster!L:L,"Mid Shift",Roster!R:R,"Direct",Roster!G:G,"AUH1") -> 0 | J25: =SUM(G25:I25,)+SUM(C25:E25) -> 0 | K25: =(J25-D25)-C25-F25 -> 0 | M25: =(G25-F25)/(K25) -> #DIV/0! | N25: =G25/K25 -> #DIV/0!
B26: Night Shift | C26: =COUNTIFS(Roster!V:V,"0",Roster!Q:Q,"CRET",Roster!L:L,"Night Shift",Roster!R:R,"Direct",Roster!G:G,"AUH1") -> 0 | D26: =COUNTIFS(Roster!V:V,"OFF",Roster!Q:Q,"CRET",Roster!L:L,"Night Shift",Roster!R:R,"Direct",Roster!G:G,"AUH1") -> 26 | E26: =COUNTIFS(Roster!V:V,"PL",Roster!Q:Q,"CRET",Roster!L:L,"Night Shift",Roster!R:R,"Direct",Roster!G:G,"AUH1") -> 2 | F26: =COUNTIFS(Table1[[#All],[Building]],"AUH1",Table1[[#All],[Shift]],"Night Shift",Table1[[#All],[OFF1]],"OT",Table1[[#All],[Department]],Dashboard!A24)+COUNTIFS(Table1[[#All],[Building]],"AUH1",Table1[[#All],[Shift]],"Night Shift",Table1[[#All],[OFF2]],"OT",Table1[[#All],[Department]],Dashboard!A24) -> 0 | G26: =COUNTIFS(Roster!V:V,"P",Roster!Q:Q,"CRET",Roster!L:L,"Night Shift",Roster!R:R,"Direct",Roster!G:G,"AUH1") -> 56 | H26: =COUNTIFS(Roster!V:V,"SL",Roster!Q:Q,"CRET",Roster!L:L,"Night Shift",Roster!R:R,"Direct",Roster!G:G,"AUH1") -> 0 | I26: =COUNTIFS(Roster!V:V,"AB",Roster!Q:Q,"CRET",Roster!L:L,"Night Shift",Roster!R:R,"Direct",Roster!G:G,"AUH1")+COUNTIFS(Roster!V:V,"ABWI",Roster!Q:Q,"CRET",Roster!L:L,"Night Shift",Roster!R:R,"Direct",Roster!G:G,"AUH1") -> 2 | J26: =SUM(G26:I26,)+SUM(C26:E26) -> 86 | K26: =(J26-D26)-C26-F26 -> 60 | L26: 0.915 | M26: =(G26-F26)/(K26) -> 0.93333333 | N26: =G26/K26 -> 0.93333333
A27: CRET Total | C27: =SUM(C24:C26) -> 0 | D27: =SUM(D24:D26) -> 59 | E27: =SUM(E24:E26) -> 9 | F27: =SUM(F24:F26) -> 0 | G27: =SUM(G24:G26) -> 144 | H27: =SUM(H24:H26) -> 3 | I27: =SUM(I24:I26) -> 3 | J27: =SUM(J24:J26) -> 218 | K27: =SUM(K24:K26) -> 159 | L27: 0.90875 | M27: =(G27-F27)/(K27) -> 0.90566038 | N27: =G27/K27 -> 0.90566038 | O27: =L27*K27 -> 144.49125 | P27: =G27-F27 -> 144 | Q27: =P27-O27 -> -0.49125
A28: Grand Total | C28: =C15+C19+C23+C27 -> 0 | D28: =D15+D19+D23+D27 -> 422 | E28: =E15+E19+E23+E27 -> 38 | F28: =F15+F19+F23+F27 -> 16 | G28: =G15+G19+G23+G27 -> 752 | H28: =H15+H19+H23+H27 -> 13 | I28: =I15+I19+I23+I27 -> 9 | J28: =J15+J19+J23+J27 -> 1234 | K28: =K15+K19+K23+K27 -> 796 | L28: =J9 -> 0.89366083 | M28: =(G28-F28)/(K28) -> 0.92462312 | N28: =G28/K28 -> 0.94472362 | O28: =L28*K28 -> 711.35402 | P28: =G28-F28 -> 736 | Q28: =P28-O28 -> 24.645982
E30: =E6/(D6-F6) -> 0.058080808 | F30: DS | G30: =G6/(D6-F6) -> 0.037878788
E31: =E9/(D9-F9) -> 0.048717949 | F31: Overall | G31: =G9/(D9-F9) -> 0.028205128
E32: =E8/(D8-F8) -> 0.0390625 | F32: NS | G32: =G8/(D8-F8) -> 0.018229167

Sheet Roster
A1: Date | B1: 46258 | C1: =TEXT(B1,"dddd") -> Monday | F1: Target | G1: 0.0713 | S1: P | T1: Present | U1: SL
S2: AB | T2: Absent | U2: EL
S3: PL | T3: Any Planned Leave | U3: ABWI
S4: OFF | T4: Weekly Off | U4: 0
A6: S.No | B6: Psoft No | C6: AMZ ID | D6: EMP Name | E6: Employment Type | F6: Country | G6: Building | H6: Column1 | I6: Column2 | J6: LOB | K6: Cost Center | L6: Shift | M6: Shift Difference | N6: OFF1 | O6: OFF2 | P6: Job Title | Q6: Department | R6: Type | S6: 3P | T6: Line Manager Login | U6: Line Manager | V6: Attendance | W6: Remarks | X6: DOJ | Y6: Process Path | Z6: DWD Dashboard | AA6: GB LEAVES
A7: 1 | B7: 206875258 | C7: bakabdal | D7: ABDALLAH ABDALLAH ISSA | E7: Temporary | F7: UAE | G7: AUH1 | H7: =VLOOKUP(Table1[[#This Row],[Psoft No]],[1]Roster!$C$2:$H$1402,6,) -> AUH1 | I7: =Table1[[#This Row],[Building]]=Table1[[#This Row],[Column1]] -> TRUE | J7: FC | K7: 1299 | L7: Day Shift | M7: NA | N7: Sunday | O7: Monday | P7: Warehouse Associate 8W | Q7: CRET | R7: Direct | S7: Dulsco | T7: aanso | U7: Sohail,Anis | V7: OFF | X7: 46051 | Y7: Customer Returns | Z7: Not Present | AA7: 0
A8: 2 | B8: 206873715 | C8: zkasabda | D8: ABDALLAH KASSIM | E8: Temporary | F8: UAE | G8: AUH1 | H8: =VLOOKUP(Table1[[#This Row],[Psoft No]],[1]Roster!$C$2:$H$1402,6,) -> AUH1 | I8: =Table1[[#This Row],[Building]]=Table1[[#This Row],[Column1]] -> TRUE | J8: FC | K8: 1299 | L8: Day Shift | M8: NA | N8: Saturday | O8: Sunday | P8: Warehouse Associate 8W | Q8: CRET | R8: Direct | S8: Dulsco | T8: aanso | U8: Sohail,Anis | V8: =VLOOKUP(Table1[[#This Row],[Psoft No]],[2]Sheet1!$A$2:$G$386,7,0) -> P | X8: 46020 | Y8: Customer Returns | Z8: Present | AA8: 0
A9: 3 | B9: 203679309 | C9: njitaria | D9: Abdel Koudous Njitari Mah | E9: Temporary | F9: UAE | G9: AUH1 | H9: =VLOOKUP(Table1[[#This Row],[Psoft No]],[1]Roster!$C$2:$H$1402,6,) -> AUH1 | I9: =Table1[[#This Row],[Building]]=Table1[[#This Row],[Column1]] -> TRUE | J9: FC | K9: 1299 | L9: Night Shift | M9: NA | N9: Sunday | O9: Monday | P9: Warehouse Associate 12M | Q9: CRET | R9: Direct | S9: Fastlink | T9: aanso | U9: Sohail,Anis | V9: OFF | X9: 45488 | Y9: Customer Returns | Z9: Not Present | AA9: 0
A10: 4 | B10: 204864408 | C10: iddabdud | D10: ABDULMALIK IDDRISU | E10: Temporary | F10: UAE | G10: AUH1 | H10: =VLOOKUP(Table1[[#This Row],[Psoft No]],[1]Roster!$C$2:$H$1402,6,) -> AUH1 | I10: =Table1[[#This Row],[Building]]=Table1[[#This Row],[Column1]] -> TRUE | J10: FC | K10: 1299 | L10: Night Shift | M10: NA | N10: Sunday | O10: Monday | P10: Warehouse Associate 8W | Q10: CRET | R10: Direct | S10: Dulsco | T10: aanso | U10: Sohail,Anis | V10: OFF | X10: 45684 | Y10: Customer Returns | Z10: Not Present | AA10: 0
A11: 5 | B11: 203800376 | C11: kiwanuab | D11: ABDURASHID KIWANUKA | E11: Temporary | F11: UAE | G11: AUH1 | H11: =VLOOKUP(Table1[[#This Row],[Psoft No]],[1]Roster!$C$2:$H$1402,6,) -> AUH1 | I11: =Table1[[#This Row],[Building]]=Table1[[#This Row],[Column1]] -> TRUE | J11: FC | K11: 1299 | L11: Day Shift | M11: NA | N11: Wednesday | O11: Thursday | P11: Warehouse Associate 8W | Q11: CRET | R11: Direct | S11: Dulsco | T11: aanso | U11: Sohail,Anis | V11: =VLOOKUP(Table1[[#This Row],[Psoft No]],[2]Sheet1!$A$2:$G$386,7,0) -> P | X11: 45516 | Y11: Customer Returns | Z11: Present | AA11: 0
A12: 6 | B12: 206953791 | C12: abubodon | D12: ABUBAKAESWIDIQ ODONGO | E12: Temporary | F12: UAE | G12: AUH1 | H12: =VLOOKUP(Table1[[#This Row],[Psoft No]],[1]Roster!$C$2:$H$1402,6,) -> AUH1 | I12: =Table1[[#This Row],[Building]]=Table1[[#This Row],[Column1]] -> TRUE | J12: FC | K12: 1299 | L12: Day Shift | M12: NA | N12: Thursday | O12: Friday | P12: Warehouse Associate 24M | Q12: CRET | R12: Direct | S12: Dulsco | T12: aanso | U12: Sohail,Anis | V12: =VLOOKUP(Table1[[#This Row],[Psoft No]],[2]Sheet1!$A$2:$G$386,7,0) -> P | X12: 46048 | Y12: Customer Returns | Z12: Present | AA12: 0
A13: 7 | B13: 205608373 | C13: tiacquah | D13: ACQUAH TIMOTHY | E13: Temporary | F13: UAE | G13: AUH1 | H13: =VLOOKUP(Table1[[#This Row],[Psoft No]],[1]Roster!$C$2:$H$1402,6,) -> AUH1 | I13: =Table1[[#This Row],[Building]]=Table1[[#This Row],[Column1]] -> TRUE | J13: FC | K13: 1299 | L13: Night Shift | M13: NA | N13: Wednesday | O13: Thursday | P13: Warehouse Associate 8W | Q13: CRET | R13: Direct | S13: Dulsco | T13: aanso | U13: Sohail,Anis | V13: P | X13: 45845 | Y13: Customer Returns | Z13: Present | AA13: 0
A14: 8 | B14: 204869098 | C14: rosadamu | D14: Adams,Rose | E14: Temporary | F14: UAE | G14: AUH1 | H14: =VLOOKUP(Table1[[#This Row],[Psoft No]],[1]Roster!$C$2:$H$1402,6,) -> AUH1 | I14: =Table1[[#This Row],[Building]]=Table1[[#This Row],[Column1]] -> TRUE | J14: FC | K14: 1299 | L14: Night Shift | M14: NA | N14: Friday | O14: Saturday | P14: Warehouse Associate 8W | Q14: CRET | R14: Direct | S14: Quesscorp | T14: aanso | U14: Sohail,Anis | V14: P | X14: 45691 | Y14: Customer Returns | Z14: Present | AA14: 0
A15: 9 | B15: 206875144 | C15: ramaafid | D15: AFIDHU SWAMADU RAMADHANI | E15: Temporary | F15: UAE | G15: AUH1 | H15: =VLOOKUP(Table1[[#This Row],[Psoft No]],[1]Roster!$C$2:$H$1402,6,) -> AUH1 | I15: =Table1[[#This Row],[Building]]=Table1[[#This Row],[Column1]] -> TRUE | J15: FC | K15: 1299 | L15: Night Shift | M15: NA | N15: Sunday | O15: Monday | P15: Warehouse Associate 8W | Q15: CRET | R15: Direct | S15: Dulsco | T15: aanso | U15: Sohail,Anis | V15: OFF | X15: 46020 | Y15: Customer Returns | Z15: Not Present | AA15: 0
A16: 10 | B16: 204299542 | C16: ahmeumef | D16: Ahmed Tidjan Mefire Nchankou | E16: Temporary | F16: UAE | G16: AUH1 | H16: =VLOOKUP(Table1[[#This Row],[Psoft No]],[1]Roster!$C$2:$H$1402,6,) -> AUH1 | I16: =Table1[[#This Row],[Building]]=Table1[[#This Row],[Column1]] -> TRUE | J16: FC | K16: 1299 | L16: Night Shift | M16: NA | N16: Thursday | O16: Friday | P16: Warehouse Associate 8W | Q16: CRET | R16: Direct | S16: Quesscorp | T16: aanso | U16: Sohail,Anis | V16: P | X16: 45586 | Y16: Customer Returns | Z16: Present | AA16: 0
A17: 11 | B17: 206873708 | C17: xaijueli | D17: AIJUKA ELIYA | E17: Temporary | F17: UAE | G17: AUH1 | H17: =VLOOKUP(Table1[[#This Row],[Psoft No]],[1]Roster!$C$2:$H$1402,6,) -> AUH1 | I17: =Table1[[#This Row],[Building]]=Table1[[#This Row],[Column1]] -> TRUE | J17: FC | K17: 1299 | L17: Day Shift | M17: NA | N17: Saturday | O17: Sunday | P17: Warehouse Associate 8W | Q17: CRET | R17: Direct | S17: Dulsco | T17: aanso | U17: Sohail,Anis | V17: =VLOOKUP(Table1[[#This Row],[Psoft No]],[2]Sheet1!$A$2:$G$386,7,0) -> P | X17: 46020 | Y17: Customer Returns | Z17: Present | AA17: 0
A18: 12 | B18: 203469458 | C18: ndanzyco | D18: CongratesMoforkengNdanze | E18: Temporary | F18: UAE | G18: AUH1 | H18: =VLOOKUP(Table1[[#This Row],[Psoft No]],[1]Roster!$C$2:$H$1402,6,) -> AUH1 | I18: =Table1[[#This Row],[Building]]=Table1[[#This Row],[Column1]] -> TRUE | J18: FC | K18: 1299 | L18: Day Shift | M18: NA | N18: Monday | O18: Tuesday | P18: Warehouse Associate 24M | Q18: CRET | R18: Direct | S18: Adecco | T18: aanso | U18: Sohail,Anis | V18: OFF | X18: 45456 | Y18: Customer Returns | Z18: Not Present | AA18: Carry Forwarded Annual Leave
A19: 13 | B19: 204403651 | C19: jalanssh | D19: ALAN SHIJU SHIJU | E19: Temporary | F19: UAE | G19: AUH1 | H19: =VLOOKUP(Table1[[#This Row],[Psoft No]],[1]Roster!$C$2:$H$1402,6,) -> AUH1 | I19: =Table1[[#This Row],[Building]]=Table1[[#This Row],[Column1]] -> TRUE | J19: FC | K19: 1299 | L19: Night Shift | M19: NA | N19: Wednesday | O19: Thursday | P19: Warehouse Associate 24M | Q19: CRET | R19: Direct | S19: Adecco | T19: aanso | U19: Sohail,Anis | V19: P | X19: 45596 | Y19: Customer Returns | Z19: Present | AA19: 0
A20: 14 | B20: 204299562 | C20: alectilo | D20: AlecTilowakuti | E20: Temporary | F20: UAE | G20: AUH1 | H20: =VLOOKUP(Table1[[#This Row],[Psoft No]],[1]Roster!$C$2:$H$1402,6,) -> AUH1 | I20: =Table1[[#This Row],[Building]]=Table1[[#This Row],[Column1]] -> TRUE | J20: FC | K20: 1299 | L20: Night Shift | M20: NA | N20: Monday | O20: Tuesday | P20: Warehouse Associate 24M | Q20: CRET | R20: Direct | S20: Quesscorp | T20: aanso | U20: Sohail,Anis | V20: OFF | X20: 45586 | Y20: Customer Returns | Z20: Not Present | AA20: 0
A21: 15 | B21: 206949071 | C21: alemuyom | D21: ALEX MUYOMBA | E21: Temporary | F21: UAE | G21: AUH1 | H21: =VLOOKUP(Table1[[#This Row],[Psoft No]],[1]Roster!$C$2:$H$1402,6,) -> AUH1 | I21: =Table1[[#This Row],[Building]]=Table1[[#This Row],[Column1]] -> TRUE | J21: FC | K21: 1299 | L21: Night Shift | M21: NA | N21: Thursday | O21: Friday | P21: Warehouse Associate 24M | Q21: CRET | R21: Direct | S21: Dulsco | T21: aanso | U21: Sohail,Anis | V21: P | X21: 46048 | Y21: Customer Returns | Z21: Present | AA21: 0
A22: 16 | B22: 203083928 | C22: galeowus | D22: Alex Owusu | E22: Temporary | F22: UAE | G22: AUH1 | H22: =VLOOKUP(Table1[[#This Row],[Psoft No]],[1]Roster!$C$2:$H$1402,6,) -> AUH1 | I22: =Table1[[#This Row],[Building]]=Table1[[#This Row],[Column1]] -> TRUE | J22: FC | K22: 1299 | L22: Day Shift | M22: NA | N22: Wednesday | O22: Thursday | P22: Warehouse Associate 12M | Q22: CRET | R22: Direct | S22: Fastlink | T22: aanso | U22: Sohail,Anis | V22: =VLOOKUP(Table1[[#This Row],[Psoft No]],[2]Sheet1!$A$2:$G$386,7,0) -> P | X22: 45488 | Y22: Customer Returns | Z22: Present | AA22: 0
A23: 17 | B23: 206926473 | C23: kwailaga | D23: ALI WAILAGALA | E23: Temporary | F23: UAE | G23: AUH1 | H23: =VLOOKUP(Table1[[#This Row],[Psoft No]],[1]Roster!$C$2:$H$1402,6,) -> AUH1 | I23: =Table1[[#This Row],[Building]]=Table1[[#This Row],[Column1]] -> TRUE | J23: FC | K23: 1299 | L23: Day Shift | M23: NA | N23: Tuesday | O23: Wednesday | P23: Warehouse Associate 8W | Q23: CRET | R23: Direct | S23: Dulsco | T23: aanso | U23: Sohail,Anis | V23: =VLOOKUP(Table1[[#This Row],[Psoft No]],[2]Sheet1!$A$2:$G$386,7,0) -> P | X23: 46048 | Y23: Customer Returns | Z23: Present | AA23: 0
A24: 18 | B24: 203469072 | C24: aliallaf | D24: Allafha Ali | E24: Temporary | F24: UAE | G24: AUH1 | H24: =VLOOKUP(Table1[[#This Row],[Psoft No]],[1]Roster!$C$2:$H$1402,6,) -> AUH1 | I24: =Table1[[#This Row],[Building]]=Table1[[#This Row],[Column1]] -> TRUE | J24: FC | K24: 1299 | L24: Night Shift | M24: NA | N24: Friday | O24: Saturday | P24: Warehouse Associate 12M | Q24: CRET | R24: Direct | S24: Fastlink | T24: aanso | U24: Sohail,Anis | V24: P | X24: 45456 | Y24: Customer Returns | Z24: Present | AA24: 0
A25: 19 | B25: 206875142 | C25: ddumalla | D25: ALLAN DDUMBA SSENTAMU | E25: Temporary | F25: UAE | G25: AUH1 | H25: =VLOOKUP(Table1[[#This Row],[Psoft No]],[1]Roster!$C$2:$H$1402,6,) -> AUH1 | I25: =Table1[[#This Row],[Building]]=Table1[[#This Row],[Column1]] -> TRUE | J25: FC | K25: 1299 | L25: Night Shift | M25: NA | N25: Sunday | O25: Monday | P25: Warehouse Associate 8W | Q25: CRET | R25: Direct | S25: Dulsco | T25: aanso | U25: Sohail,Anis | V25: OFF | X25: 46020 | Y25: Customer Returns | Z25: Not Present | AA25: 0
A26: 20 | B26: 206953811 | C26: allanmub | D26: ALLAN MUBANGIZI | E26: Temporary | F26: UAE | G26: AUH1 | H26: =VLOOKUP(Table1[[#This Row],[Psoft No]],[1]Roster!$C$2:$H$1402,6,) -> AUH1 | I26: =Table1[[#This Row],[Building]]=Table1[[#This Row],[Column1]] -> TRUE | J26: FC | K26: 1299 | L26: Night Shift | M26: NA | N26: Thursday | O26: Friday | P26: Warehouse Associate 24M | Q26: CRET | R26: Direct | S26: Dulsco | T26: bavameer | U26: Meera,Bava Bahrudeen | V26: P | X26: 46048 | Y26: Customer Returns | Z26: Present | AA26: 0
A27: 21 | B27: 206875146 | C27: alphaatk | D27: ALPHA ATHANASIO KINYAPALA | E27: Temporary | F27: UAE | G27: AUH1 | H27: =VLOOKUP(Table1[[#This Row],[Psoft No]],[1]Roster!$C$2:$H$1402,6,) -> AUH1 | I27: =Table1[[#This Row],[Building]]=Table1[[#This Row],[Column1]] -> TRUE | J27: FC | K27: 1299 | L27: Night Shift | M27: NA | N27: Saturday | O27: Sunday | P27: Warehouse Associate 8W | Q27: CRET | R27: Direct | S27: Dulsco | T27: aanso | U27: Sohail,Anis | V27: P | X27: 46020 | Y27: Customer Returns | Z27: Present | AA27: 0
A28: 22 | B28: 205496017 | C28: roambili | D28: AmbiliaRop | E28: Temporary | F28: UAE | G28: AUH1 | H28: =VLOOKUP(Table1[[#This Row],[Psoft No]],[1]Roster!$C$2:$H$1402,6,) -> AUH1 | I28: =Table1[[#This Row],[Building]]=Table1[[#This Row],[Column1]] -> TRUE | J28: FC | K28: 1299 | L28: Night Shift | M28: NA | N28: Tuesday | O28: Wednesday | P28: Warehouse Associate 8W | Q28: CRET | R28: Direct | S28: EFS | T28: aanso | U28: Sohail,Anis | V28: P | X28: 45831 | Y28: Customer Returns | Z28: Present | AA28: 0
A29: 23 | B29: 206294541 | C29: amkkamar | D29: AMIDU KAMARA | E29: Temporary | F29: UAE | G29: AUH1 | H29: =VLOOKUP(Table1[[#This Row],[Psoft No]],[1]Roster!$C$2:$H$1402,6,) -> AUH1 | I29: =Table1[[#This Row],[Building]]=Table1[[#This Row],[Column1]] -> TRUE | J29: FC | K29: 1299 | L29: Night Shift | M29: NA | N29: Thursday | O29: Friday | P29: Warehouse Associate 8W | Q29: CRET | R29: Direct | S29: EFS | T29: aanso | U29: Sohail,Anis | V29: P | X29: 45950 | Y29: Customer Returns | Z29: Present | AA29: 0
A30: 24 | B30: 203800382 | C30: abaaamon | D30: AMON ABAASA | E30: Temporary | F30: UAE | G30: AUH1 | H30: =VLOOKUP(Table1[[#This Row],[Psoft No]],[1]Roster!$C$2:$H$1402,6,) -> AUH1 | I30: =Table1[[#This Row],[Building]]=Table1[[#This Row],[Column1]] -> TRUE | J30: FC | K30: 1299 | L30: Day Shift | M30: NA | N30: Thursday | O30: Friday | P30: Warehouse Associate 8W | Q30: CRET | R30: Direct | S30: Dulsco | T30: aanso | U30: Sohail,Anis | V30: =VLOOKUP(Table1[[#This Row],[Psoft No]],[2]Sheet1!$A$2:$G$386,7,0) -> P | X30: 45516 | Y30: Customer Returns | Z30: Present | AA30: 0
A31: 25 | B31: 206930700 | C31: andmutun | D31: ANDREW MUTUNGI | E31: Temporary | F31: UAE | G31: AUH1 | H31: =VLOOKUP(Table1[[#This Row],[Psoft No]],[1]Roster!$C$2:$H$1402,6,) -> AUH1 | I31: =Table1[[#This Row],[Building]]=Table1[[#This Row],[Column1]] -> TRUE | J31: FC | K31: 1299 | L31: Day Shift | M31: NA | N31: Saturday | O31: Sunday | P31: Warehouse Associate 24M | Q31: CRET | R31: Direct | S31: Dulsco | T31: aanso | U31: Sohail,Anis | V31: =VLOOKUP(Table1[[#This Row],[Psoft No]],[2]Sheet1!$A$2:$G$386,7,0) -> P | X31: 46048 | Y31: Customer Returns | Z31: Present | AA31: 0
A32: 26 | B32: 206953786 | C32: qnamacha | D32: asante namacha | E32: Temporary | F32: UAE | G32: AUH1 | H32: =VLOOKUP(Table1[[#This Row],[Psoft No]],[1]Roster!$C$2:$H$1402,6,) -> AUH1 | I32: =Table1[[#This Row],[Building]]=Table1[[#This Row],[Column1]] -> TRUE | J32: FC | K32: 1299 | L32: Day Shift | M32: NA | N32: Sunday | O32: Monday | P32: Warehouse Associate 8W | Q32: CRET | R32: Direct | S32: Dulsco | T32: aanso | U32: Sohail,Anis | V32: OFF | X32: 46048 | Y32: Customer Returns | Z32: Not Present | AA32: 0
A33: 27 | B33: 206875143 | C33: asantimb | D33: ASANTIANO MICHAEL MWANGULE | E33: Temporary | F33: UAE | G33: AUH1 | H33: =VLOOKUP(Table1[[#This Row],[Psoft No]],[1]Roster!$C$2:$H$1402,6,) -> AUH1 | I33: =Table1[[#This Row],[Building]]=Table1[[#This Row],[Column1]] -> TRUE | J33: FC | K33: 1299 | L33: Day Shift | M33: NA | N33: Sunday | O33: Monday | P33: Warehouse Associate 8W | Q33: CRET | R33: Direct | S33: Dulsco | T33: aanso | U33: Sohail,Anis | V33: OFF | X33: 46020 | Y33: Customer Returns | Z33: Not Present | AA33: 0
A34: 28 | B34: 205647826 | C34: bjemuasc | D34: AscaJemutai | E34: Temporary | F34: UAE | G34: AUH1 | H34: =VLOOKUP(Table1[[#This Row],[Psoft No]],[1]Roster!$C$2:$H$1402,6,) -> AUH1 | I34: =Table1[[#This Row],[Building]]=Table1[[#This Row],[Column1]] -> TRUE | J34: FC | K34: 1299 | L34: Night Shift | M34: NA | N34: Friday | O34: Saturday | P34: Warehouse Associate 8W | Q34: CRET | R34: Direct | S34: EFS | T34: aanso | U34: Sohail,Anis | V34: P | X34: 45852 | Y34: Customer Returns | Z34: Present | AA34: 0
A35: 29 | B35: 206875148 | C35: kiyimash | D35: ASHIRAF KIYIMBA | E35: Temporary | F35: UAE | G35: AUH1 | H35: =VLOOKUP(Table1[[#This Row],[Psoft No]],[1]Roster!$C$2:$H$1402,6,) -> AUH1 | I35: =Table1[[#This Row],[Building]]=Table1[[#This Row],[Column1]] -> TRUE | J35: FC | K35: 1299 | L35: Night Shift | M35: NA | N35: Thursday | O35: Friday | P35: Warehouse Associate 8W | Q35: CRET | R35: Direct | S35: Dulsco | T35: aanso | U35: Sohail,Anis | V35: P | X35: 46020 | Y35: Customer Returns | Z35: Present | AA35: 0
A36: 30 | B36: 205609430 | C36: sarpoatt | D36: ATTA AGYEKUM SARPONG | E36: Temporary | F36: UAE | G36: AUH1 | H36: =VLOOKUP(Table1[[#This Row],[Psoft No]],[1]Roster!$C$2:$H$1402,6,) -> AUH1 | I36: =Table1[[#This Row],[Building]]=Table1[[#This Row],[Column1]] -> TRUE | J36: FC | K36: 1299 | L36: Night Shift | M36: NA | N36: Monday | O36: Tuesday | P36: Warehouse Associate 8W | Q36: CRET | R36: Direct | S36: Dulsco | T36: aanso | U36: Sohail,Anis | V36: OFF | X36: 45845 | Y36: Customer Returns | Z36: Not Present | AA36: 0
A37: 31 | B37: 203555399 | C37: berchimh | D37: Bernadette Tarrio Chimhau | E37: Temporary | F37: UAE | G37: AUH1 | H37: =VLOOKUP(Table1[[#This Row],[Psoft No]],[1]Roster!$C$2:$H$1402,6,) -> AUH1 | I37: =Table1[[#This Row],[Building]]=Table1[[#This Row],[Column1]] -> TRUE | J37: FC | K37: 1299 | L37: Day Shift | M37: NA | N37: Thursday | O37: Friday | P37: Warehouse Associate 12M | Q37: CRET | R37: Direct | S37: Fastlink | T37: aanso | U37: Sohail,Anis | V37: =VLOOKUP(Table1[[#This Row],[Psoft No]],[2]Sheet1!$A$2:$G$386,7,0) -> P | X37: 45470 | Y37: Customer Returns | Z37: Present | AA37: 0
A38: 32 | B38: 205997628 | C38: gbnyiren | D38: BRENDANYIRENDASINGINI | E38: Temporary | F38: UAE | G38: AUH1 | H38: =VLOOKUP(Table1[[#This Row],[Psoft No]],[1]Roster!$C$2:$H$1402,6,) -> AUH1 | I38: =Table1[[#This Row],[Building]]=Table1[[#This Row],[Column1]] -> TRUE | J38: FC | K38: 1299 | L38: Day Shift | M38: NA | N38: Thursday | O38: Friday | P38: Warehouse Associate 8W | Q38: CRET | R38: Direct | S38: Fastlink | T38: aanso | U38: Sohail,Anis | V38: =VLOOKUP(Table1[[#This Row],[Psoft No]],[2]Sheet1!$A$2:$G$386,7,0) -> P | X38: 45915 | Y38: Customer Returns | Z38: Present | AA38: 0
A39: 33 | B39: 203555402 | C39: brerubay | D39: BrendaRubaya | E39: Temporary | F39: UAE | G39: AUH1 | H39: =VLOOKUP(Table1[[#This Row],[Psoft No]],[1]Roster!$C$2:$H$1402,6,) -> AUH1 | I39: =Table1[[#This Row],[Building]]=Table1[[#This Row],[Column1]] -> TRUE | J39: FC | K39: 1299 | L39: Night Shift | M39: NA | N39: Thursday | O39: Friday | P39: Warehouse Associate 12M | Q39: CRET | R39: Direct | S39: Fastlink | T39: aanso | U39: Sohail,Anis | V39: P | X39: 45470 | Y39: Customer Returns | Z39: Present | AA39: 0
A40: 34 | B40: 206953810 | C40: pbmateke | D40: BRIAN MATEKE | E40: Temporary | F40: UAE | G40: AUH1 | H40: =VLOOKUP(Table1[[#This Row],[Psoft No]],[1]Roster!$C$2:$H$1402,6,) -> AUH1 | I40: =Table1[[#This Row],[Building]]=Table1[[#This Row],[Column1]] -> TRUE | J40: FC | K40: 1299 | L40: Day Shift | M40: NA | N40: Tuesday | O40: Wednesday | P40: Warehouse Associate 24M | Q40: CRET | R40: Direct | S40: Dulsco | T40: aanso | U40: Sohail,Anis | V40: =VLOOKUP(Table1[[#This Row],[Psoft No]],[2]Sheet1!$A$2:$G$386,7,0) -> P | X40: 46048 | Y40: Customer Returns | Z40: Present | AA40: 0
A41: 35 | B41: 204299899 | C41: ybbright | D41: BrightBonah | E41: Temporary | F41: UAE | G41: AUH1 | H41: =VLOOKUP(Table1[[#This Row],[Psoft No]],[1]Roster!$C$2:$H$1402,6,) -> AUH1 | I41: =Table1[[#This Row],[Building]]=Table1[[#This Row],[Column1]] -> TRUE | J41: FC | K41: 1299 | L41: Night Shift | M41: NA | N41: Saturday | O41: Sunday | P41: Warehouse Associate 24M | Q41: CRET | R41: Direct | S41: Quesscorp | T41: aanso | U41: Sohail,Anis | V41: P | X41: 45589 | Y41: Customer Returns | Z41: Present | AA41: 0
A42: 36 | B42: 206953815 | C42: muhbrigh | D42: BRIGHTON MUHEREZA | E42: Temporary | F42: UAE | G42: AUH1 | H42: =VLOOKUP(Table1[[#This Row],[Psoft No]],[1]Roster!$C$2:$H$1402,6,) -> AUH1 | I42: =Table1[[#This Row],[Building]]=Table1[[#This Row],[Column1]] -> TRUE | J42: FC | K42: 1299 | L42: Day Shift | M42: NA | N42: Tuesday | O42: Wednesday | P42: Warehouse Associate 24M | Q42: CRET | R42: Direct | S42: Dulsco | T42: aanso | U42: Sohail,Anis | V42: =VLOOKUP(Table1[[#This Row],[Psoft No]],[2]Sheet1!$A$2:$G$386,7,0) -> P | X42: 46048 | Y42: Customer Returns | Z42: Present | AA42: 0
A43: 37 | B43: 206016551 | C43: brigtawu | D43: BRIGHTONTAWUYANARGWO | E43: Temporary | F43: UAE | G43: AUH1 | H43: =VLOOKUP(Table1[[#This Row],[Psoft No]],[1]Roster!$C$2:$H$1402,6,) -> AUH1 | I43: =Table1[[#This Row],[Building]]=Table1[[#This Row],[Column1]] -> TRUE | J43: FC | K43: 1299 | L43: Day Shift | M43: NA | N43: Saturday | O43: Sunday | P43: Warehouse Associate 8W | Q43: CRET | R43: Direct | S43: Fastlink | T43: aanso | U43: Sohail,Anis | V43: =VLOOKUP(Table1[[#This Row],[Psoft No]],[2]Sheet1!$A$2:$G$386,7,0) -> P | X43: 45915 | Y43: Customer Returns | Z43: Present | AA43: 0
A44: 38 | B44: 203741547 | C44: okrahcha | D44: CHARLESOKRAH | E44: Temporary | F44: UAE | G44: AUH1 | H44: =VLOOKUP(Table1[[#This Row],[Psoft No]],[1]Roster!$C$2:$H$1402,6,) -> AUH1 | I44: =Table1[[#This Row],[Building]]=Table1[[#This Row],[Column1]] -> TRUE | J44: FC | K44: 1299 | L44: Day Shift | M44: NA | N44: Friday | O44: Saturday | P44: Warehouse Associate 12M | Q44: CRET | R44: Direct | S44: Fastlink | T44: aanso | U44: Sohail,Anis | V44: =VLOOKUP(Table1[[#This Row],[Psoft No]],[2]Sheet1!$A$2:$G$386,7,0) -> P | X44: 45517 | Y44: Customer Returns | Z44: Present | AA44: 0
A45: 39 | B45: 205608617 | C45: chaoseip | D45: CHARLESOSEI-POKU | E45: Temporary | F45: UAE | G45: AUH1 | H45: =VLOOKUP(Table1[[#This Row],[Psoft No]],[1]Roster!$C$2:$H$1402,6,) -> AUH1 | I45: =Table1[[#This Row],[Building]]=Table1[[#This Row],[Column1]] -> TRUE | J45: FC | K45: 1299 | L45: Day Shift | M45: NA | N45: Monday | O45: Tuesday | P45: Warehouse Associate 8W | Q45: CRET | R45: Direct | S45: Dulsco | T45: aanso | U45: Sohail,Anis | V45: OFF | X45: 45845 | Y45: Customer Returns | Z45: Not Present | AA45: 0
A46: 40 | B46: 206953974 | C46: chawezih | D46: CHAWEZI GERESHOM HARAWA | E46: Temporary | F46: UAE | G46: AUH1 | H46: =VLOOKUP(Table1[[#This Row],[Psoft No]],[1]Roster!$C$2:$H$1402,6,) -> AUH1 | I46: =Table1[[#This Row],[Building]]=Table1[[#This Row],[Column1]] -> TRUE | J46: FC | K46: 1299 | L46: Day Shift | M46: NA | N46: Tuesday | O46: Wednesday | P46: Warehouse Associate 24M | Q46: CRET | R46: Direct | S46: Dulsco | T46: aanso | U46: Sohail,Anis | V46: =VLOOKUP(Table1[[#This Row],[Psoft No]],[2]Sheet1!$A$2:$G$386,7,0) -> P | X46: 46048 | Y46: Customer Returns | Z46: Present | AA46: 0
A47: 41 | B47: 203555403 | C47: chsampan | D47: ChristianaYamigmahSampana | E47: Temporary | F47: UAE | G47: AUH1 | H47: =VLOOKUP(Table1[[#This Row],[Psoft No]],[1]Roster!$C$2:$H$1402,6,) -> AUH1 | I47: =Table1[[#This Row],[Building]]=Table1[[#This Row],[Column1]] -> TRUE | J47: FC | K47: 1299 | L47: Day Shift | M47: NA | N47: Saturday | O47: Sunday | P47: Warehouse Associate 12M | Q47: CRET | R47: Direct | S47: Fastlink | T47: aanso | U47: Sohail,Anis | V47: =VLOOKUP(Table1[[#This Row],[Psoft No]],[2]Sheet1!$A$2:$G$386,7,0) -> P | X47: 45470 | Y47: Customer Returns | Z47: Present | AA47: 0
A48: 42 | B48: 203736754 | C48: myasaung | D48: Aung Kaung Myat | E48: Temporary | F48: UAE | G48: AUH1 | H48: =VLOOKUP(Table1[[#This Row],[Psoft No]],[1]Roster!$C$2:$H$1402,6,) -> AUH1 | I48: =Table1[[#This Row],[Building]]=Table1[[#This Row],[Column1]] -> TRUE | J48: FC | K48: 1299 | L48: Day Shift | M48: NA | N48: Tuesday | O48: Wednesday | P48: Warehouse Associate 24M | Q48: Inbound | R48: Direct | S48: Adecco | T48: pparsin | U48: Singh,Pardeep | V48: =VLOOKUP(Table1[[#This Row],[Psoft No]],[2]Sheet1!$A$2:$G$386,7,0) -> P | X48: 45502 | Y48: Inbound Stow | Z48: Present | AA48: 0
A49: 43 | B49: 206072867 | C49: ngabirco | D49: CosmaNgabirano | E49: Temporary | F49: UAE | G49: AUH1 | H49: =VLOOKUP(Table1[[#This Row],[Psoft No]],[1]Roster!$C$2:$H$1402,6,) -> AUH1 | I49: =Table1[[#This Row],[Building]]=Table1[[#This Row],[Column1]] -> TRUE | J49: FC | K49: 1299 | L49: Day Shift | M49: NA | N49: Sunday | O49: Monday | P49: Warehouse Associate 8W | Q49: CRET | R49: Direct | S49: Fastlink | T49: aanso | U49: Sohail,Anis | V49: OFF | X49: 45922 | Y49: Customer Returns | Z49: Not Present | AA49: 0
A50: 44 | B50: 206953984 | C50: kamwadan | D50: DANIEL KAMWATHENDO | E50: Temporary | F50: UAE | G50: AUH1 | H50: =VLOOKUP(Table1[[#This Row],[Psoft No]],[1]Roster!$C$2:$H$1402,6,) -> AUH1 | I50: =Table1[[#This Row],[Building]]=Table1[[#This Row],[Column1]] -> TRUE | J50: FC | K50: 1299 | L50: Day Shift | M50: NA | N50: Friday | O50: Saturday | P50: Warehouse Associate 24M | Q50: CRET | R50: Direct | S50: Dulsco | T50: aanso | U50: Sohail,Anis | V50: =VLOOKUP(Table1[[#This Row],[Psoft No]],[2]Sheet1!$A$2:$G$386,7,0) -> P | X50: 46048 | Y50: Customer Returns | Z50: Present | AA50: 0
A51: 45 | B51: 203469449 | C51: daniboah | D51: DanielBoahen | E51: Temporary | F51: UAE | G51: AUH1 | H51: =VLOOKUP(Table1[[#This Row],[Psoft No]],[1]Roster!$C$2:$H$1402,6,) -> AUH1 | I51: =Table1[[#This Row],[Building]]=Table1[[#This Row],[Column1]] -> TRUE | J51: FC | K51: 1299 | L51: Day Shift | M51: NA | N51: Friday | O51: Saturday | P51: Warehouse Associate 24M | Q51: CRET | R51: Direct | S51: Adecco | T51: aanso | U51: Sohail,Anis | V51: =VLOOKUP(Table1[[#This Row],[Psoft No]],[2]Sheet1!$A$2:$G$386,7,0) -> P | X51: 45456 | Y51: Customer Returns | Z51: Present | AA51: 0
A52: 46 | B52: 204299548 | C52: tamahdan | D52: DanielKwekuTamah | E52: Temporary | F52: UAE | G52: AUH1 | H52: =VLOOKUP(Table1[[#This Row],[Psoft No]],[1]Roster!$C$2:$H$1402,6,) -> AUH1 | I52: =Table1[[#This Row],[Building]]=Table1[[#This Row],[Column1]] -> TRUE | J52: FC | K52: 1299 | L52: Day Shift | M52: NA | N52: Saturday | O52: Sunday | P52: Warehouse Associate 8W | Q52: CRET | R52: Direct | S52: Quesscorp | T52: aanso | U52: Sohail,Anis | V52: =VLOOKUP(Table1[[#This Row],[Psoft No]],[2]Sheet1!$A$2:$G$386,7,0) -> P | X52: 45586 | Y52: Customer Returns | Z52: Present | AA52: 0
A53: 47 | B53: 203469051 | C53: bowusuda | D53: DanielOwusu | E53: Temporary | F53: UAE | G53: AUH1 | H53: =VLOOKUP(Table1[[#This Row],[Psoft No]],[1]Roster!$C$2:$H$1402,6,) -> AUH1 | I53: =Table1[[#This Row],[Building]]=Table1[[#This Row],[Column1]] -> TRUE | J53: FC | K53: 1299 | L53: Day Shift | M53: NA | N53: Tuesday | O53: Wednesday | P53: Warehouse Associate 12M | Q53: CRET | R53: Direct | S53: Fastlink | T53: aanso | U53: Sohail,Anis | V53: =VLOOKUP(Table1[[#This Row],[Psoft No]],[2]Sheet1!$A$2:$G$386,7,0) -> P | X53: 45456 | Y53: Customer Returns | Z53: Present | AA53: 0
A54: 48 | B54: 204299544 | C54: daangmor | D54: DanielTeye-KwasiAngmortey | E54: Temporary | F54: UAE | G54: AUH1 | H54: =VLOOKUP(Table1[[#This Row],[Psoft No]],[1]Roster!$C$2:$H$1402,6,) -> AUH1 | I54: =Table1[[#This Row],[Building]]=Table1[[#This Row],[Column1]] -> TRUE | J54: FC | K54: 1299 | L54: Night Shift | M54: NA | N54: Wednesday | O54: Thursday | P54: Warehouse Associate 24M | Q54: CRET | R54: Direct | S54: Quesscorp | T54: aanso | U54: Sohail,Anis | V54: P | X54: 45586 | Y54: Customer Returns | Z54: Present | AA54: 0
A55: 49 | B55: 206949308 | C55: dxogwang | D55: DAVID OGWANG | E55: Temporary | F55: UAE | G55: AUH1 | H55: =VLOOKUP(Table1[[#This Row],[Psoft No]],[1]Roster!$C$2:$H$1402,6,) -> AUH1 | I55: =Table1[[#This Row],[Building]]=Table1[[#This Row],[Column1]] -> TRUE | J55: FC | K55: 1299 | L55: Day Shift | M55: NA | N55: Tuesday | O55: Wednesday | P55: Warehouse Associate 24M | Q55: CRET | R55: Direct | S55: Dulsco | T55: aanso | U55: Sohail,Anis | V55: =VLOOKUP(Table1[[#This Row],[Psoft No]],[2]Sheet1!$A$2:$G$386,7,0) -> P | X55: 46048 | Y55: Customer Returns | Z55: Present | AA55: 0
A56: 50 | B56: 206949309 | C56: devssebb | D56: DEVIS SSEBBUGGA | E56: Temporary | F56: UAE | G56: AUH1 | H56: =VLOOKUP(Table1[[#This Row],[Psoft No]],[1]Roster!$C$2:$H$1402,6,) -> AUH1 | I56: =Table1[[#This Row],[Building]]=Table1[[#This Row],[Column1]] -> TRUE | J56: FC | K56: 1299 | L56: Night Shift | M56: NA | N56: Tuesday | O56: Wednesday | P56: Warehouse Associate 24M | Q56: CRET | R56: Direct | S56: Dulsco | T56: aanso | U56: Sohail,Anis | V56: P | X56: 46048 | Y56: Customer Returns | Z56: Present | AA56: 0
A57: 51 | B57: 102207650 | C57: SUNDARAD | D57: DhakshinamoorthySundaramoorthy | E57: Regular | F57: UAE | G57: AUH1 | H57: =VLOOKUP(Table1[[#This Row],[Psoft No]],[1]Roster!$C$2:$H$1402,6,) -> AUH1 | I57: =Table1[[#This Row],[Building]]=Table1[[#This Row],[Column1]] -> TRUE | J57: FC | K57: 1299 | L57: Day Shift | M57: NA | N57: Wednesday | O57: Thursday | P57: FC Associate I | Q57: CRET | R57: Direct | S57: Blue Badge | T57: aanso | U57: Sohail,Anis | V57: SL | X57: 42868 | Y57: Customer Returns | Z57: Not Present | AA57: 0
A58: 52 | B58: 204095444 | C58: larteydo | D58: DorcasLarteleyLartey | E58: Temporary | F58: UAE | G58: AUH1 | H58: =VLOOKUP(Table1[[#This Row],[Psoft No]],[1]Roster!$C$2:$H$1402,6,) -> AUH1 | I58: =Table1[[#This Row],[Building]]=Table1[[#This Row],[Column1]] -> TRUE | J58: FC | K58: 1299 | L58: Night Shift | M58: NA | N58: Thursday | O58: Friday | P58: Warehouse Associate 24M | Q58: CRET | R58: Direct | S58: Quesscorp | T58: aanso | U58: Sohail,Anis | V58: P | X58: 45561 | Y58: Customer Returns | Z58: Present | AA58: 0
A59: 53 | B59: 206348021 | C59: getaMale | D59: EdwardTaMale | E59: Temporary | F59: UAE | G59: AUH1 | H59: =VLOOKUP(Table1[[#This Row],[Psoft No]],[1]Roster!$C$2:$H$1402,6,) -> AUH1 | I59: =Table1[[#This Row],[Building]]=Table1[[#This Row],[Column1]] -> TRUE | J59: FC | K59: 1299 | L59: Night Shift | M59: NA | N59: Sunday | O59: Monday | P59: Warehouse Associate 8W | Q59: CRET | R59: Direct | S59: Fastlink | T59: aanso | U59: Sohail,Anis | V59: OFF | X59: 45957 | Y59: Customer Returns | Z59: Not Present | AA59: 0
A60: 54 | B60: 206957735 | C60: bfedwink | D60: Edwin Kiplimo Bomet | E60: Temporary | F60: UAE | G60: AUH1 | H60: =VLOOKUP(Table1[[#This Row],[Psoft No]],[1]Roster!$C$2:$H$1402,6,) -> AUH1 | I60: =Table1[[#This Row],[Building]]=Table1[[#This Row],[Column1]] -> TRUE | J60: FC | K60: 1299 | L60: Day Shift | M60: NA | N60: Monday | O60: Tuesday | P60: Warehouse Associate 8W | Q60: CRET | R60: Direct | S60: EFS | T60: aanso | U60: Sohail,Anis | V60: OFF | X60: 46048 | Y60: Customer Returns | Z60: Not Present | AA60: 0
A61: 55 | B61: 203469401 | C61: pmwauraj | D61: JohnNdung'UMwaura | E61: Temporary | F61: UAE | G61: AUH1 | H61: =VLOOKUP(Table1[[#This Row],[Psoft No]],[1]Roster!$C$2:$H$1402,6,) -> AUH1 | I61: =Table1[[#This Row],[Building]]=Table1[[#This Row],[Column1]] -> TRUE | J61: FC | K61: 1299 | L61: Day Shift | M61: NA | N61: Thursday | O61: Friday | P61: Warehouse Associate 24M | Q61: CRET | R61: Direct | S61: Adecco | T61: aanso | U61: Sohail,Anis | V61: PL | W61: Annual Leave | X61: 45456 | Y61: Customer Returns | Z61: Not Present | AA61: Carry Forwarded Annual Leave
A62: 56 | B62: 206957724 | C62: elizmunu | D62: Elizabeth Njeri Mungai | E62: Temporary | F62: UAE | G62: AUH1 | H62: =VLOOKUP(Table1[[#This Row],[Psoft No]],[1]Roster!$C$2:$H$1402,6,) -> AUH1 | I62: =Table1[[#This Row],[Building]]=Table1[[#This Row],[Column1]] -> TRUE | J62: FC | K62: 1299 | L62: Day Shift | M62: NA | N62: Tuesday | O62: Wednesday | P62: Warehouse Associate 8W | Q62: CRET | R62: Direct | S62: EFS | T62: aanso | U62: Sohail,Anis | V62: =VLOOKUP(Table1[[#This Row],[Psoft No]],[2]Sheet1!$A$2:$G$386,7,0) -> P | X62: 46048 | Y62: Customer Returns | Z62: Present | AA62: 0
A63: 57 | B63: 206954239 | C63: elviskyl | D63: ELVIS KYLE KAYEMBA | E63: Temporary | F63: UAE | G63: AUH1 | H63: =VLOOKUP(Table1[[#This Row],[Psoft No]],[1]Roster!$C$2:$H$1402,6,) -> AUH1 | I63: =Table1[[#This Row],[Building]]=Table1[[#This Row],[Column1]] -> TRUE | J63: FC | K63: 1299 | L63: Night Shift | M63: NA | N63: Thursday | O63: Friday | P63: Warehouse Associate 24M | Q63: CRET | R63: Direct | S63: Dulsco | T63: aanso | U63: Sohail,Anis | V63: P | X63: 46048 | Y63: Customer Returns | Z63: Present | AA63: 0
A64: 58 | B64: 206875150 | C64: emmanajo | D64: EMMANUEL JOSEPH KALEMBO | E64: Temporary | F64: UAE | G64: AUH1 | H64: =VLOOKUP(Table1[[#This Row],[Psoft No]],[1]Roster!$C$2:$H$1402,6,) -> AUH1 | I64: =Table1[[#This Row],[Building]]=Table1[[#This Row],[Column1]] -> TRUE | J64: FC | K64: 1299 | L64: Day Shift | M64: NA | N64: Sunday | O64: Monday | P64: Warehouse Associate 8W | Q64: CRET | R64: Direct | S64: Dulsco | T64: aanso | U64: Sohail,Anis | V64: OFF | X64: 46020 | Y64: Customer Returns | Z64: Not Present | AA64: 0
A65: 59 | B65: 203469452 | C65: emmbrobb | D65: EmmanuelBrobbey | E65: Temporary | F65: UAE | G65: AUH1 | H65: =VLOOKUP(Table1[[#This Row],[Psoft No]],[1]Roster!$C$2:$H$1402,6,) -> AUH1 | I65: =Table1[[#This Row],[Building]]=Table1[[#This Row],[Column1]] -> TRUE | J65: FC | K65: 1299 | L65: Night Shift | M65: NA | N65: Monday | O65: Tuesday | P65: Warehouse Associate 24M | Q65: CRET | R65: Direct | S65: Adecco | T65: aanso | U65: Sohail,Anis | V65: OFF | X65: 45456 | Y65: Customer Returns | Z65: Not Present | AA65: 0
A66: 60 | B66: 204299903 | C66: emmfofie | D66: EmmanuelFofie | E66: Temporary | F66: UAE | G66: AUH1 | H66: =VLOOKUP(Table1[[#This Row],[Psoft No]],[1]Roster!$C$2:$H$1402,6,) -> AUH1 | I66: =Table1[[#This Row],[Building]]=Table1[[#This Row],[Column1]] -> TRUE | J66: FC | K66: 1299 | L66: Night Shift | M66: NA | N66: Monday | O66: Tuesday | P66: Warehouse Associate 24M | Q66: CRET | R66: Direct | S66: Quesscorp | T66: aanso | U66: Sohail,Anis | V66: OFF | X66: 45586 | Y66: Customer Returns | Z66: Not Present | AA66: 0
A67: 61 | B67: 204299902 | C67: opoemman | D67: EmmanuelGyamfiOpoku | E67: Temporary | F67: UAE | G67: AUH1 | H67: =VLOOKUP(Table1[[#This Row],[Psoft No]],[1]Roster!$C$2:$H$1402,6,) -> AUH1 | I67: =Table1[[#This Row],[Building]]=Table1[[#This Row],[Column1]] -> TRUE | J67: FC | K67: 1299 | L67: Day Shift | M67: NA | N67: Wednesday | O67: Thursday | P67: Warehouse Associate 8W | Q67: CRET | R67: Direct | S67: Quesscorp | T67: aanso | U67: Sohail,Anis | V67: =VLOOKUP(Table1[[#This Row],[Psoft No]],[2]Sheet1!$A$2:$G$386,7,0) -> P | X67: 45586 | Y67: Customer Returns | Z67: Present | AA67: 0
A68: 62 | B68: 204319462 | C68: emmanhme | D68: EmmanuelMensah | E68: Temporary | F68: UAE | G68: AUH1 | H68: =VLOOKUP(Table1[[#This Row],[Psoft No]],[1]Roster!$C$2:$H$1402,6,) -> AUH1 | I68: =Table1[[#This Row],[Building]]=Table1[[#This Row],[Column1]] -> TRUE | J68: FC | K68: 1299 | L68: Night Shift | M68: NA | N68: Monday | O68: Tuesday | P68: Warehouse Associate 8W | Q68: CRET | R68: Direct | S68: Quesscorp | T68: aanso | U68: Sohail,Anis | V68: OFF | X68: 45589 | Y68: Customer Returns | Z68: Not Present | AA68: 0
A69: 63 | B69: 204299911 | C69: emekweni | D69: EmmanuelObaseEkweni | E69: Temporary | F69: UAE | G69: AUH1 | H69: =VLOOKUP(Table1[[#This Row],[Psoft No]],[1]Roster!$C$2:$H$1402,6,) -> AUH1 | I69: =Table1[[#This Row],[Building]]=Table1[[#This Row],[Column1]] -> TRUE | J69: FC | K69: 1299 | L69: Night Shift | M69: NA | N69: Friday | O69: Saturday | P69: Warehouse Associate 24M | Q69: CRET | R69: Direct | S69: Quesscorp | T69: aanso | U69: Sohail,Anis | V69: P | X69: 45586 | Y69: Customer Returns | Z69: Present | AA69: 0
A70: 64 | B70: 203679308 | C70: cenocasa | D70: EnockAsante | E70: Temporary | F70: UAE | G70: AUH1 | H70: =VLOOKUP(Table1[[#This Row],[Psoft No]],[1]Roster!$C$2:$H$1402,6,) -> AUH1 | I70: =Table1[[#This Row],[Building]]=Table1[[#This Row],[Column1]] -> TRUE | J70: FC | K70: 1299 | L70: Day Shift | M70: NA | N70: Thursday | O70: Friday | P70: Warehouse Associate 12M | Q70: CRET | R70: Direct | S70: Fastlink | T70: aanso | U70: Sohail,Anis | V70: =VLOOKUP(Table1[[#This Row],[Psoft No]],[2]Sheet1!$A$2:$G$386,7,0) -> P | X70: 45488 | Y70: Customer Returns | Z70: Present | AA70: 0
A71: 65 | B71: 206072869 | C71: erameng | D71: EricAmengor | E71: Temporary | F71: UAE | G71: AUH1 | H71: =VLOOKUP(Table1[[#This Row],[Psoft No]],[1]Roster!$C$2:$H$1402,6,) -> AUH1 | I71: =Table1[[#This Row],[Building]]=Table1[[#This Row],[Column1]] -> TRUE | J71: FC | K71: 1299 | L71: Day Shift | M71: NA | N71: Friday | O71: Saturday | P71: Warehouse Associate 8W | Q71: CRET | R71: Direct | S71: Fastlink | T71: aanso | U71: Sohail,Anis | V71: =VLOOKUP(Table1[[#This Row],[Psoft No]],[2]Sheet1!$A$2:$G$386,7,0) -> P | X71: 45922 | Y71: Customer Returns | Z71: Present | AA71: 0
A72: 66 | B72: 204299913 | C72: bericyaw | D72: EricYawBruku | E72: Temporary | F72: UAE | G72: AUH1 | H72: =VLOOKUP(Table1[[#This Row],[Psoft No]],[1]Roster!$C$2:$H$1402,6,) -> AUH1 | I72: =Table1[[#This Row],[Building]]=Table1[[#This Row],[Column1]] -> TRUE | J72: FC | K72: 1299 | L72: Night Shift | M72: NA | N72: Thursday | O72: Friday | P72: Warehouse Associate 24M | Q72: CRET | R72: Direct | S72: Quesscorp | T72: aanso | U72: Sohail,Anis | V72: P | X72: 45586 | Y72: Customer Returns | Z72: Present | AA72: 0
A73: 67 | B73: 203736774 | C73: nyanahte | D73: Nyan Lin Htet | E73: Temporary | F73: UAE | G73: AUH1 | H73: =VLOOKUP(Table1[[#This Row],[Psoft No]],[1]Roster!$C$2:$H$1402,6,) -> AUH1 | I73: =Table1[[#This Row],[Building]]=Table1[[#This Row],[Column1]] -> TRUE | J73: FC | K73: 1299 | L73: Day Shift | M73: NA | N73: Sunday | O73: Monday | P73: Warehouse Associate 24M | Q73: Inbound | R73: Direct | S73: Adecco | T73: vkkatyal | U73: Katyal,Varun | V73: OFF | X73: 45502 | Y73: Inbound Stow | Z73: Not Present | AA73: 0
A74: 68 | B74: 206953385 | C74: mueunice | D74: Eunice Muthoni | E74: Temporary | F74: UAE | G74: AUH1 | H74: =VLOOKUP(Table1[[#This Row],[Psoft No]],[1]Roster!$C$2:$H$1402,6,) -> AUH1 | I74: =Table1[[#This Row],[Building]]=Table1[[#This Row],[Column1]] -> TRUE | J74: FC | K74: 1299 | L74: Day Shift | M74: NA | N74: Thursday | O74: Friday | P74: Warehouse Associate 12M | Q74: CRET | R74: Direct | S74: EFS | T74: aanso | U74: Sohail,Anis | V74: =VLOOKUP(Table1[[#This Row],[Psoft No]],[2]Sheet1!$A$2:$G$386,7,0) -> P | X74: 46048 | Y74: Customer Returns | Z74: Present | AA74: 0
A75: 69 | B75: 206015572 | C75: owuevely | D75: EVELYNOWUSUAMENSAH | E75: Temporary | F75: UAE | G75: AUH1 | H75: =VLOOKUP(Table1[[#This Row],[Psoft No]],[1]Roster!$C$2:$H$1402,6,) -> AUH1 | I75: =Table1[[#This Row],[Building]]=Table1[[#This Row],[Column1]] -> TRUE | J75: FC | K75: 1299 | L75: Night Shift | M75: NA | N75: Saturday | O75: Sunday | P75: Warehouse Associate 8W | Q75: CRET | R75: Direct | S75: Fastlink | T75: aanso | U75: Sohail,Anis | V75: P | X75: 45915 | Y75: Customer Returns | Z75: Present | AA75: 0
A76: 70 | B76: 203469399 | C76: everxmil | D76: EverlyneMills | E76: Temporary | F76: UAE | G76: AUH1 | H76: =VLOOKUP(Table1[[#This Row],[Psoft No]],[1]Roster!$C$2:$H$1402,6,) -> AUH1 | I76: =Table1[[#This Row],[Building]]=Table1[[#This Row],[Column1]] -> TRUE | J76: FC | K76: 1299 | L76: Day Shift | M76: NA | N76: Wednesday | O76: Thursday | P76: Warehouse Associate 24M | Q76: CRET | R76: Direct | S76: Adecco | T76: aanso | U76: Sohail,Anis | V76: =VLOOKUP(Table1[[#This Row],[Psoft No]],[2]Sheet1!$A$2:$G$386,7,0) -> P | X76: 45456 | Y76: Customer Returns | Z76: Present | AA76: 0
A77: 71 | B77: 206953383 | C77: faitjepk | D77: Faith Jepkoech | E77: Temporary | F77: UAE | G77: AUH1 | H77: =VLOOKUP(Table1[[#This Row],[Psoft No]],[1]Roster!$C$2:$H$1402,6,) -> AUH1 | I77: =Table1[[#This Row],[Building]]=Table1[[#This Row],[Column1]] -> TRUE | J77: FC | K77: 1299 | L77: Day Shift | M77: NA | N77: Thursday | O77: Friday | P77: Warehouse Associate 12M | Q77: CRET | R77: Direct | S77: EFS | T77: aanso | U77: Sohail,Anis | V77: =VLOOKUP(Table1[[#This Row],[Psoft No]],[2]Sheet1!$A$2:$G$386,7,0) -> P | X77: 46048 | Y77: Customer Returns | Z77: Present | AA77: 0
A78: 72 | B78: 205647827 | C78: chepkodf | D78: FaithChepkosgei | E78: Temporary | F78: UAE | G78: AUH1 | H78: =VLOOKUP(Table1[[#This Row],[Psoft No]],[1]Roster!$C$2:$H$1402,6,) -> AUH1 | I78: =Table1[[#This Row],[Building]]=Table1[[#This Row],[Column1]] -> TRUE | J78: FC | K78: 1299 | L78: Night Shift | M78: NA | N78: Tuesday | O78: Wednesday | P78: Warehouse Associate 8W | Q78: CRET | R78: Direct | S78: EFS | T78: aanso | U78: Sohail,Anis | V78: P | X78: 45852 | Y78: Customer Returns | Z78: Present | AA78: 0
A79: 73 | B79: 206873779 | C79: faroukyj | D79: FAROUK KYOBE | E79: Temporary | F79: UAE | G79: AUH1 | H79: =VLOOKUP(Table1[[#This Row],[Psoft No]],[1]Roster!$C$2:$H$1402,6,) -> AUH1 | I79: =Table1[[#This Row],[Building]]=Table1[[#This Row],[Column1]] -> TRUE | J79: FC | K79: 1299 | L79: Night Shift | M79: NA | N79: Sunday | O79: Monday | P79: Warehouse Associate 8W | Q79: CRET | R79: Direct | S79: Dulsco | T79: aanso | U79: Sohail,Anis | V79: OFF | X79: 46020 | Y79: Customer Returns | Z79: Not Present | AA79: 0
A80: 74 | B80: 203635497 | C80: fotsigeo | D80: Fotsing,GeorgyOmerDorian | E80: Temporary | F80: UAE | G80: AUH1 | H80: =VLOOKUP(Table1[[#This Row],[Psoft No]],[1]Roster!$C$2:$H$1402,6,) -> AUH1 | I80: =Table1[[#This Row],[Building]]=Table1[[#This Row],[Column1]] -> TRUE | J80: FC | K80: 1299 | L80: Night Shift | M80: NA | N80: Wednesday | O80: Thursday | P80: Warehouse Associate 12M | Q80: CRET | R80: Direct | S80: Fastlink | T80: aanso | U80: Sohail,Anis | V80: P | X80: 45481 | Y80: Customer Returns | Z80: Present | AA80: 0
A81: 75 | B81: 204246172 | C81: dogfranc | D81: Francis Yaw Dogli | E81: Temporary | F81: UAE | G81: AUH1 | H81: =VLOOKUP(Table1[[#This Row],[Psoft No]],[1]Roster!$C$2:$H$1402,6,) -> AUH1 | I81: =Table1[[#This Row],[Building]]=Table1[[#This Row],[Column1]] -> TRUE | J81: FC | K81: 1299 | L81: Night Shift | M81: NA | N81: Thursday | O81: Friday | P81: Warehouse Associate 8W | Q81: CRET | R81: Direct | S81: QuessCorp | T81: aanso | U81: Sohail,Anis | V81: P | X81: 46020 | Y81: Customer Returns | Z81: Present | AA81: 0
A82: 76 | B82: 206296189 | C82: mambbfra | D82: FrancisMambwe | E82: Temporary | F82: UAE | G82: AUH1 | H82: =VLOOKUP(Table1[[#This Row],[Psoft No]],[1]Roster!$C$2:$H$1402,6,) -> AUH1 | I82: =Table1[[#This Row],[Building]]=Table1[[#This Row],[Column1]] -> TRUE | J82: FC | K82: 1299 | L82: Day Shift | M82: NA | N82: Tuesday | O82: Wednesday | P82: Warehouse Associate 8W | Q82: CRET | R82: Direct | S82: EFS | T82: aanso | U82: Sohail,Anis | V82: =VLOOKUP(Table1[[#This Row],[Psoft No]],[2]Sheet1!$A$2:$G$386,7,0) -> P | X82: 45950 | Y82: Customer Returns | Z82: Present | AA82: 0
A83: 77 | B83: 203682331 | C83: franokai | D83: FrancisOkai | E83: Temporary | F83: UAE | G83: AUH1 | H83: =VLOOKUP(Table1[[#This Row],[Psoft No]],[1]Roster!$C$2:$H$1402,6,) -> AUH1 | I83: =Table1[[#This Row],[Building]]=Table1[[#This Row],[Column1]] -> TRUE | J83: FC | K83: 1299 | L83: Night Shift | M83: NA | N83: Sunday | O83: Monday | P83: Warehouse Associate 24M | Q83: CRET | R83: Direct | S83: Adecco | T83: aanso | U83: Sohail,Anis | V83: OFF | X83: 45488 | Y83: Customer Returns | Z83: Not Present | AA83: 0
A84: 78 | B84: 206846113 | C84: afrbakun | D84: FRED BAKUNDANA | E84: Temporary | F84: UAE | G84: AUH1 | H84: =VLOOKUP(Table1[[#This Row],[Psoft No]],[1]Roster!$C$2:$H$1402,6,) -> AUH1 | I84: =Table1[[#This Row],[Building]]=Table1[[#This Row],[Column1]] -> TRUE | J84: FC | K84: 1299 | L84: Day Shift | M84: NA | N84: Wednesday | O84: Thursday | P84: Warehouse Associate 8W | Q84: CRET | R84: Direct | S84: Dulsco | T84: aanso | U84: Sohail,Anis | V84: =VLOOKUP(Table1[[#This Row],[Psoft No]],[2]Sheet1!$A$2:$G$386,7,0) -> P | X84: 46020 | Y84: Customer Returns | Z84: Present | AA84: 0
A85: 79 | B85: 206953981 | C85: fsangula | D85: FREDO SANGULAYA | E85: Temporary | F85: UAE | G85: AUH1 | H85: =VLOOKUP(Table1[[#This Row],[Psoft No]],[1]Roster!$C$2:$H$1402,6,) -> AUH1 | I85: =Table1[[#This Row],[Building]]=Table1[[#This Row],[Column1]] -> TRUE | J85: FC | K85: 1299 | L85: Day Shift | M85: NA | N85: Monday | O85: Tuesday | P85: Warehouse Associate 24M | Q85: CRET | R85: Direct | S85: Dulsco | T85: aanso | U85: Sohail,Anis | V85: OFF | X85: 46048 | Y85: Customer Returns | Z85: Not Present | AA85: 0
A86: 80 | B86: 203555400 | C86: asiamahb | D86: GeorginaAsiamah | E86: Temporary | F86: UAE | G86: AUH1 | H86: =VLOOKUP(Table1[[#This Row],[Psoft No]],[1]Roster!$C$2:$H$1402,6,) -> AUH1 | I86: =Table1[[#This Row],[Building]]=Table1[[#This Row],[Column1]] -> TRUE | J86: FC | K86: 1299 | L86: Night Shift | M86: NA | N86: Sunday | O86: Monday | P86: Warehouse Associate 12M | Q86: CRET | R86: Direct | S86: Fastlink | T86: aanso | U86: Sohail,Anis | V86: OFF | X86: 45470 | Y86: Customer Returns | Z86: Not Present | AA86: 0
A87: 81 | B87: 203800483 | C87: germubir | D87: GERALDMUBIRU | E87: Temporary | F87: UAE | G87: AUH1 | H87: =VLOOKUP(Table1[[#This Row],[Psoft No]],[1]Roster!$C$2:$H$1402,6,) -> AUH1 | I87: =Table1[[#This Row],[Building]]=Table1[[#This Row],[Column1]] -> TRUE | J87: FC | K87: 1299 | L87: Night Shift | M87: NA | N87: Thursday | O87: Friday | P87: Warehouse Associate 8W | Q87: CRET | R87: Direct | S87: Dulsco | T87: aanso | U87: Sohail,Anis | V87: P | X87: 45516 | Y87: Customer Returns | Z87: Present | AA87: 0
A88: 82 | B88: 103476446 | C88: RAJUGHIM | D88: Ghimire,Raju | E88: Regular | F88: UAE | G88: AUH1 | H88: =VLOOKUP(Table1[[#This Row],[Psoft No]],[1]Roster!$C$2:$H$1402,6,) -> AUH1 | I88: =Table1[[#This Row],[Building]]=Table1[[#This Row],[Column1]] -> TRUE | J88: FC | K88: 1299 | L88: Day Shift | M88: NA | N88: Sunday | O88: Monday | P88: FC Associate I | Q88: CRET | R88: Direct | S88: Blue Badge | T88: aanso | U88: Sohail,Anis | V88: OFF | X88: 43306 | Y88: Customer Returns | Z88: Not Present | AA88: 0
A89: 83 | B89: 206065204 | C89: alusgidf | D89: GideonAlusineMannah | E89: Temporary | F89: UAE | G89: AUH1 | H89: =VLOOKUP(Table1[[#This Row],[Psoft No]],[1]Roster!$C$2:$H$1402,6,) -> AUH1 | I89: =Table1[[#This Row],[Building]]=Table1[[#This Row],[Column1]] -> TRUE | J89: FC | K89: 1299 | L89: Day Shift | M89: NA | N89: Sunday | O89: Monday | P89: Warehouse Associate 8W | Q89: CRET | R89: Direct | S89: Fastlink | T89: aanso | U89: Sohail,Anis | V89: OFF | X89: 45922 | Y89: Customer Returns | Z89: Not Present | AA89: 0
A90: 84 | B90: 203469400 | C90: jglakuma | D90: GloryAkumawah | E90: Temporary | F90: UAE | G90: AUH1 | H90: =VLOOKUP(Table1[[#This Row],[Psoft No]],[1]Roster!$C$2:$H$1402,6,) -> AUH1 | I90: =Table1[[#This Row],[Building]]=Table1[[#This Row],[Column1]] -> TRUE | J90: FC | K90: 1299 | L90: Night Shift | M90: NA | N90: Friday | O90: Saturday | P90: Warehouse Associate 24M | Q90: CRET | R90: Direct | S90: Adecco | T90: aanso | U90: Sohail,Anis | V90: PL | X90: 45456 | Y90: Customer Returns | Z90: Not Present | AA90: Carry Forwarded Annual Leave
A91: 85 | B91: 206926477 | C91: ssentumg | D91: GODFREY SSENTUMBWE | E91: Temporary | F91: UAE | G91: AUH1 | H91: =VLOOKUP(Table1[[#This Row],[Psoft No]],[1]Roster!$C$2:$H$1402,6,) -> AUH1 | I91: =Table1[[#This Row],[Building]]=Table1[[#This Row],[Column1]] -> TRUE | J91: FC | K91: 1299 | L91: Day Shift | M91: NA | N91: Saturday | O91: Sunday | P91: Warehouse Associate 24M | Q91: CRET | R91: Direct | S91: Dulsco | T91: aanso | U91: Sohail,Anis | V91: =VLOOKUP(Table1[[#This Row],[Psoft No]],[2]Sheet1!$A$2:$G$386,7,0) -> P | X91: 46048 | Y91: Customer Returns | Z91: Present | AA91: 0
A92: 86 | B92: 203679317 | C92: goodeuge | D92: GoodluckEugenShiyo | E92: Temporary | F92: UAE | G92: AUH1 | H92: =VLOOKUP(Table1[[#This Row],[Psoft No]],[1]Roster!$C$2:$H$1402,6,) -> AUH1 | I92: =Table1[[#This Row],[Building]]=Table1[[#This Row],[Column1]] -> TRUE | J92: FC | K92: 1299 | L92: Day Shift | M92: NA | N92: Friday | O92: Saturday | P92: Warehouse Associate 12M | Q92: CRET | R92: Direct | S92: Fastlink | T92: aanso | U92: Sohail,Anis | V92: =VLOOKUP(Table1[[#This Row],[AMZ ID]],[2]Sheet3!$A$2:$E$50,5,0) -> PL | W92: Annual Leave | X92: 45488 | Y92: Customer Returns | Z92: Not Present | AA92: Carry Forwarded Annual Leave
A93: 87 | B93: 203469060 | C93: manjegra | D93: GraceManjengwa | E93: Temporary | F93: UAE | G93: AUH1 | H93: =VLOOKUP(Table1[[#This Row],[Psoft No]],[1]Roster!$C$2:$H$1402,6,) -> AUH1 | I93: =Table1[[#This Row],[Building]]=Table1[[#This Row],[Column1]] -> TRUE | J93: FC | K93: 1299 | L93: Day Shift | M93: NA | N93: Tuesday | O93: Wednesday | P93: Warehouse Associate 12M | Q93: CRET | R93: Direct | S93: Fastlink | T93: aanso | U93: Sohail,Anis | V93: =VLOOKUP(Table1[[#This Row],[Psoft No]],[2]Sheet1!$A$2:$G$386,7,0) -> P | X93: 45456 | Y93: Customer Returns | Z93: Present | AA93: 0
A94: 88 | B94: 206875152 | C94: xfunhami | D94: HAMISI FUNDI MUSSA | E94: Temporary | F94: UAE | G94: AUH1 | H94: =VLOOKUP(Table1[[#This Row],[Psoft No]],[1]Roster!$C$2:$H$1402,6,) -> AUH1 | I94: =Table1[[#This Row],[Building]]=Table1[[#This Row],[Column1]] -> TRUE | J94: FC | K94: 1299 | L94: Night Shift | M94: NA | N94: Sunday | O94: Monday | P94: Warehouse Associate 8W | Q94: CRET | R94: Direct | S94: Dulsco | T94: aanso | U94: Sohail,Anis | V94: OFF | X94: 46020 | Y94: Customer Returns | Z94: Not Present | AA94: 0
A95: 89 | B95: 203709743 | C95: nardsa | D95: Saw lwe Nar | E95: Temporary | F95: UAE | G95: AUH1 | H95: =VLOOKUP(Table1[[#This Row],[Psoft No]],[1]Roster!$C$2:$H$1402,6,) -> AUH1 | I95: =Table1[[#This Row],[Building]]=Table1[[#This Row],[Column1]] -> TRUE | J95: FC | K95: 1299 | L95: Day Shift | M95: NA | N95: Sunday | O95: Monday | P95: Warehouse Associate 24M | Q95: Inbound | R95: Direct | S95: Adecco | T95: vkkatyal | U95: Katyal,Varun | V95: OFF | X95: 45495 | Y95: Inbound Stow | Z95: Not Present | AA95: 0
A96: 90 | B96: 206296194 | C96: bwalhell | D96: HELLEN tanasho BWALYA | E96: Temporary | F96: UAE | G96: AUH1 | H96: =VLOOKUP(Table1[[#This Row],[Psoft No]],[1]Roster!$C$2:$H$1402,6,) -> AUH1 | I96: =Table1[[#This Row],[Building]]=Table1[[#This Row],[Column1]] -> TRUE | J96: FC | K96: 1299 | L96: Day Shift | M96: NA | N96: Tuesday | O96: Wednesday | P96: Warehouse Associate 8W | Q96: CRET | R96: Direct | S96: EFS | T96: aanso | U96: Sohail,Anis | V96: =VLOOKUP(Table1[[#This Row],[Psoft No]],[2]Sheet1!$A$2:$G$386,7,0) -> P | X96: 45950 | Y96: Customer Returns | Z96: Present | AA96: 0
A97: 91 | B97: 206937730 | C97: hethesak | D97: HETHERWICK SAKA NJATI | E97: Temporary | F97: UAE | G97: AUH1 | H97: =VLOOKUP(Table1[[#This Row],[Psoft No]],[1]Roster!$C$2:$H$1402,6,) -> AUH1 | I97: =Table1[[#This Row],[Building]]=Table1[[#This Row],[Column1]] -> TRUE | J97: FC | K97: 1299 | L97: Day Shift | M97: NA | N97: Tuesday | O97: Wednesday | P97: Warehouse Associate 24M | Q97: CRET | R97: Direct | S97: Dulsco | T97: aanso | U97: Sohail,Anis | V97: =VLOOKUP(Table1[[#This Row],[Psoft No]],[2]Sheet1!$A$2:$G$386,7,0) -> P | X97: 46048 | Y97: Customer Returns | Z97: Present | AA97: 0
A98: 92 | B98: 206192253 | C98: kipngehi | D98: Hillary kipropkipngetich | E98: Temporary | F98: UAE | G98: AUH1 | H98: =VLOOKUP(Table1[[#This Row],[Psoft No]],[1]Roster!$C$2:$H$1402,6,) -> AUH1 | I98: =Table1[[#This Row],[Building]]=Table1[[#This Row],[Column1]] -> TRUE | J98: FC | K98: 1299 | L98: Night Shift | M98: NA | N98: Tuesday | O98: Wednesday | P98: Warehouse Associate 12M | Q98: CRET | R98: Direct | S98: EFS | T98: aanso | U98: Sohail,Anis | V98: P | X98: 45936 | Y98: Customer Returns | Z98: Present | AA98: 0
A99: 93 | B99: 204373675 | C99: hishkutt | D99: HishamhashimHashimonEssaKutty | E99: Temporary | F99: UAE | G99: AUH1 | H99: =VLOOKUP(Table1[[#This Row],[Psoft No]],[1]Roster!$C$2:$H$1402,6,) -> AUH1 | I99: =Table1[[#This Row],[Building]]=Table1[[#This Row],[Column1]] -> TRUE | J99: FC | K99: 1299 | L99: Day Shift | M99: NA | N99: Friday | O99: Saturday | P99: Warehouse Associate 24M | Q99: CRET | R99: Direct | S99: Adecco | T99: aanso | U99: Sohail,Anis | V99: =VLOOKUP(Table1[[#This Row],[Psoft No]],[2]Sheet1!$A$2:$G$386,7,0) -> P | X99: 45593 | Y99: Customer Returns | Z99: Present | AA99: 0
A100: 94 | B100: 204319464 | C100: conteiby | D100: IbrahimAConteh | E100: Temporary | F100: UAE | G100: AUH1 | H100: =VLOOKUP(Table1[[#This Row],[Psoft No]],[1]Roster!$C$2:$H$1402,6,) -> AUH1 | I100: =Table1[[#This Row],[Building]]=Table1[[#This Row],[Column1]] -> TRUE | J100: FC | K100: 1299 | L100: Day Shift | M100: NA | N100: Tuesday | O100: Wednesday | P100: Warehouse Associate 8W | Q100: CRET | R100: Direct | S100: Quesscorp | T100: aanso | U100: Sohail,Anis | V100: =VLOOKUP(Table1[[#This Row],[Psoft No]],[2]Sheet1!$A$2:$G$386,7,0) -> P | X100: 45589 | Y100: Customer Returns | Z100: Present | AA100: 0
A101: 95 | B101: 206015673 | C101: ikomhari | D101: Ikome Mbah,Harikia | E101: Temporary | F101: UAE | G101: AUH1 | H101: =VLOOKUP(Table1[[#This Row],[Psoft No]],[1]Roster!$C$2:$H$1402,6,) -> AUH1 | I101: =Table1[[#This Row],[Building]]=Table1[[#This Row],[Column1]] -> TRUE | J101: FC | K101: 1299 | L101: Day Shift | M101: NA | N101: Saturday | O101: Sunday | P101: Warehouse Associate 8W | Q101: CRET | R101: Direct | S101: Fastlink | T101: aanso | U101: Sohail,Anis | V101: =VLOOKUP(Table1[[#This Row],[Psoft No]],[2]Sheet1!$A$2:$G$386,7,0) -> P | X101: 45915 | Y101: Customer Returns | Z101: Present | AA101: 0
...
