Workbook
Name HCData: #REF!

Sheet Dashboard
A1: AUH1 | S1: AUH3 | AF1: DAD1
A2: Previous Day HC | B2: L3 Ops Supervisors | C2: FTE HC | D2: NFTE HC | E2: Today's HC | F2: HC LM Target | G2: Achievement % | H2: Remarks | S2: Previous Day HC | T2: L3 Ops Supervisors | U2: FTE HC | V2: NFTE HC | W2: Today's HC | X2: HC LM Target | Y2: Achievement % | Z2: Remarks | AF2: Previous Day HC | AG2: L3 Ops Supervisors | AH2: FTE HC | AI2: NFTE HC | AJ2: Today's HC | AK2: HC LM Target | AL2: Achievement % | AM2: Remarks
A3: 1198 | B3: =COUNTIFS(Roster!N:N,"FC Associate III",Roster!G:G,"AUH1",Roster!P:P,"Direct") -> 30 | C3: =COUNTIFS(Roster!E:E,"Regular",Roster!G:G,"AUH1",Roster!P:P,"Direct") -> 60 | D3: =COUNTIFS(Roster!E:E,"Temporary",Roster!G:G,"AUH1",Roster!P:P,"Direct") -> 1137 | E3: =C3+D3 -> 1197 | F3: =E3 -> 1197 | G3: =E3/F3 -> 1 | H3: 1 NFTE Terminated | S3: 82 | T3: =COUNTIFS(Roster!N:N,"Hub Supervisor",Roster!P:P,"Direct",Roster!O:O,"Warehouse Deals") -> 4 | U3: =COUNTIFS(Roster!E:E,"Regular",Roster!P:P,"Direct",Roster!O:O,"Warehouse Deals") -> 14 | V3: =COUNTIFS(Roster!E:E,"Temporary",Roster!P:P,"Direct",Roster!O:O,"Warehouse Deals") -> 89 | W3: =U3+V3 -> 103 | X3: =W3 -> 103 | Y3: =W3/X3 -> 1 | AF3: 12 | AG3: =COUNTIFS(Roster!N:N,"FC Associate III",Roster!G:G,"DAD1",Roster!P:P,"Support") -> 0 | AH3: =COUNTIFS(Roster!E:E,"Regular",Roster!G:G,"DAD1",Roster!P:P,"Support") -> 0 | AI3: =COUNTIFS(Roster!E:E,"Temporary",Roster!G:G,"DAD1",Roster!P:P,"Support") -> 12 | AJ3: =AH3+AI3 -> 12 | AK3: =AJ3 -> 12 | AL3: =AJ3/AK3 -> 1
A4: =Roster!B1 -> 46267 | S4: =Roster!B1 -> 46267 | AF4: =Roster!B1 -> 46267
A5: Shift | B5: Total HC | C5: Unscheduled | D5: Schedule to Work | E5: PL | F5: OT | G5: UPL | H5: Present | I5: Present % (without OT) | J5: LM Target | K5: Target Achievement | S5: Shift | T5: Total HC | U5: Unscheduled | V5: Schedule to Work | W5: PL | X5: OT | Y5: UPL | Z5: Present | AA5: Present % | AB5: LM Target | AC5: Target Achievement | AF5: Shift | AG5: Total HC | AH5: Unscheduled | AI5: Schedule to Work | AJ5: PL | AK5: UPL | AL5: OT | AM5: Present | AN5: Present % | AO5: LM Target | AP5: Target Achievement
A6: Day Shift | B6: =COUNTIFS(Roster!G:G,"AUH1",Roster!P:P,"Direct",Roster!J:J,"Day Shift") -> 641 | C6: =SUMIFS($D$12:$D$27,$B$12:$B$27,"Day Shift") -> 140 | D6: =SUMIFS($K$12:$K$27,$B$12:$B$27,"Day Shift") -> 463 | E6: =SUMIFS($E$12:$E$27,$B$12:$B$27,"Day Shift") -> 48 | F6: =COUNTIFS(Table1[[#All],[Building]],"AUH1",Table1[[#All],[Shift]],"Day Shift",Table1[[#All],[OFF1]],"OT",Table1[[#All],[Type]],"Direct")+COUNTIFS(Table1[[#All],[Building]],"AUH1",Table1[[#All],[Shift]],"Day Shift",Table1[[#All],[OFF2]],"OT",Table1[[#All],[Type]],"Direct") -> 38 | G6: =SUMIFS($H$12:$H$26,$B$12:$B$26,"Day Shift")+SUMIFS($I$12:$I$26,$B$12:$B$26,"Day Shift") -> 33 | H6: =D6-E6-G6 -> 382 | I6: =H6/D6 -> 0.825054 | J6: 0.87225806 | K6: =I6/J6 -> 0.94588291 | S6: Day Shift | T6: =COUNTIFS(Roster!G:G,"AUH3",Roster!P:P,"Direct",Roster!J:J,"Day Shift")+COUNTIFS(Roster!G:G,"DDB1",Roster!P:P,"Direct",Roster!J:J,"Day Shift") -> 46 | U6: =SUMIFS($V$12:$V$14,$T$12:$T$14,"Day Shift") -> 12 | V6: =SUMIFS($AC$12:$AC$14,$T$12:$T$14,"Day Shift") -> 32 | W6: =SUMIFS($W$12:$W$14,$T$12:$T$14,"Day Shift") -> 3 | X6: =COUNTIFS(Table1[[#All],[Building]],"AUH3",Table1[[#All],[Shift]],"Day Shift",Table1[[#All],[OFF1]],"OT",Table1[[#All],[Type]],"Direct")+COUNTIFS(Table1[[#All],[Building]],"AUH3",Table1[[#All],[Shift]],"Day Shift",Table1[[#All],[OFF2]],"OT",Table1[[#All],[Type]],"Direct") -> 2 | Y6: =SUMIFS($Z$12:$Z$14,$T$12:$T$14,"Day Shift")+SUMIFS($AA$12:$AA$14,$T$12:$T$14,"Day Shift") -> 3 | Z6: =V6-W6-Y6 -> 26 | AA6: =Z6/V6 -> 0.8125 | AB6: 0.89857143 | AC6: =AA6/AB6 -> 0.90421304 | AF6: Day Shift | AG6: =COUNTIFS(Roster!G:G,"DAD1",Roster!P:P,"Support",Roster!J:J,"Day Shift") -> 0 | AH6: =SUMIFS($AI$12:$AI$15,$AG$12:$AG$15,"Day Shift") -> 0 | AI6: =SUMIFS($AP$12:$AP$15,$AG$12:$AG$15,"Day Shift") -> 0 | AJ6: =SUMIFS($AJ$12:$AJ$15,$AG$12:$AG$15,"Day Shift") -> 0 | AK6: =SUMIFS($AM$12:$AM$15,$AG$12:$AG$15,"Day Shift")+SUMIFS($AN$12:$AN$15,$AG$12:$AG$15,"Day Shift") -> 0 | AL6: =COUNTIFS(Table1[[#All],[Building]],"DAD1",Table1[[#All],[Shift]],"Day Shift",Table1[[#All],[OFF1]],"OT",Table1[[#All],[Type]],"Direct")+COUNTIFS(Table1[[#All],[Building]],"DAD1",Table1[[#All],[Shift]],"Day Shift",Table1[[#All],[OFF2]],"OT",Table1[[#All],[Type]],"Support") -> 0 | AM6: =AI6-AJ6-AK6 -> 0 | AN6: =AM6/AI6 -> #DIV/0! | AO6: 0.9512 | AP6: =AN6/AO6 -> #DIV/0!
A7: Mid Shift | B7: =COUNTIFS(Roster!G:G,"AUH1",Roster!P:P,"Direct",Roster!J:J,"Mid Shift") -> 0 | C7: =SUMIFS($D$12:$D$27,$B$12:$B$27,"Mid Shift") -> 0 | D7: =SUMIFS($K$12:$K$27,$B$12:$B$27,"Mid Shift") -> 0 | E7: =SUMIFS($E$12:$E$27,$B$12:$B$27,"Mid Shift") -> 0 | F7: =COUNTIFS(Table1[[#All],[Building]],"AUH1",Table1[[#All],[Shift]],"Mid Shift",Table1[[#All],[OFF1]],"OT",Table1[[#All],[Type]],"Direct")+COUNTIFS(Table1[[#All],[Building]],"AUH1",Table1[[#All],[Shift]],"Mid Shift",Table1[[#All],[OFF2]],"OT",Table1[[#All],[Type]],"Direct") -> 0 | G7: =SUMIFS($H$12:$H$27,$B$12:$B$27,"Mid Shift")+SUMIFS($I$12:$I$27,$B$12:$B$27,"Mid Shift") -> 0 | H7: =D7-E7-G7 -> 0 | I7: =H7/D7 -> #DIV/0! | J7: 0 | K7: =I7/J7 -> #DIV/0! | S7: Mid Shift | T7: =COUNTIFS(Roster!G:G,"AUH3",Roster!P:P,"Direct",Roster!J:J,"Mid Shift")+COUNTIFS(Roster!G:G,"DDB1",Roster!P:P,"Direct",Roster!J:J,"Mid Shift") -> 0 | U7: =SUMIFS($V$12:$V$14,$T$12:$T$14,"Mid Shift") -> 0 | V7: =SUMIFS($AC$12:$AC$14,$T$12:$T$14,"Mid Shift") -> 0 | W7: =SUMIFS($W$12:$W$14,$T$12:$T$14,"Mid Shift") -> 0 | X7: =COUNTIFS(Table1[[#All],[Building]],"AUH3",Table1[[#All],[Shift]],"Mid Shift",Table1[[#All],[OFF1]],"OT",Table1[[#All],[Type]],"Direct")+COUNTIFS(Table1[[#All],[Building]],"AUH3",Table1[[#All],[Shift]],"Mid Shift",Table1[[#All],[OFF2]],"OT",Table1[[#All],[Type]],"Direct") -> 0 | Y7: =SUMIFS($Z$12:$Z$14,$T$12:$T$14,"Mid Shift")+SUMIFS($AA$12:$AA$14,$T$12:$T$14,"Mid Shift") -> 0 | Z7: =V7-W7-Y7 -> 0 | AA7: =Z7/V7 -> #DIV/0! | AB7: 0 | AC7: =AA7/AB7 -> #DIV/0! | AF7: Mid Shift | AG7: =COUNTIFS(Roster!G:G,"DAD1",Roster!P:P,"Support",Roster!J:J,"Mid Shift") -> 0 | AH7: =SUMIFS($AI$12:$AI$15,$AG$12:$AG$15,"Mid Shift") -> 0 | AI7: =SUMIFS($AP$12:$AP$15,$AF$12:$AF$15,"Mid Shift") -> 0 | AJ7: =SUMIFS($AJ$12:$AJ$15,$AG$12:$AG$15,"Mid Shift") -> 0 | AK7: =SUMIFS($AM$12:$AM$15,$AG$12:$AG$15,"Mid Shift")+SUMIFS($AN$12:$AN$15,$AG$12:$AG$15,"Mid Shift") -> 0 | AL7: =COUNTIFS(Table1[[#All],[Building]],"DAD1",Table1[[#All],[Shift]],"Mid Shift",Table1[[#All],[OFF1]],"OT",Table1[[#All],[Type]],"Direct")+COUNTIFS(Table1[[#All],[Building]],"DAD1",Table1[[#All],[Shift]],"Mid Shift",Table1[[#All],[OFF2]],"OT",Table1[[#All],[Type]],"Direct") -> 0 | AM7: =AI7-AJ7-AK7 -> 0 | AN7: =AM7/AI7 -> #DIV/0! | AO7: 0.9565 | AP7: =AN7/AO7 -> #DIV/0!
A8: Night Shift | B8: =COUNTIFS(Roster!G:G,"AUH1",Roster!P:P,"Direct",Roster!J:J,"Night Shift") -> 556 | C8: =SUMIFS($D$12:$D$27,$B$12:$B$27,"Night Shift") -> 138 | D8: =SUMIFS($K$12:$K$27,$B$12:$B$27,"Night Shift") -> 398 | E8: =SUMIFS($E$12:$E$27,$B$12:$B$27,"Night Shift") -> 24 | F8: =COUNTIFS(Table1[[#All],[Building]],"AUH1",Table1[[#All],[Shift]],"Night Shift",Table1[[#All],[OFF1]],"OT",Table1[[#All],[Type]],"Direct")+COUNTIFS(Table1[[#All],[Building]],"AUH1",Table1[[#All],[Shift]],"Night Shift",Table1[[#All],[OFF2]],"OT",Table1[[#All],[Type]],"Direct") -> 20 | G8: =SUMIFS($H$12:$H$27,$B$12:$B$27,"Night Shift")+SUMIFS($I$12:$I$27,$B$12:$B$27,"Night Shift") -> 30 | H8: =D8-E8-G8 -> 344 | I8: =H8/D8 -> 0.86432161 | J8: 0.90957831 | K8: =I8/J8 -> 0.9502443 | S8: Night Shift | T8: =COUNTIFS(Roster!G:G,"AUH3",Roster!P:P,"Direct",Roster!J:J,"Night Shift")+COUNTIFS(Roster!G:G,"DDB1",Roster!P:P,"Direct",Roster!J:J,"Night Shift") -> 57 | U8: =SUMIFS($V$12:$V$14,$T$12:$T$14,"Night Shift") -> 15 | V8: =SUMIFS($AC$12:$AC$14,$T$12:$T$14,"Night Shift") -> 39 | W8: =SUMIFS($W$12:$W$14,$T$12:$T$14,"Night Shift") -> 4 | X8: =COUNTIFS(Table1[[#All],[Building]],"AUH3",Table1[[#All],[Shift]],"Night Shift",Table1[[#All],[OFF1]],"OT",Table1[[#All],[Type]],"Direct")+COUNTIFS(Table1[[#All],[Building]],"AUH3",Table1[[#All],[Shift]],"Night Shift",Table1[[#All],[OFF2]],"OT",Table1[[#All],[Type]],"Direct") -> 3 | Y8: =SUMIFS($Z$12:$Z$14,$T$12:$T$14,"Night Shift")+SUMIFS($AA$12:$AA$14,$T$12:$T$14,"Night Shift") -> 0 | Z8: =V8-W8-Y8 -> 35 | AA8: =Z8/V8 -> 0.8974359 | AB8: 0.92744681 | AC8: =AA8/AB8 -> 0.96764137 | AF8: Night Shift | AG8: =COUNTIFS(Roster!G:G,"DAD1",Roster!P:P,"Support",Roster!J:J,"Night Shift") -> 12 | AH8: =SUMIFS($AI$12:$AI$15,$AG$12:$AG$15,"Night Shift") -> 4 | AI8: =SUMIFS($AP$12:$AP$15,$AG$12:$AG$15,"Night Shift") -> 8 | AJ8: =SUMIFS($AJ$12:$AJ$15,$AG$12:$AG$15,"Night Shift") -> 0 | AK8: =SUMIFS($AM$12:$AM$15,$AG$12:$AG$15,"Night Shift")+SUMIFS($AN$12:$AN$15,$AG$12:$AG$15,"Night Shift") -> 0 | AL8: =COUNTIFS(Table1[[#All],[Building]],"DAD1",Table1[[#All],[Shift]],"Night Shift",Table1[[#All],[OFF1]],"OT",Table1[[#All],[Type]],"Support")+COUNTIFS(Table1[[#All],[Building]],"DAD1",Table1[[#All],[Shift]],"Night Shift",Table1[[#All],[OFF1]],"OT",Table1[[#All],[Type]],"Support") -> 0 | AM8: =AI8-AJ8-AK8 -> 8 | AN8: =AM8/AI8 -> 1 | AO8: 0.9568 | AP8: =AN8/AO8 -> 1.0451505
A9: Grand Total | B9: =SUM(B6:B8) -> 1197 | C9: =SUM(C6:C8) -> 278 | D9: =SUM(D6:D8) -> 861 | E9: =SUM(E6:E8) -> 72 | F9: =SUM(F6:F8) -> 58 | G9: =SUM(G6:G8) -> 63 | H9: =SUM(H6:H8) -> 726 | I9: =H9/D9 -> 0.84320557 | J9: 0.88925906 | K9: =I9/J9 -> 0.9482114 | S9: Grand Total | T9: =SUM(T6:T8) -> 103 | U9: =SUM(U6:U8) -> 27 | V9: =SUM(V6:V8) -> 71 | W9: =SUM(W6:W8) -> 7 | X9: =SUM(X6:X8) -> 5 | Y9: =SUM(Y6:Y8) -> 3 | Z9: =SUM(Z6:Z8) -> 61 | AA9: =Z9/V9 -> 0.85915493 | AB9: 0.91666667 | AC9: =AA9/AB9 -> 0.93725992 | AF9: Grand Total | AG9: =SUM(AG6:AG8) -> 12 | AH9: =SUM(AH6:AH8) -> 4 | AI9: =SUM(AI6:AI8) -> 8 | AJ9: =SUM(AJ6:AJ8) -> 0 | AK9: =SUM(AK6:AK8) -> 0 | AL9: =SUM(AL6:AL8) -> 0 | AM9: =SUM(AM6:AM8) -> 8 | AN9: =AM9/AI9 -> 1 | AO9: =AVERAGE(AO6,AO7,AO8) -> 0.95483333 | AP9: =AN9/AO9 -> 1.0473032
A11: Department | B11: Shift | C11: 0 | D11: OFF | E11: PL | F11: OT | G11: Present(Including OT) | H11: SL | I11: AB/ABWI | J11: Grand Total | K11: Scheduled | L11: Target | M11: Actual (without OT) | N11: Actual (with OT) | O11: HC As per Target % | P11: Actual HC Achived Without OT | Q11: Delta | S11: Department | T11: Shift | U11: 0 | V11: OFF | W11: PL | X11: OT | Y11: Present | Z11: SL | AA11: AB/ABWI | AB11: Grand Total | AC11: Scheduled | AD11: % | AF11: Department | AG11: Shift | AH11: 0 | AI11: OFF | AJ11: PL | AK11: Present | AL11: OT | AM11: SL | AN11: AB/ABWI | AO11: Grand Total | AP11: Scheduled | AQ11: %
A12: ICQA | B12: Day Shift | C12: =COUNTIFS(Roster!T:T,"0",Roster!O:O,"ICQA",Roster!J:J,"Day Shift",Roster!P:P,"Direct",Roster!G:G,"AUH1") -> 0 | D12: =COUNTIFS(Roster!T:T,"OFF",Roster!O:O,"ICQA",Roster!J:J,"Day Shift",Roster!P:P,"Direct",Roster!G:G,"AUH1") -> 11 | E12: =COUNTIFS(Roster!T:T,"PL",Roster!O:O,"ICQA",Roster!J:J,"Day Shift",Roster!P:P,"Direct",Roster!G:G,"AUH1") -> 3 | F12: =COUNTIFS(Table1[[#All],[Building]],"AUH1",Table1[[#All],[Shift]],"Day Shift",Table1[[#All],[OFF1]],"OT",Table1[[#All],[Department]],Dashboard!A12)+COUNTIFS(Table1[[#All],[Building]],"AUH1",Table1[[#All],[Shift]],"Day Shift",Table1[[#All],[OFF2]],"OT",Table1[[#All],[Department]],Dashboard!A12) -> 0 | G12: =COUNTIFS(Roster!T:T,"P",Roster!O:O,"ICQA",Roster!J:J,"Day Shift",Roster!P:P,"Direct",Roster!G:G,"AUH1") -> 27 | H12: =COUNTIFS(Roster!T:T,"SL",Roster!O:O,"ICQA",Roster!J:J,"Day Shift",Roster!P:P,"Direct",Roster!G:G,"AUH1") -> 1 | I12: =COUNTIFS(Roster!T:T,"AB",Roster!O:O,"ICQA",Roster!J:J,"Day Shift",Roster!P:P,"Direct",Roster!G:G,"AUH1")+COUNTIFS(Roster!T:T,"ABWI",Roster!O:O,"ICQA",Roster!J:J,"Day Shift",Roster!P:P,"Direct",Roster!G:G,"AUH1") -> 2 | J12: =SUM(G12:I12,)+SUM(C12:E12) -> 44 | K12: =(J12-D12)-C12-F12 -> 33 | L12: 0.86822581 | M12: =(G12-F12)/(K12) -> 0.81818182 | N12: =G12/K12 -> 0.81818182 | S12: Warehouse Deals | T12: Day Shift | U12: =COUNTIFS(Roster!T:T,"0",Roster!O:O,"Warehouse Deals",Roster!J:J,"Day Shift",Roster!P:P,"Direct",Roster!G:G,"AUH3")+COUNTIFS(Roster!T:T,"0",Roster!O:O,"Warehouse Deals",Roster!J:J,"Day Shift",Roster!P:P,"Direct",Roster!G:G,"DDB1") -> 0 | V12: =COUNTIFS(Roster!T:T,"OFF",Roster!O:O,"Warehouse Deals",Roster!J:J,"Day Shift",Roster!P:P,"Direct",Roster!G:G,"AUH3")+COUNTIFS(Roster!T:T,"OFF",Roster!O:O,"Warehouse Deals",Roster!J:J,"Day Shift",Roster!P:P,"Direct",Roster!G:G,"DDB1") -> 12 | W12: =COUNTIFS(Roster!T:T,"PL",Roster!O:O,"Warehouse Deals",Roster!J:J,"Day Shift",Roster!P:P,"Direct",Roster!G:G,"AUH3")+COUNTIFS(Roster!T:T,"PL",Roster!O:O,"Warehouse Deals",Roster!J:J,"Day Shift",Roster!P:P,"Direct",Roster!G:G,"DDB1") -> 3 | X12: =COUNTIFS(Table1[[#All],[Building]],"AUH3",Table1[[#All],[Shift]],"Day Shift",Table1[[#All],[OFF1]],"OT",Table1[[#All],[Department]],Dashboard!S12)+COUNTIFS(Table1[[#All],[Building]],"AUH3",Table1[[#All],[Shift]],"Day Shift",Table1[[#All],[OFF2]],"OT",Table1[[#All],[Department]],Dashboard!S12) -> 2 | Y12: =COUNTIFS(Roster!T:T,"P",Roster!O:O,"Warehouse Deals",Roster!J:J,"Day Shift",Roster!P:P,"Direct",Roster!G:G,"AUH3")+COUNTIFS(Roster!T:T,"P",Roster!O:O,"Warehouse Deals",Roster!J:J,"Day Shift",Roster!P:P,"Direct",Roster!G:G,"DDB1") -> 28 | Z12: =COUNTIFS(Roster!T:T,"SL",Roster!O:O,"Warehouse Deals",Roster!J:J,"Day Shift",Roster!P:P,"Direct",Roster!G:G,"AUH3")+COUNTIFS(Roster!T:T,"SL",Roster!O:O,"Warehouse Deals",Roster!J:J,"Day Shift",Roster!P:P,"Direct",Roster!G:G,"DDB1") -> 0 | AA12: =COUNTIFS(Roster!T:T,"AB",Roster!O:O,"Warehouse Deals",Roster!J:J,"Day Shift",Roster!P:P,"Direct",Roster!G:G,"AUH3")+COUNTIFS(Roster!T:T,"AB",Roster!O:O,"Warehouse Deals",Roster!J:J,"Day Shift",Roster!P:P,"Direct",Roster!G:G,"DDB1")+COUNTIFS(Roster!T:T,"ABWI",Roster!O:O,"Warehouse Deals",Roster!J:J,"Day Shift",Roster!P:P,"Direct",Roster!G:G,"AUH3")+COUNTIFS(Roster!T:T,"ABWI",Roster!O:O,"Warehouse Deals",Roster!J:J,"Day Shift",Roster!P:P,"Direct",Roster!G:G,"DDB1") -> 3 | AB12: =SUM(Y12:AA12,)+SUM(U12:W12) -> 46 | AC12: =(AB12-V12)-U12-X12 -> 32 | AD12: =Y12/AC12 -> 0.875 | AF12: Warehouse Deals | AG12: Day Shift | AH12: =COUNTIFS(Roster!T:T,"0",Roster!O:O,"Warehouse Deals",Roster!J:J,"Day Shift",Roster!P:P,"Support",Roster!G:G,"DAD1") -> 0 | AI12: =COUNTIFS(Roster!T:T,"OFF",Roster!O:O,"Warehouse Deals",Roster!J:J,"Day Shift",Roster!P:P,"Support",Roster!G:G,"DAD1") -> 0 | AJ12: =COUNTIFS(Roster!T:T,"PL",Roster!O:O,"Warehouse Deals",Roster!J:J,"Day Shift",Roster!P:P,"Support",Roster!G:G,"DAD1") -> 0 | AK12: =COUNTIFS(Roster!T:T,"P",Roster!O:O,"Warehouse Deals",Roster!J:J,"Day Shift",Roster!P:P,"Support",Roster!G:G,"DAD1") -> 0 | AL12: =COUNTIFS(Table1[[#All],[Building]],"DAD1",Table1[[#All],[Shift]],"Day Shift",Table1[[#All],[OFF1]],"OT",Table1[[#All],[Type]],"Support")+COUNTIFS(Table1[[#All],[Building]],"DAD1",Table1[[#All],[Shift]],"Day Shift",Table1[[#All],[OFF2]],"OT",Table1[[#All],[Type]],"Support") -> 0 | AM12: =COUNTIFS(Roster!T:T,"SL",Roster!O:O,"Warehouse Deals",Roster!J:J,"Day Shift",Roster!P:P,"Support",Roster!G:G,"DAD1") -> 0 | AN12: =COUNTIFS(Roster!T:T,"AB",Roster!O:O,"Warehouse Deals",Roster!J:J,"Day Shift",Roster!P:P,"Support",Roster!G:G,"DAD1")+COUNTIFS(Roster!T:T,"ABWI",Roster!O:O,"Warehouse Deals",Roster!J:J,"Day Shift",Roster!P:P,"Support",Roster!G:G,"DAD1") -> 0 | AO12: =SUM(AM12:AN12,)+SUM(AH12:AK12) -> 0 | AP12: =(AO12-AI12)-AH12 -> 0 | AQ12: =AK12/AP12 -> #DIV/0!
B13: Mid Shift | C13: 0 | D13: =COUNTIFS(Roster!T:T,"OFF",Roster!O:O,"ICQA",Roster!J:J,"Mid Shift",Roster!P:P,"Direct",Roster!G:G,"AUH1") -> 0 | E13: =COUNTIFS(Roster!T:T,"PL",Roster!O:O,"ICQA",Roster!J:J,"Mid Shift",Roster!P:P,"Direct",Roster!G:G,"AUH1") -> 0 | F13: =COUNTIFS(Table1[[#All],[Building]],"AUH1",Table1[[#All],[Shift]],"Mid Shift",Table1[[#All],[OFF1]],"OT",Table1[[#All],[Department]],Dashboard!A12)+COUNTIFS(Table1[[#All],[Building]],"AUH1",Table1[[#All],[Shift]],"Mid Shift",Table1[[#All],[OFF2]],"OT",Table1[[#All],[Department]],Dashboard!A12) -> 0 | G13: =COUNTIFS(Roster!T:T,"P",Roster!O:O,"ICQA",Roster!J:J,"Mid Shift",Roster!P:P,"Direct",Roster!G:G,"AUH1") -> 0 | H13: =COUNTIFS(Roster!T:T,"SL",Roster!O:O,"ICQA",Roster!J:J,"Mid Shift",Roster!P:P,"Direct",Roster!G:G,"AUH1") -> 0 | I13: =COUNTIFS(Roster!T:T,"AB",Roster!O:O,"ICQA",Roster!J:J,"Mid Shift",Roster!P:P,"Direct",Roster!G:G,"AUH1")+COUNTIFS(Roster!T:T,"ABWI",Roster!O:O,"ICQA",Roster!J:J,"Mid Shift",Roster!P:P,"Direct",Roster!G:G,"AUH1") -> 0 | J13: =SUM(G13:I13,)+SUM(C13:E13) -> 0 | K13: =(J13-D13)-C13-F13 -> 0 | M13: =(G13-F13)/(K13) -> #DIV/0! | N13: =(H13-G13)/(L13) -> #DIV/0! | T13: Mid Shift | U13: =COUNTIFS(Roster!T:T,"0",Roster!O:O,"Warehouse Deals",Roster!J:J,"Mid Shift",Roster!P:P,"Direct",Roster!G:G,"AUH3")+COUNTIFS(Roster!T:T,"0",Roster!O:O,"Warehouse Deals",Roster!J:J,"Mid Shift",Roster!P:P,"Direct",Roster!G:G,"DDB1") -> 0 | V13: =COUNTIFS(Roster!T:T,"OFF",Roster!O:O,"Warehouse Deals",Roster!J:J,"Mid Shift",Roster!P:P,"Direct",Roster!G:G,"AUH3")+COUNTIFS(Roster!T:T,"OFF",Roster!O:O,"Warehouse Deals",Roster!J:J,"Mid Shift",Roster!P:P,"Direct",Roster!G:G,"DDB1") -> 0 | W13: =COUNTIFS(Roster!T:T,"PL",Roster!O:O,"Warehouse Deals",Roster!J:J,"Mid Shift",Roster!P:P,"Direct",Roster!G:G,"AUH3")+COUNTIFS(Roster!T:T,"PL",Roster!O:O,"Warehouse Deals",Roster!J:J,"Mid Shift",Roster!P:P,"Direct",Roster!G:G,"DDB1") -> 0 | X13: =COUNTIFS(Table1[[#All],[Building]],"AUH3",Table1[[#All],[Shift]],"Mid Shift",Table1[[#All],[OFF1]],"OT",Table1[[#All],[Department]],Dashboard!S12)+COUNTIFS(Table1[[#All],[Building]],"AUH3",Table1[[#All],[Shift]],"Mid Shift",Table1[[#All],[OFF2]],"OT",Table1[[#All],[Department]],Dashboard!S12) -> 0 | Y13: =COUNTIFS(Roster!T:T,"P",Roster!O:O,"Warehouse Deals",Roster!J:J,"Mid Shift",Roster!P:P,"Direct",Roster!G:G,"AUH3")+COUNTIFS(Roster!T:T,"P",Roster!O:O,"Warehouse Deals",Roster!J:J,"Mid Shift",Roster!P:P,"Direct",Roster!G:G,"DDB1") -> 0 | Z13: =COUNTIFS(Roster!T:T,"SL",Roster!O:O,"Warehouse Deals",Roster!J:J,"Mid Shift",Roster!P:P,"Direct",Roster!G:G,"AUH3")+COUNTIFS(Roster!T:T,"SL",Roster!O:O,"Warehouse Deals",Roster!J:J,"Mid Shift",Roster!P:P,"Direct",Roster!G:G,"DDB1") -> 0 | AA13: =COUNTIFS(Roster!T:T,"AB",Roster!O:O,"Warehouse Deals",Roster!J:J,"Mid Shift",Roster!P:P,"Direct",Roster!G:G,"AUH3")+COUNTIFS(Roster!T:T,"AB",Roster!O:O,"Warehouse Deals",Roster!J:J,"Mid Shift",Roster!P:P,"Direct",Roster!G:G,"DDB1")+COUNTIFS(Roster!T:T,"ABWI",Roster!O:O,"Warehouse Deals",Roster!J:J,"Mid Shift",Roster!P:P,"Direct",Roster!G:G,"AUH3")+COUNTIFS(Roster!T:T,"ABWI",Roster!O:O,"Warehouse Deals",Roster!J:J,"Mid Shift",Roster!P:P,"Direct",Roster!G:G,"DDB1") -> 0 | AB13: =SUM(Y13:AA13,)+SUM(U13:W13) -> 0 | AC13: =(AB13-V13)-U13-X13 -> 0 | AD13: =Y13/AC13 -> #DIV/0! | AG13: Mid Shift | AH13: =COUNTIFS(Roster!T:T,"0",Roster!O:O,"Warehouse Deals",Roster!J:J,"Mid Shift",Roster!P:P,"Support",Roster!G:G,"DAD1") -> 0 | AI13: =COUNTIFS(Roster!T:T,"OFF",Roster!O:O,"Warehouse Deals",Roster!J:J,"Mid Shift",Roster!P:P,"Support",Roster!G:G,"DAD1") -> 0 | AJ13: =COUNTIFS(Roster!T:T,"PL",Roster!O:O,"Warehouse Deals",Roster!J:J,"Mid Shift",Roster!P:P,"Support",Roster!G:G,"DAD1") -> 0 | AK13: =COUNTIFS(Roster!T:T,"P",Roster!O:O,"Warehouse Deals",Roster!J:J,"Mid Shift",Roster!P:P,"Support",Roster!G:G,"DAD1") -> 0 | AL13: =COUNTIFS(Table1[[#All],[Building]],"DAD1",Table1[[#All],[Shift]],"Mid Shift",Table1[[#All],[OFF1]],"OT",Table1[[#All],[Type]],"Direct")+COUNTIFS(Table1[[#All],[Building]],"DAD1",Table1[[#All],[Shift]],"Mid Shift",Table1[[#All],[OFF2]],"OT",Table1[[#All],[Type]],"Direct") -> 0 | AM13: =COUNTIFS(Roster!T:T,"SL",Roster!O:O,"Warehouse Deals",Roster!J:J,"Mid Shift",Roster!P:P,"Support",Roster!G:G,"DAD1") -> 0 | AN13: =COUNTIFS(Roster!T:T,"AB",Roster!O:O,"Warehouse Deals",Roster!J:J,"Mid Shift",Roster!P:P,"Support",Roster!G:G,"DAD1")+COUNTIFS(Roster!T:T,"ABWI",Roster!O:O,"Warehouse Deals",Roster!J:J,"Mid Shift",Roster!P:P,"Support",Roster!G:G,"DAD1") -> 0 | AO13: =SUM(AM13:AN13,)+SUM(AH13:AK13) -> 0 | AP13: =(AO13-AI13)-AH13 -> 0 | AQ13: =AK13/AP13 -> #DIV/0!
B14: Night Shift | C14: =COUNTIFS(Roster!T:T,"0",Roster!O:O,"ICQA",Roster!J:J,"Night Shift",Roster!P:P,"Direct",Roster!G:G,"AUH1") -> 0 | D14: =COUNTIFS(Roster!T:T,"OFF",Roster!O:O,"ICQA",Roster!J:J,"Night Shift",Roster!P:P,"Direct",Roster!G:G,"AUH1") -> 2 | E14: =COUNTIFS(Roster!T:T,"PL",Roster!O:O,"ICQA",Roster!J:J,"Night Shift",Roster!P:P,"Direct",Roster!G:G,"AUH1") -> 0 | F14: =COUNTIFS(Table1[[#All],[Building]],"AUH1",Table1[[#All],[Shift]],"Night Shift",Table1[[#All],[OFF1]],"OT",Table1[[#All],[Department]],Dashboard!A12)+COUNTIFS(Table1[[#All],[Building]],"AUH1",Table1[[#All],[Shift]],"Night Shift",Table1[[#All],[OFF2]],"OT",Table1[[#All],[Department]],Dashboard!A12) -> 0 | G14: =COUNTIFS(Roster!T:T,"P",Roster!O:O,"ICQA",Roster!J:J,"Night Shift",Roster!P:P,"Direct",Roster!G:G,"AUH1") -> 5 | H14: =COUNTIFS(Roster!T:T,"SL",Roster!O:O,"ICQA",Roster!J:J,"Night Shift",Roster!P:P,"Direct",Roster!G:G,"AUH1") -> 0 | I14: =COUNTIFS(Roster!T:T,"AB",Roster!O:O,"ICQA",Roster!J:J,"Night Shift",Roster!P:P,"Direct",Roster!G:G,"AUH1")+COUNTIFS(Roster!T:T,"ABWI",Roster!O:O,"ICQA",Roster!J:J,"Night Shift",Roster!P:P,"Direct",Roster!G:G,"AUH1") -> 0 | J14: =SUM(G14:I14,)+SUM(C14:E14) -> 7 | K14: =(J14-D14)-C14-F14 -> 5 | L14: 0.765 | M14: =(G14-F14)/(K14) -> 1 | N14: =G14/K14 -> 1 | T14: Night Shift | U14: =COUNTIFS(Roster!T:T,"0",Roster!O:O,"Warehouse Deals",Roster!J:J,"Mid Shift",Roster!P:P,"Direct",Roster!G:G,"AUH3")+COUNTIFS(Roster!T:T,"0",Roster!O:O,"Warehouse Deals",Roster!J:J,"Mid Shift",Roster!P:P,"Direct",Roster!G:G,"DDB1") -> 0 | V14: =COUNTIFS(Roster!T:T,"OFF",Roster!O:O,"Warehouse Deals",Roster!J:J,"Night Shift",Roster!P:P,"Direct",Roster!G:G,"AUH3")+COUNTIFS(Roster!T:T,"OFF",Roster!O:O,"Warehouse Deals",Roster!J:J,"Night Shift",Roster!P:P,"Direct",Roster!G:G,"DDB1") -> 15 | W14: =COUNTIFS(Roster!T:T,"PL",Roster!O:O,"Warehouse Deals",Roster!J:J,"Night Shift",Roster!P:P,"Direct",Roster!G:G,"AUH3")+COUNTIFS(Roster!T:T,"PL",Roster!O:O,"Warehouse Deals",Roster!J:J,"Night Shift",Roster!P:P,"Direct",Roster!G:G,"DDB1") -> 4 | X14: =COUNTIFS(Table1[[#All],[Building]],"AUH3",Table1[[#All],[Shift]],"Night Shift",Table1[[#All],[OFF1]],"OT",Table1[[#All],[Department]],Dashboard!S12)+COUNTIFS(Table1[[#All],[Building]],"AUH3",Table1[[#All],[Shift]],"Night Shift",Table1[[#All],[OFF2]],"OT",Table1[[#All],[Department]],Dashboard!S12) -> 3 | Y14: =COUNTIFS(Roster!T:T,"P",Roster!O:O,"Warehouse Deals",Roster!J:J,"Night Shift",Roster!P:P,"Direct",Roster!G:G,"AUH3")+COUNTIFS(Roster!T:T,"P",Roster!O:O,"Warehouse Deals",Roster!J:J,"Night Shift",Roster!P:P,"Direct",Roster!G:G,"DDB1") -> 38 | Z14: =COUNTIFS(Roster!T:T,"SL",Roster!O:O,"Warehouse Deals",Roster!J:J,"Night Shift",Roster!P:P,"Direct",Roster!G:G,"AUH3")+COUNTIFS(Roster!T:T,"SL",Roster!O:O,"Warehouse Deals",Roster!J:J,"Night Shift",Roster!P:P,"Direct",Roster!G:G,"DDB1") -> 0 | AA14: =COUNTIFS(Roster!T:T,"AB",Roster!O:O,"Warehouse Deals",Roster!J:J,"Night Shift",Roster!P:P,"Direct",Roster!G:G,"AUH3")+COUNTIFS(Roster!T:T,"AB",Roster!O:O,"Warehouse Deals",Roster!J:J,"Night Shift",Roster!P:P,"Direct",Roster!G:G,"DDB1")+COUNTIFS(Roster!T:T,"ABWI",Roster!O:O,"Warehouse Deals",Roster!J:J,"Night Shift",Roster!P:P,"Direct",Roster!G:G,"AUH3")+COUNTIFS(Roster!T:T,"ABWI",Roster!O:O,"Warehouse Deals",Roster!J:J,"Night Shift",Roster!P:P,"Direct",Roster!G:G,"DDB1") -> 0 | AB14: =SUM(Y14:AA14,)+SUM(U14:W14) -> 57 | AC14: =(AB14-V14)-U14-X14 -> 39 | AD14: =Y14/AC14 -> 0.97435897 | AG14: Night Shift | AH14: =COUNTIFS(Roster!T:T,"0",Roster!O:O,"Warehouse Deals",Roster!J:J,"Night Shift",Roster!P:P,"Support",Roster!G:G,"DAD1") -> 0 | AI14: =COUNTIFS(Roster!T:T,"OFF",Roster!O:O,"Warehouse Deals",Roster!J:J,"Night Shift",Roster!P:P,"Support",Roster!G:G,"DAD1") -> 4 | AJ14: =COUNTIFS(Roster!T:T,"PL",Roster!O:O,"Warehouse Deals",Roster!J:J,"Night Shift",Roster!P:P,"Support",Roster!G:G,"DAD1") -> 0 | AK14: =COUNTIFS(Roster!T:T,"P",Roster!O:O,"Warehouse Deals",Roster!J:J,"Night Shift",Roster!P:P,"Support",Roster!G:G,"DAD1") -> 8 | AL14: =COUNTIFS(Table1[[#All],[Building]],"DAD1",Table1[[#All],[Shift]],"Night Shift",Table1[[#All],[OFF1]],"OT",Table1[[#All],[Type]],"Support")+COUNTIFS(Table1[[#All],[Building]],"DAD1",Table1[[#All],[Shift]],"Night Shift",Table1[[#All],[OFF1]],"OT",Table1[[#All],[Type]],"Support") -> 0 | AM14: =COUNTIFS(Roster!T:T,"SL",Roster!O:O,"Warehouse Deals",Roster!J:J,"Night Shift",Roster!P:P,"Support",Roster!G:G,"DAD1") -> 0 | AN14: =COUNTIFS(Roster!T:T,"AB",Roster!O:O,"Warehouse Deals",Roster!J:J,"Night Shift",Roster!P:P,"Support",Roster!G:G,"DAD1")+COUNTIFS(Roster!T:T,"ABWI",Roster!O:O,"Warehouse Deals",Roster!J:J,"Night Shift",Roster!P:P,"Support",Roster!G:G,"DAD1") -> 0 | AO14: =SUM(AM14:AN14,)+SUM(AH14:AK14) -> 12 | AP14: =(AO14-AI14)-AH14 -> 8 | AQ14: =AK14/AP14 -> 1
A15: ICQA Total | C15: =SUM(C12:C14) -> 0 | D15: =SUM(D12:D14) -> 13 | E15: =SUM(E12:E14) -> 3 | F15: =SUM(F12:F14) -> 0 | G15: =SUM(G12:G14) -> 32 | H15: =SUM(H12:H14) -> 1 | I15: =SUM(I12:I14) -> 2 | J15: =SUM(J12:J14) -> 51 | K15: =SUM(K12:K14) -> 38 | L15: 0.85388889 | M15: =(G15-F15)/(K15) -> 0.84210526 | N15: =G15/K15 -> 0.84210526 | O15: =L15*K15 -> 32.447778 | P15: =G15-F15 -> 32 | Q15: =P15-O15 -> -0.44777778 | S15: SC Total | U15: =SUM(U12:U14) -> 0 | V15: =SUM(V12:V14) -> 27 | W15: =SUM(W12:W14) -> 7 | X15: =SUM(X12:X14) -> 5 | Y15: =SUM(Y12:Y14) -> 66 | Z15: =SUM(Z12:Z14) -> 0 | AA15: =SUM(AA12:AA14) -> 3 | AB15: =SUM(AB12:AB14) -> 103 | AC15: =SUM(AC12:AC14) -> 71 | AF15: Warehouse Deals | AH15: =SUM(AH12:AH14) -> 0 | AI15: =SUM(AI12:AI14) -> 4 | AJ15: =SUM(AJ12:AJ14) -> 0 | AK15: =SUM(AK12:AK14) -> 8 | AL15: =SUM(AL12:AL14) -> 0 | AM15: =SUM(AM12:AM14) -> 0 | AN15: =SUM(AN12:AN14) -> 0 | AO15: =SUM(AO12:AO14) -> 12 | AP15: =SUM(AP12:AP14) -> 8
A16: Inbound | B16: Day Shift | C16: =COUNTIFS(Roster!T:T,"0",Roster!O:O,"Inbound",Roster!J:J,"Day Shift",Roster!P:P,"Direct",Roster!G:G,"AUH1") -> 0 | D16: =COUNTIFS(Roster!T:T,"OFF",Roster!O:O,"Inbound",Roster!J:J,"Day Shift",Roster!P:P,"Direct",Roster!G:G,"AUH1") -> 51 | E16: =COUNTIFS(Roster!T:T,"PL",Roster!O:O,"Inbound",Roster!J:J,"Day Shift",Roster!P:P,"Direct",Roster!G:G,"AUH1") -> 17 | F16: =COUNTIFS(Table1[[#All],[Building]],"AUH1",Table1[[#All],[Shift]],"Day Shift",Table1[[#All],[OFF1]],"OT",Table1[[#All],[Department]],Dashboard!A16)+COUNTIFS(Table1[[#All],[Building]],"AUH1",Table1[[#All],[Shift]],"Day Shift",Table1[[#All],[OFF2]],"OT",Table1[[#All],[Department]],Dashboard!A16) -> 8 | G16: =COUNTIFS(Roster!T:T,"P",Roster!O:O,"Inbound",Roster!J:J,"Day Shift",Roster!P:P,"Direct",Roster!G:G,"AUH1") -> 142 | H16: =COUNTIFS(Roster!T:T,"SL",Roster!O:O,"Inbound",Roster!J:J,"Day Shift",Roster!P:P,"Direct",Roster!G:G,"AUH1") -> 1 | I16: =COUNTIFS(Roster!T:T,"AB",Roster!O:O,"Inbound",Roster!J:J,"Day Shift",Roster!P:P,"Direct",Roster!G:G,"AUH1")+COUNTIFS(Roster!T:T,"ABWI",Roster!O:O,"Inbound",Roster!J:J,"Day Shift",Roster!P:P,"Direct",Roster!G:G,"AUH1") -> 9 | J16: =SUM(G16:I16,)+SUM(C16:E16) -> 220 | K16: =(J16-D16)-C16-F16 -> 161 | L16: 0.88336735 | M16: =(G16-F16)/(K16) -> 0.83229814 | N16: =G16/K16 -> 0.88198758 | AF16: Grand Total | AH16: =AH15 -> 0 | AI16: =AI15 -> 4 | AJ16: =AJ15 -> 0 | AK16: =AK15 -> 8 | AL16: =AL15 -> 0 | AM16: =AM15 -> 0 | AN16: =AN15 -> 0 | AO16: =AO15 -> 12 | AP16: =AP15 -> 8
B17: Mid Shift | C17: =COUNTIFS(Roster!T:T,"0",Roster!O:O,"Inbound",Roster!J:J,"Mid Shift",Roster!P:P,"Direct",Roster!G:G,"AUH1") -> 0 | D17: =COUNTIFS(Roster!T:T,"OFF",Roster!O:O,"Inbound",Roster!J:J,"Mid Shift",Roster!P:P,"Direct",Roster!G:G,"AUH1") -> 0 | E17: =COUNTIFS(Roster!T:T,"PL",Roster!O:O,"Inbound",Roster!J:J,"Mid Shift",Roster!P:P,"Direct",Roster!G:G,"AUH1") -> 0 | F17: =COUNTIFS(Table1[[#All],[Building]],"AUH1",Table1[[#All],[Shift]],"Mid Shift",Table1[[#All],[OFF1]],"OT",Table1[[#All],[Department]],Dashboard!A16)+COUNTIFS(Table1[[#All],[Building]],"AUH1",Table1[[#All],[Shift]],"Mid Shift",Table1[[#All],[OFF2]],"OT",Table1[[#All],[Department]],Dashboard!A16) -> 0 | G17: =COUNTIFS(Roster!T:T,"P",Roster!O:O,"Inbound",Roster!J:J,"Mid Shift",Roster!P:P,"Direct",Roster!G:G,"AUH1") -> 0 | H17: =COUNTIFS(Roster!T:T,"SL",Roster!O:O,"Inbound",Roster!J:J,"Mid Shift",Roster!P:P,"Direct",Roster!G:G,"AUH1") -> 0 | I17: =COUNTIFS(Roster!T:T,"AB",Roster!O:O,"Inbound",Roster!J:J,"Mid Shift",Roster!P:P,"Direct",Roster!G:G,"AUH1")+COUNTIFS(Roster!T:T,"ABWI",Roster!O:O,"Inbound",Roster!J:J,"Mid Shift",Roster!P:P,"Direct",Roster!G:G,"AUH1") -> 0 | J17: =SUM(G17:I17,)+SUM(C17:E17) -> 0 | K17: =(J17-D17)-C17-F17 -> 0 | L17: 0.8456 | M17: =(G17-F17)/(K17) -> #DIV/0! | N17: =G17/K17 -> #DIV/0! | S17: Department | T17: Shift | U17: 0 | V17: OFF | W17: PL | X17: OT | Y17: Present | Z17: SL | AA17: AB/ABWI | AB17: Grand Total | AC17: Scheduled | AD17: %
B18: Night Shift | C18: =COUNTIFS(Roster!T:T,"0",Roster!O:O,"Inbound",Roster!J:J,"Night Shift",Roster!P:P,"Direct",Roster!G:G,"AUH1") -> 0 | D18: =COUNTIFS(Roster!T:T,"OFF",Roster!O:O,"Inbound",Roster!J:J,"Night Shift",Roster!P:P,"Direct",Roster!G:G,"AUH1") -> 25 | E18: =COUNTIFS(Roster!T:T,"PL",Roster!O:O,"Inbound",Roster!J:J,"Night Shift",Roster!P:P,"Direct",Roster!G:G,"AUH1") -> 2 | F18: =COUNTIFS(Table1[[#All],[Building]],"AUH1",Table1[[#All],[Shift]],"Night Shift",Table1[[#All],[OFF1]],"OT",Table1[[#All],[Department]],Dashboard!A16)+COUNTIFS(Table1[[#All],[Building]],"AUH1",Table1[[#All],[Shift]],"Night Shift",Table1[[#All],[OFF2]],"OT",Table1[[#All],[Department]],Dashboard!A16) -> 3 | G18: =COUNTIFS(Roster!T:T,"P",Roster!O:O,"Inbound",Roster!J:J,"Night Shift",Roster!P:P,"Direct",Roster!G:G,"AUH1") -> 55 | H18: =COUNTIFS(Roster!T:T,"SL",Roster!O:O,"Inbound",Roster!J:J,"Night Shift",Roster!P:P,"Direct",Roster!G:G,"AUH1") -> 0 | I18: =COUNTIFS(Roster!T:T,"AB",Roster!O:O,"Inbound",Roster!J:J,"Night Shift",Roster!P:P,"Direct",Roster!G:G,"AUH1")+COUNTIFS(Roster!T:T,"ABWI",Roster!O:O,"Inbound",Roster!J:J,"Night Shift",Roster!P:P,"Direct",Roster!G:G,"AUH1") -> 4 | J18: =SUM(G18:I18,)+SUM(C18:E18) -> 86 | K18: =(J18-D18)-C18-F18 -> 58 | L18: 0.9025 | M18: =(G18-F18)/(K18) -> 0.89655172 | N18: =G18/K18 -> 0.94827586 | S18: Warehouse Deals | T18: Regular | U18: =COUNTIFS(Roster!G:G,"AUH3",Roster!P:P,"Direct",Roster!T:T,"0",Roster!E:E,"Regular")+COUNTIFS(Roster!G:G,"DDB1",Roster!P:P,"Direct",Roster!T:T,"0",Roster!E:E,"Regular") -> 0 | V18: =COUNTIFS(Roster!G:G,"AUH3",Roster!P:P,"Direct",Roster!T:T,"OFF",Roster!E:E,"Regular")+COUNTIFS(Roster!G:G,"DDB1",Roster!P:P,"Direct",Roster!T:T,"OFF",Roster!E:E,"Regular") -> 1 | W18: =COUNTIFS(Roster!G:G,"AUH3",Roster!P:P,"Direct",Roster!T:T,"PL",Roster!E:E,"Regular")+COUNTIFS(Roster!G:G,"DDB1",Roster!P:P,"Direct",Roster!T:T,"PL",Roster!E:E,"Regular") -> 1 | X18: =COUNTIFS(Table1[[#All],[Building]],"AUH3",Table1[[#All],[Employment Type]],"Regular",Table1[[#All],[OFF1]],"OT",Table1[[#All],[Department]],Dashboard!S18)+COUNTIFS(Table1[[#All],[Building]],"AUH3",Table1[[#All],[Employment Type]],"Regular",Table1[[#All],[OFF2]],"OT",Table1[[#All],[Department]],Dashboard!S18) -> 1 | Y18: =COUNTIFS(Roster!G:G,"AUH3",Roster!P:P,"Direct",Roster!T:T,"P",Roster!E:E,"Regular")+COUNTIFS(Roster!G:G,"DDB1",Roster!P:P,"Direct",Roster!T:T,"P",Roster!E:E,"Regular") -> 12 | Z18: =COUNTIFS(Roster!G:G,"AUH3",Roster!P:P,"Direct",Roster!T:T,"SL",Roster!E:E,"Regular")+COUNTIFS(Roster!G:G,"DDB1",Roster!P:P,"Direct",Roster!T:T,"SL",Roster!E:E,"Regular") -> 0 | AA18: =COUNTIFS(Roster!G:G,"AUH3",Roster!P:P,"Direct",Roster!T:T,"AB",Roster!E:E,"Regular")+COUNTIFS(Roster!G:G,"DDB1",Roster!P:P,"Direct",Roster!T:T,"AB",Roster!E:E,"Regular")+COUNTIFS(Roster!G:G,"AUH3",Roster!P:P,"Direct",Roster!T:T,"ABWI",Roster!E:E,"Regular")+COUNTIFS(Roster!G:G,"DDB1",Roster!P:P,"Direct",Roster!T:T,"ABWI",Roster!E:E,"Regular") -> 0 | AB18: =SUM(Y18:AA18,)+SUM(U18:W18) -> 14 | AC18: =(AB18-V18)-U18 -> 13 | AD18: =Y18/AC18 -> 0.92307692 | AL18: =1443+83 -> 1526
A19: Inbound Total | C19: =SUM(C16:C18) -> 0 | D19: =SUM(D16:D18) -> 76 | E19: =SUM(E16:E18) -> 19 | F19: =SUM(F16:F18) -> 11 | G19: =SUM(G16:G18) -> 197 | H19: =SUM(H16:H18) -> 1 | I19: =SUM(I16:I18) -> 13 | J19: =SUM(J16:J18) -> 306 | K19: =SUM(K16:K18) -> 219 | L19: 0.88807692 | M19: =(G19-F19)/(K19) -> 0.84931507 | N19: =G19/K19 -> 0.89954338 | O19: =L19*K19 -> 194.48885 | P19: =G19-F19 -> 186 | Q19: =P19-O19 -> -8.4888462 | T19: Temporary | U19: =COUNTIFS(Roster!G:G,"AUH3",Roster!P:P,"Direct",Roster!T:T,"0",Roster!E:E,"Temporary")+COUNTIFS(Roster!G:G,"DDB1",Roster!P:P,"Direct",Roster!T:T,"0",Roster!E:E,"Temporary") -> 0 | V19: =COUNTIFS(Roster!G:G,"AUH3",Roster!P:P,"Direct",Roster!T:T,"OFF",Roster!E:E,"Temporary")+COUNTIFS(Roster!G:G,"DDB1",Roster!P:P,"Direct",Roster!T:T,"OFF",Roster!E:E,"Temporary") -> 26 | W19: =COUNTIFS(Roster!G:G,"AUH3",Roster!P:P,"Direct",Roster!T:T,"PL",Roster!E:E,"Temporary")+COUNTIFS(Roster!G:G,"DDB1",Roster!P:P,"Direct",Roster!T:T,"PL",Roster!E:E,"Temporary") -> 6 | X19: =COUNTIFS(Table1[[#All],[Building]],"AUH3",Table1[[#All],[Employment Type]],"Temporary",Table1[[#All],[OFF1]],"OT",Table1[[#All],[Department]],Dashboard!S18)+COUNTIFS(Table1[[#All],[Building]],"AUH3",Table1[[#All],[Employment Type]],"Temporary",Table1[[#All],[OFF2]],"OT",Table1[[#All],[Department]],Dashboard!S18) -> 4 | Y19: =COUNTIFS(Roster!G:G,"AUH3",Roster!P:P,"Direct",Roster!T:T,"P",Roster!E:E,"Temporary")+COUNTIFS(Roster!G:G,"DDB1",Roster!P:P,"Direct",Roster!T:T,"P",Roster!E:E,"Temporary") -> 54 | Z19: =COUNTIFS(Roster!G:G,"AUH3",Roster!P:P,"Direct",Roster!T:T,"SL",Roster!E:E,"Temporary")+COUNTIFS(Roster!G:G,"DDB1",Roster!P:P,"Direct",Roster!T:T,"SL",Roster!E:E,"Temporary") -> 0 | AA19: =COUNTIFS(Roster!G:G,"AUH3",Roster!P:P,"Direct",Roster!T:T,"AB",Roster!E:E,"Temporary")+COUNTIFS(Roster!G:G,"DDB1",Roster!P:P,"Direct",Roster!T:T,"AB",Roster!E:E,"Temporary")+COUNTIFS(Roster!G:G,"AUH3",Roster!P:P,"Direct",Roster!T:T,"ABWI",Roster!E:E,"Temporary")+COUNTIFS(Roster!G:G,"DDB1",Roster!P:P,"Direct",Roster!T:T,"ABWI",Roster!E:E,"Temporary") -> 3 | AB19: =SUM(Y19:AA19,)+SUM(U19:W19) -> 89 | AC19: =(AB19-V19)-U19 -> 63 | AD19: =Y19/AC19 -> 0.85714286
A20: Outbound | B20: Day Shift | C20: =COUNTIFS(Roster!T:T,"0",Roster!O:O,"Outbound",Roster!J:J,"Day Shift",Roster!P:P,"Direct",Roster!G:G,"AUH1") -> 0 | D20: =COUNTIFS(Roster!T:T,"OFF",Roster!O:O,"Outbound",Roster!J:J,"Day Shift",Roster!P:P,"Direct",Roster!G:G,"AUH1") -> 55 | E20: =COUNTIFS(Roster!T:T,"PL",Roster!O:O,"Outbound",Roster!J:J,"Day Shift",Roster!P:P,"Direct",Roster!G:G,"AUH1") -> 16 | F20: =COUNTIFS(Table1[[#All],[Building]],"AUH1",Table1[[#All],[Shift]],"Day Shift",Table1[[#All],[OFF1]],"OT",Table1[[#All],[Department]],Dashboard!A20)+COUNTIFS(Table1[[#All],[Building]],"AUH1",Table1[[#All],[Shift]],"Day Shift",Table1[[#All],[OFF2]],"OT",Table1[[#All],[Department]],Dashboard!A20) -> 19 | G20: =COUNTIFS(Roster!T:T,"P",Roster!O:O,"Outbound",Roster!J:J,"Day Shift",Roster!P:P,"Direct",Roster!G:G,"AUH1") -> 165 | H20: =COUNTIFS(Roster!T:T,"SL",Roster!O:O,"Outbound",Roster!J:J,"Day Shift",Roster!P:P,"Direct",Roster!G:G,"AUH1") -> 0 | I20: =COUNTIFS(Roster!T:T,"AB",Roster!O:O,"Outbound",Roster!J:J,"Day Shift",Roster!P:P,"Direct",Roster!G:G,"AUH1")+COUNTIFS(Roster!T:T,"ABWI",Roster!O:O,"Outbound",Roster!J:J,"Day Shift",Roster!P:P,"Direct",Roster!G:G,"AUH1") -> 13 | J20: =SUM(G20:I20,)+SUM(C20:E20) -> 249 | K20: =(J20-D20)-C20-F20 -> 175 | L20: 0.87251445 | M20: =(G20-F20)/(K20) -> 0.83428571 | N20: =G20/K20 -> 0.94285714 | S20: SC Total | U20: =SUM(U17:U19) -> 0 | V20: =SUM(V17:V19) -> 27 | W20: =SUM(W17:W19) -> 7 | X20: =SUM(X17:X19) -> 5 | Y20: =SUM(Y17:Y19) -> 66 | Z20: =SUM(Z17:Z19) -> 0 | AA20: =SUM(AA17:AA19) -> 3 | AB20: =SUM(AB17:AB19) -> 103 | AC20: =SUM(AC18:AC19) -> 76
B21: Mid Shift | C21: =COUNTIFS(Roster!T:T,"0",Roster!O:O,"Outbound",Roster!J:J,"Mid Shift",Roster!P:P,"Direct",Roster!G:G,"AUH1") -> 0 | D21: =COUNTIFS(Roster!T:T,"OFF",Roster!O:O,"Outbound",Roster!J:J,"Mid Shift",Roster!P:P,"Direct",Roster!G:G,"AUH1") -> 0 | E21: =COUNTIFS(Roster!T:T,"PL",Roster!O:O,"Outbound",Roster!J:J,"Mid Shift",Roster!P:P,"Direct",Roster!G:G,"AUH1") -> 0 | F21: =COUNTIFS(Table1[[#All],[Building]],"AUH1",Table1[[#All],[Shift]],"Mid Shift",Table1[[#All],[OFF1]],"OT",Table1[[#All],[Department]],Dashboard!A20)+COUNTIFS(Table1[[#All],[Building]],"AUH1",Table1[[#All],[Shift]],"Mid Shift",Table1[[#All],[OFF2]],"OT",Table1[[#All],[Department]],Dashboard!A20) -> 0 | G21: =COUNTIFS(Roster!T:T,"P",Roster!O:O,"Outbound",Roster!J:J,"Mid Shift",Roster!P:P,"Direct",Roster!G:G,"AUH1") -> 0 | H21: =COUNTIFS(Roster!T:T,"SL",Roster!O:O,"Outbound",Roster!J:J,"Mid Shift",Roster!P:P,"Direct",Roster!G:G,"AUH1") -> 0 | I21: =COUNTIFS(Roster!T:T,"AB",Roster!O:O,"Outbound",Roster!J:J,"Mid Shift",Roster!P:P,"Direct",Roster!G:G,"AUH1")+COUNTIFS(Roster!T:T,"ABWI",Roster!O:O,"Outbound",Roster!J:J,"Mid Shift",Roster!P:P,"Direct",Roster!G:G,"AUH1") -> 0 | J21: =SUM(G21:I21,)+SUM(C21:E21) -> 0 | K21: =(J21-D21)-C21-F21 -> 0 | M21: =(G21-F21)/(K21) -> #DIV/0! | N21: =G21/K21 -> #DIV/0!
B22: Night Shift | C22: =COUNTIFS(Roster!T:T,"0",Roster!O:O,"Outbound",Roster!J:J,"Night Shift",Roster!P:P,"Direct",Roster!G:G,"AUH1") -> 0 | D22: =COUNTIFS(Roster!T:T,"OFF",Roster!O:O,"Outbound",Roster!J:J,"Night Shift",Roster!P:P,"Direct",Roster!G:G,"AUH1") -> 95 | E22: =COUNTIFS(Roster!T:T,"PL",Roster!O:O,"Outbound",Roster!J:J,"Night Shift",Roster!P:P,"Direct",Roster!G:G,"AUH1") -> 16 | F22: =COUNTIFS(Table1[[#All],[Building]],"AUH1",Table1[[#All],[Shift]],"Night Shift",Table1[[#All],[OFF1]],"OT",Table1[[#All],[Department]],Dashboard!A20)+COUNTIFS(Table1[[#All],[Building]],"AUH1",Table1[[#All],[Shift]],"Night Shift",Table1[[#All],[OFF2]],"OT",Table1[[#All],[Department]],Dashboard!A20) -> 11 | G22: =COUNTIFS(Roster!T:T,"P",Roster!O:O,"Outbound",Roster!J:J,"Night Shift",Roster!P:P,"Direct",Roster!G:G,"AUH1") -> 242 | H22: =COUNTIFS(Roster!T:T,"SL",Roster!O:O,"Outbound",Roster!J:J,"Night Shift",Roster!P:P,"Direct",Roster!G:G,"AUH1") -> 0 | I22: =COUNTIFS(Roster!T:T,"AB",Roster!O:O,"Outbound",Roster!J:J,"Night Shift",Roster!P:P,"Direct",Roster!G:G,"AUH1")+COUNTIFS(Roster!T:T,"ABWI",Roster!O:O,"Outbound",Roster!J:J,"Night Shift",Roster!P:P,"Direct",Roster!G:G,"AUH1") -> 22 | J22: =SUM(G22:I22,)+SUM(C22:E22) -> 375 | K22: =(J22-D22)-C22-F22 -> 269 | L22: 0.91873665 | M22: =(G22-F22)/(K22) -> 0.85873606 | N22: =G22/K22 -> 0.89962825 | S22: Shift | T22: Total HC | U22: Unscheduled | V22: Schedule to Work | W22: PL | X22: OT | Y22: UPL | Z22: Present | AA22: Present % | AB22: LM Target | AC22: Target Achievement
A23: Outbound Total | C23: =SUM(C20:C22) -> 0 | D23: =SUM(D20:D22) -> 150 | E23: =SUM(E20:E22) -> 32 | F23: =SUM(F20:F22) -> 30 | G23: =SUM(G20:G22) -> 407 | H23: =SUM(H20:H22) -> 0 | I23: =SUM(I20:I22) -> 35 | J23: =SUM(J20:J22) -> 624 | K23: =SUM(K20:K22) -> 444 | L23: 0.90112335 | M23: =(G23-F23)/(K23) -> 0.8490991 | N23: =G23/K23 -> 0.91666667 | O23: =L23*K23 -> 400.09877 | P23: =G23-F23 -> 377 | Q23: =P23-O23 -> -23.098767 | S23: Regular | T23: =COUNTIFS(Roster!G:G,"AUH3",Roster!E:E,"Regular")+COUNTIFS(Roster!G:G,"DDB1",Roster!E:E,"Regular",Roster!P:P,"Direct") -> 14 | U23: =COUNTIFS(Roster!G:G,"AUH3",Roster!E:E,"Regular",Roster!T:T,"OFF",Roster!P:P,"Direct")+COUNTIFS(Roster!G:G,"DDB1",Roster!E:E,"Regular",Roster!T:T,"OFF",Roster!P:P,"Direct") -> 1 | V23: =SUMIFS($AC$18:$AC$19,$T$18:$T$19,"Regular") -> 13 | W23: =COUNTIFS(Roster!G:G,"AUH3",Roster!E:E,"Regular",Roster!T:T,"PL",Roster!P:P,"Direct")+COUNTIFS(Roster!G:G,"DDB1",Roster!E:E,"Regular",Roster!T:T,"PL",Roster!P:P,"Direct") -> 1 | X23: =COUNTIFS(Table1[[#All],[Building]],"AUH3",Table1[[#All],[Employment Type]],"Regular",Table1[[#All],[OFF1]],"OT",Table1[[#All],[Department]],Dashboard!S23)+COUNTIFS(Table1[[#All],[Building]],"AUH3",Table1[[#All],[Employment Type]],"Regular",Table1[[#All],[OFF2]],"OT",Table1[[#All],[Department]],Dashboard!S23) -> 0 | Y23: =COUNTIFS(Roster!G:G,"AUH3",Roster!E:E,"Regular",Roster!T:T,"AB",Roster!P:P,"Direct")+COUNTIFS(Roster!G:G,"AUH3",Roster!E:E,"Regular",Roster!T:T,"SL",Roster!P:P,"Direct")+COUNTIFS(Roster!G:G,"AUH3",Roster!E:E,"Regular",Roster!T:T,"ABWI",Roster!P:P,"Direct")+COUNTIFS(Roster!G:G,"DDB1",Roster!E:E,"Regular",Roster!T:T,"ABWI") -> 0 | Z23: =V23-W23-Y23 -> 12 | AA23: =Z23/V23 -> 0.92307692 | AB23: 0.92384615 | AC23: =AA23/AB23 -> 0.99916736
A24: CRET | B24: Day Shift | C24: =COUNTIFS(Roster!T:T,"0",Roster!O:O,"CRET",Roster!J:J,"Day Shift",Roster!P:P,"Direct",Roster!G:G,"AUH1") -> 0 | D24: =COUNTIFS(Roster!T:T,"OFF",Roster!O:O,"CRET",Roster!J:J,"Day Shift",Roster!P:P,"Direct",Roster!G:G,"AUH1") -> 23 | E24: =COUNTIFS(Roster!T:T,"PL",Roster!O:O,"CRET",Roster!J:J,"Day Shift",Roster!P:P,"Direct",Roster!G:G,"AUH1") -> 12 | F24: =COUNTIFS(Table1[[#All],[Building]],"AUH1",Table1[[#All],[Shift]],"Day Shift",Table1[[#All],[OFF1]],"OT",Table1[[#All],[Department]],Dashboard!A24)+COUNTIFS(Table1[[#All],[Building]],"AUH1",Table1[[#All],[Shift]],"Day Shift",Table1[[#All],[OFF2]],"OT",Table1[[#All],[Department]],Dashboard!A24) -> 11 | G24: =COUNTIFS(Roster!T:T,"P",Roster!O:O,"CRET",Roster!J:J,"Day Shift",Roster!P:P,"Direct",Roster!G:G,"AUH1") -> 86 | H24: =COUNTIFS(Roster!T:T,"SL",Roster!O:O,"CRET",Roster!J:J,"Day Shift",Roster!P:P,"Direct",Roster!G:G,"AUH1") -> 0 | I24: =COUNTIFS(Roster!T:T,"AB",Roster!O:O,"CRET",Roster!J:J,"Day Shift",Roster!P:P,"Direct",Roster!G:G,"AUH1")+COUNTIFS(Roster!T:T,"ABWI",Roster!O:O,"CRET",Roster!J:J,"Day Shift",Roster!P:P,"Direct",Roster!G:G,"AUH1") -> 7 | J24: =SUM(G24:I24,)+SUM(C24:E24) -> 128 | K24: =(J24-D24)-C24-F24 -> 94 | L24: 0.85041667 | M24: =(G24-F24)/(K24) -> 0.79787234 | N24: =G24/K24 -> 0.91489362 | S24: Temporary | T24: =COUNTIFS(Roster!G:G,"AUH3",Roster!E:E,"Temporary")+COUNTIFS(Roster!G:G,"DDB1",Roster!E:E,"Temporary",Roster!P:P,"Direct") -> 89 | U24: =COUNTIFS(Roster!G:G,"AUH3",Roster!E:E,"Temporary",Roster!T:T,"OFF",Roster!P:P,"Direct")+COUNTIFS(Roster!G:G,"DDB1",Roster!E:E,"Temporary",Roster!T:T,"OFF",Roster!P:P,"Direct") -> 26 | V24: =SUMIFS($AC$18:$AC$19,$T$18:$T$19,"Temporary") -> 63 | W24: =COUNTIFS(Roster!G:G,"AUH3",Roster!E:E,"Temporary",Roster!T:T,"PL",Roster!P:P,"Direct")+COUNTIFS(Roster!G:G,"DDB1",Roster!E:E,"Temporary",Roster!T:T,"PL",Roster!P:P,"Direct") -> 6 | X24: =COUNTIFS(Table1[[#All],[Building]],"AUH3",Table1[[#All],[Employment Type]],"Temporary",Table1[[#All],[OFF1]],"OT",Table1[[#All],[Department]],Dashboard!S23)+COUNTIFS(Table1[[#All],[Building]],"AUH3",Table1[[#All],[Employment Type]],"Temporary",Table1[[#All],[OFF2]],"OT",Table1[[#All],[Department]],Dashboard!S23) -> 0 | Y24: =COUNTIFS(Roster!G:G,"AUH3",Roster!E:E,"Temporary",Roster!T:T,"AB")+COUNTIFS(Roster!G:G,"AUH3",Roster!E:E,"Temporary",Roster!T:T,"SL")+COUNTIFS(Roster!G:G,"AUH3",Roster!E:E,"Temporary",Roster!T:T,"ABWI")+COUNTIFS(Roster!G:G,"DDB1",Roster!E:E,"Temporary",Roster!T:T,"ABWI",Roster!P:P,"Direct") -> 3 | Z24: =V24-W24-Y24 -> 54 | AA24: =Z24/V24 -> 0.85714286 | AB24: 0.90181818 | AC24: =AA24/AB24 -> 0.95046083
B25: Mid Shift | C25: =COUNTIFS(Roster!T:T,"0",Roster!O:O,"CRET",Roster!J:J,"Mid Shift",Roster!P:P,"Direct",Roster!G:G,"AUH1") -> 0 | D25: =COUNTIFS(Roster!T:T,"OFF",Roster!O:O,"CRET",Roster!J:J,"Mid Shift",Roster!P:P,"Direct",Roster!G:G,"AUH1") -> 0 | E25: =COUNTIFS(Roster!T:T,"PL",Roster!O:O,"CRET",Roster!J:J,"Mid Shift",Roster!P:P,"Direct",Roster!G:G,"AUH1") -> 0 | F25: =COUNTIFS(Table1[[#All],[Building]],"AUH1",Table1[[#All],[Shift]],"Mid Shift",Table1[[#All],[OFF1]],"OT",Table1[[#All],[Department]],Dashboard!A24)+COUNTIFS(Table1[[#All],[Building]],"AUH1",Table1[[#All],[Shift]],"Mid Shift",Table1[[#All],[OFF2]],"OT",Table1[[#All],[Department]],Dashboard!A24) -> 0 | G25: =COUNTIFS(Roster!T:T,"P",Roster!O:O,"CRET",Roster!J:J,"Mid Shift",Roster!P:P,"Direct",Roster!G:G,"AUH1") -> 0 | H25: =COUNTIFS(Roster!T:T,"SL",Roster!O:O,"CRET",Roster!J:J,"Mid Shift",Roster!P:P,"Direct",Roster!G:G,"AUH1") -> 0 | I25: =COUNTIFS(Roster!T:T,"AB",Roster!O:O,"CRET",Roster!J:J,"Mid Shift",Roster!P:P,"Direct",Roster!G:G,"AUH1")+COUNTIFS(Roster!T:T,"ABWI",Roster!O:O,"CRET",Roster!J:J,"Mid Shift",Roster!P:P,"Direct",Roster!G:G,"AUH1") -> 0 | J25: =SUM(G25:I25,)+SUM(C25:E25) -> 0 | K25: =(J25-D25)-C25-F25 -> 0 | M25: =(G25-F25)/(K25) -> #DIV/0! | N25: =G25/K25 -> #DIV/0!
B26: Night Shift | C26: =COUNTIFS(Roster!T:T,"0",Roster!O:O,"CRET",Roster!J:J,"Night Shift",Roster!P:P,"Direct",Roster!G:G,"AUH1") -> 0 | D26: =COUNTIFS(Roster!T:T,"OFF",Roster!O:O,"CRET",Roster!J:J,"Night Shift",Roster!P:P,"Direct",Roster!G:G,"AUH1") -> 16 | E26: =COUNTIFS(Roster!T:T,"PL",Roster!O:O,"CRET",Roster!J:J,"Night Shift",Roster!P:P,"Direct",Roster!G:G,"AUH1") -> 6 | F26: =COUNTIFS(Table1[[#All],[Building]],"AUH1",Table1[[#All],[Shift]],"Night Shift",Table1[[#All],[OFF1]],"OT",Table1[[#All],[Department]],Dashboard!A24)+COUNTIFS(Table1[[#All],[Building]],"AUH1",Table1[[#All],[Shift]],"Night Shift",Table1[[#All],[OFF2]],"OT",Table1[[#All],[Department]],Dashboard!A24) -> 6 | G26: =COUNTIFS(Roster!T:T,"P",Roster!O:O,"CRET",Roster!J:J,"Night Shift",Roster!P:P,"Direct",Roster!G:G,"AUH1") -> 62 | H26: =COUNTIFS(Roster!T:T,"SL",Roster!O:O,"CRET",Roster!J:J,"Night Shift",Roster!P:P,"Direct",Roster!G:G,"AUH1") -> 0 | I26: =COUNTIFS(Roster!T:T,"AB",Roster!O:O,"CRET",Roster!J:J,"Night Shift",Roster!P:P,"Direct",Roster!G:G,"AUH1")+COUNTIFS(Roster!T:T,"ABWI",Roster!O:O,"CRET",Roster!J:J,"Night Shift",Roster!P:P,"Direct",Roster!G:G,"AUH1") -> 4 | J26: =SUM(G26:I26,)+SUM(C26:E26) -> 88 | K26: =(J26-D26)-C26-F26 -> 66 | L26: 0.88807692 | M26: =(G26-F26)/(K26) -> 0.84848485 | N26: =G26/K26 -> 0.93939394
A27: CRET Total | C27: =SUM(C24:C26) -> 0 | D27: =SUM(D24:D26) -> 39 | E27: =SUM(E24:E26) -> 18 | F27: =SUM(F24:F26) -> 17 | G27: =SUM(G24:G26) -> 148 | H27: =SUM(H24:H26) -> 0 | I27: =SUM(I24:I26) -> 11 | J27: =SUM(J24:J26) -> 216 | K27: =SUM(K24:K26) -> 160 | L27: 0.86562112 | M27: =(G27-F27)/(K27) -> 0.81875 | N27: =G27/K27 -> 0.925 | O27: =L27*K27 -> 138.49938 | P27: =G27-F27 -> 131 | Q27: =P27-O27 -> -7.4993789 | W27: =W9/(V9-X9) -> 0.10606061 | Y27: =Y9/(V9-X9) -> 0.045454545
A28: Grand Total | C28: =C15+C19+C23+C27 -> 0 | D28: =D15+D19+D23+D27 -> 278 | E28: =E15+E19+E23+E27 -> 72 | F28: =F15+F19+F23+F27 -> 58 | G28: =G15+G19+G23+G27 -> 784 | H28: =H15+H19+H23+H27 -> 2 | I28: =I15+I19+I23+I27 -> 61 | J28: =J15+J19+J23+J27 -> 1197 | K28: =K15+K19+K23+K27 -> 861 | L28: 0.8893 | M28: =(G28-F28)/(K28) -> 0.84320557 | N28: =G28/K28 -> 0.91056911 | O28: =L28*K28 -> 765.6873 | P28: =G28-F28 -> 726 | Q28: =P28-O28 -> -39.6873
E30: =E9/(D9-F9) -> 0.089663761
I31: 57
D33: OT | E33: 57
D34: UPL | E34: 57 | F34: =E34/(D9-E33) -> 0.070895522
F35: =E9/(D9-E33) -> 0.089552239

Sheet Roster
A1: Date | B1: 46267 | C1: =TEXT(B1,"dddd") -> Wednesday | F1: target | G1: 0.0533 | Q1: P | R1: Present | S1: SL
Q2: AB | R2: Absent | S2: EL
Q3: PL | R3: Any Planned Leave | S3: ABWI
Q4: OFF | R4: Weekly Off | S4: 0
A6: S.No | B6: Psoft No | C6: AMZ ID | D6: EMP Name | E6: Employment Type | F6: Country | G6: Building | H6: LOB | I6: Cost Center | J6: Shift | K6: Shift Difference | L6: OFF1 | M6: OFF2 | N6: Job Title | O6: Department | P6: Type | Q6: 3P | R6: Line Manager Login | S6: Line Manager | T6: Attendance | U6: Remarks | V6: DOJ | W6: Process Path | X6: Column1 | Y6: Column2
A7: 1 | B7: 206875258 | C7: bakabdal | D7: ABDALLAH ABDALLAH ISSA | E7: Temporary | F7: UAE | G7: AUH1 | H7: FC | I7: 1299 | J7: =VLOOKUP(Table1[[#This Row],[Psoft No]],[1]Roster!$C$1:$AJ$1369,9,0) -> Day Shift | K7: NA | L7: =VLOOKUP(Table1[[#This Row],[Psoft No]],[1]Roster!$C$1:$AJ$1369,11,0) -> Sunday | M7: =VLOOKUP(Table1[[#This Row],[Psoft No]],[1]Roster!$C$1:$AJ$1369,12,0) -> Monday | N7: Warehouse Associate 8W | O7: CRET | P7: Direct | Q7: Dulsco | R7: aanso | S7: Sohail,Anis | T7: =IF(COUNTIFS('DWD RAW File'!$E:$E,$B7,'DWD RAW File'!$AF:$AF,$C$1)>0, IF(COUNTIFS('DWD RAW File'!$E:$E,$B7,'DWD RAW File'!$AF:$AF,$C$1,'DWD RAW File'!$AB:$AB,"Present")>0,"6th Day OT","OFF"), IF(COUNTIFS('DWD RAW File'!$E:$E,$B7,'DWD RAW File'!$AG:$AG,$C$1)>0, IF(COUNTIFS('DWD RAW File'!$E:$E,$B7,'DWD RAW File'!$AG:$AG,$C$1,'DWD RAW File'!$AB:$AB,"Present")>0,"7th Day OT","OFF"), IF(COUNTIFS('DWD RAW File'!$E:$E,$B7,'DWD RAW File'!$AB:$AB,"Present")>0, "P", IF(COUNTIFS('DWD RAW File'!$E:$E,$B7,'DWD RAW File'!$AB:$AB,"Not Present",'DWD RAW File'!$AK:$AK,"<>")>0, _xlfn.XLOOKUP($B7,'DWD RAW File'!$E:$E,'DWD RAW File'!$AK:$AK,""), IF(COUNTIFS('DWD RAW File'!$E:$E,$B7,'DWD RAW File'!$AB:$AB,"Not Present",'DWD RAW File'!$AL:$AL,"<>")>0, _xlfn.XLOOKUP($B7,'DWD RAW File'!$E:$E,'DWD RAW File'!$AL:$AL,""), "AB"))))) -> P | V7: 46051 | W7: Customer Returns | X7: =VLOOKUP(Table1[[#This Row],[Psoft No]],[2]Roster_1788384531598!$E$1:$AU$1334,28,0) -> Sunday | Y7: =Table1[[#This Row],[Column1]]=Table1[[#This Row],[OFF1]] -> TRUE
A8: 2 | B8: 206873715 | C8: zkasabda | D8: ABDALLAH KASSIM | E8: Temporary | F8: UAE | G8: AUH1 | H8: FC | I8: 1299 | J8: =VLOOKUP(Table1[[#This Row],[Psoft No]],[1]Roster!$C$1:$AJ$1369,9,0) -> Day Shift | K8: NA | L8: =VLOOKUP(Table1[[#This Row],[Psoft No]],[1]Roster!$C$1:$AJ$1369,11,0) -> Saturday | M8: =VLOOKUP(Table1[[#This Row],[Psoft No]],[1]Roster!$C$1:$AJ$1369,12,0) -> Sunday | N8: Warehouse Associate 8W | O8: CRET | P8: Direct | Q8: Dulsco | R8: aanso | S8: Sohail,Anis | T8: =IF(COUNTIFS('DWD RAW File'!$E:$E,$B8,'DWD RAW File'!$AF:$AF,$C$1)>0, IF(COUNTIFS('DWD RAW File'!$E:$E,$B8,'DWD RAW File'!$AF:$AF,$C$1,'DWD RAW File'!$AB:$AB,"Present")>0,"6th Day OT","OFF"), IF(COUNTIFS('DWD RAW File'!$E:$E,$B8,'DWD RAW File'!$AG:$AG,$C$1)>0, IF(COUNTIFS('DWD RAW File'!$E:$E,$B8,'DWD RAW File'!$AG:$AG,$C$1,'DWD RAW File'!$AB:$AB,"Present")>0,"7th Day OT","OFF"), IF(COUNTIFS('DWD RAW File'!$E:$E,$B8,'DWD RAW File'!$AB:$AB,"Present")>0, "P", IF(COUNTIFS('DWD RAW File'!$E:$E,$B8,'DWD RAW File'!$AB:$AB,"Not Present",'DWD RAW File'!$AK:$AK,"<>")>0, _xlfn.XLOOKUP($B8,'DWD RAW File'!$E:$E,'DWD RAW File'!$AK:$AK,""), IF(COUNTIFS('DWD RAW File'!$E:$E,$B8,'DWD RAW File'!$AB:$AB,"Not Present",'DWD RAW File'!$AL:$AL,"<>")>0, _xlfn.XLOOKUP($B8,'DWD RAW File'!$E:$E,'DWD RAW File'!$AL:$AL,""), "AB"))))) -> P | V8: 46020 | W8: Customer Returns | X8: =VLOOKUP(Table1[[#This Row],[Psoft No]],[2]Roster_1788384531598!$E$1:$AU$1334,28,0) -> Saturday | Y8: =Table1[[#This Row],[Column1]]=Table1[[#This Row],[OFF1]] -> TRUE
A9: 3 | B9: 203679309 | C9: njitaria | D9: Abdel Koudous Njitari Mah | E9: Temporary | F9: UAE | G9: AUH1 | H9: FC | I9: 1299 | J9: =VLOOKUP(Table1[[#This Row],[Psoft No]],[1]Roster!$C$1:$AJ$1369,9,0) -> Night Shift | K9: NA | L9: =VLOOKUP(Table1[[#This Row],[Psoft No]],[1]Roster!$C$1:$AJ$1369,11,0) -> Sunday | M9: =VLOOKUP(Table1[[#This Row],[Psoft No]],[1]Roster!$C$1:$AJ$1369,12,0) -> Monday | N9: Warehouse Associate 12M | O9: CRET | P9: Direct | Q9: Fastlink | R9: aanso | S9: Sohail,Anis | T9: =IF(COUNTIFS('DWD RAW File'!$E:$E,$B9,'DWD RAW File'!$AF:$AF,$C$1)>0, IF(COUNTIFS('DWD RAW File'!$E:$E,$B9,'DWD RAW File'!$AF:$AF,$C$1,'DWD RAW File'!$AB:$AB,"Present")>0,"6th Day OT","OFF"), IF(COUNTIFS('DWD RAW File'!$E:$E,$B9,'DWD RAW File'!$AG:$AG,$C$1)>0, IF(COUNTIFS('DWD RAW File'!$E:$E,$B9,'DWD RAW File'!$AG:$AG,$C$1,'DWD RAW File'!$AB:$AB,"Present")>0,"7th Day OT","OFF"), IF(COUNTIFS('DWD RAW File'!$E:$E,$B9,'DWD RAW File'!$AB:$AB,"Present")>0, "P", IF(COUNTIFS('DWD RAW File'!$E:$E,$B9,'DWD RAW File'!$AB:$AB,"Not Present",'DWD RAW File'!$AK:$AK,"<>")>0, _xlfn.XLOOKUP($B9,'DWD RAW File'!$E:$E,'DWD RAW File'!$AK:$AK,""), IF(COUNTIFS('DWD RAW File'!$E:$E,$B9,'DWD RAW File'!$AB:$AB,"Not Present",'DWD RAW File'!$AL:$AL,"<>")>0, _xlfn.XLOOKUP($B9,'DWD RAW File'!$E:$E,'DWD RAW File'!$AL:$AL,""), "AB"))))) -> P | V9: 45488 | W9: Customer Returns | X9: =VLOOKUP(Table1[[#This Row],[Psoft No]],[2]Roster_1788384531598!$E$1:$AU$1334,28,0) -> Sunday | Y9: =Table1[[#This Row],[Column1]]=Table1[[#This Row],[OFF1]] -> TRUE
A10: 4 | B10: 204864408 | C10: iddabdud | D10: ABDULMALIK IDDRISU | E10: Temporary | F10: UAE | G10: AUH1 | H10: FC | I10: 1299 | J10: =VLOOKUP(Table1[[#This Row],[Psoft No]],[1]Roster!$C$1:$AJ$1369,9,0) -> Night Shift | K10: NA | L10: =VLOOKUP(Table1[[#This Row],[Psoft No]],[1]Roster!$C$1:$AJ$1369,11,0) -> Sunday | M10: =VLOOKUP(Table1[[#This Row],[Psoft No]],[1]Roster!$C$1:$AJ$1369,12,0) -> Monday | N10: Warehouse Associate 8W | O10: CRET | P10: Direct | Q10: Dulsco | R10: aanso | S10: Sohail,Anis | T10: =IF(COUNTIFS('DWD RAW File'!$E:$E,$B10,'DWD RAW File'!$AF:$AF,$C$1)>0, IF(COUNTIFS('DWD RAW File'!$E:$E,$B10,'DWD RAW File'!$AF:$AF,$C$1,'DWD RAW File'!$AB:$AB,"Present")>0,"6th Day OT","OFF"), IF(COUNTIFS('DWD RAW File'!$E:$E,$B10,'DWD RAW File'!$AG:$AG,$C$1)>0, IF(COUNTIFS('DWD RAW File'!$E:$E,$B10,'DWD RAW File'!$AG:$AG,$C$1,'DWD RAW File'!$AB:$AB,"Present")>0,"7th Day OT","OFF"), IF(COUNTIFS('DWD RAW File'!$E:$E,$B10,'DWD RAW File'!$AB:$AB,"Present")>0, "P", IF(COUNTIFS('DWD RAW File'!$E:$E,$B10,'DWD RAW File'!$AB:$AB,"Not Present",'DWD RAW File'!$AK:$AK,"<>")>0, _xlfn.XLOOKUP($B10,'DWD RAW File'!$E:$E,'DWD RAW File'!$AK:$AK,""), IF(COUNTIFS('DWD RAW File'!$E:$E,$B10,'DWD RAW File'!$AB:$AB,"Not Present",'DWD RAW File'!$AL:$AL,"<>")>0, _xlfn.XLOOKUP($B10,'DWD RAW File'!$E:$E,'DWD RAW File'!$AL:$AL,""), "AB"))))) -> P | V10: 45684 | W10: Customer Returns | X10: =VLOOKUP(Table1[[#This Row],[Psoft No]],[2]Roster_1788384531598!$E$1:$AU$1334,28,0) -> Sunday | Y10: =Table1[[#This Row],[Column1]]=Table1[[#This Row],[OFF1]] -> TRUE
A11: 5 | B11: 203800376 | C11: kiwanuab | D11: ABDURASHID KIWANUKA | E11: Temporary | F11: UAE | G11: AUH1 | H11: FC | I11: 1299 | J11: =VLOOKUP(Table1[[#This Row],[Psoft No]],[1]Roster!$C$1:$AJ$1369,9,0) -> Day Shift | K11: NA | L11: OT | M11: =VLOOKUP(Table1[[#This Row],[Psoft No]],[1]Roster!$C$1:$AJ$1369,12,0) -> Thursday | N11: Warehouse Associate 8W | O11: CRET | P11: Direct | Q11: Dulsco | R11: aanso | S11: Sohail,Anis | T11: P | U11: 6th Day OT | V11: 45516 | W11: Customer Returns | X11: =VLOOKUP(Table1[[#This Row],[Psoft No]],[2]Roster_1788384531598!$E$1:$AU$1334,28,0) -> Wednesday | Y11: =Table1[[#This Row],[Column1]]=Table1[[#This Row],[OFF1]] -> FALSE
A12: 6 | B12: 206953791 | C12: abubodon | D12: ABUBAKAESWIDIQ ODONGO | E12: Temporary | F12: UAE | G12: AUH1 | H12: FC | I12: 1299 | J12: =VLOOKUP(Table1[[#This Row],[Psoft No]],[1]Roster!$C$1:$AJ$1369,9,0) -> Day Shift | K12: NA | L12: =VLOOKUP(Table1[[#This Row],[Psoft No]],[1]Roster!$C$1:$AJ$1369,11,0) -> Thursday | M12: =VLOOKUP(Table1[[#This Row],[Psoft No]],[1]Roster!$C$1:$AJ$1369,12,0) -> Friday | N12: Warehouse Associate 24M | O12: CRET | P12: Direct | Q12: Dulsco | R12: aanso | S12: Sohail,Anis | T12: =IF(COUNTIFS('DWD RAW File'!$E:$E,$B12,'DWD RAW File'!$AF:$AF,$C$1)>0, IF(COUNTIFS('DWD RAW File'!$E:$E,$B12,'DWD RAW File'!$AF:$AF,$C$1,'DWD RAW File'!$AB:$AB,"Present")>0,"6th Day OT","OFF"), IF(COUNTIFS('DWD RAW File'!$E:$E,$B12,'DWD RAW File'!$AG:$AG,$C$1)>0, IF(COUNTIFS('DWD RAW File'!$E:$E,$B12,'DWD RAW File'!$AG:$AG,$C$1,'DWD RAW File'!$AB:$AB,"Present")>0,"7th Day OT","OFF"), IF(COUNTIFS('DWD RAW File'!$E:$E,$B12,'DWD RAW File'!$AB:$AB,"Present")>0, "P", IF(COUNTIFS('DWD RAW File'!$E:$E,$B12,'DWD RAW File'!$AB:$AB,"Not Present",'DWD RAW File'!$AK:$AK,"<>")>0, _xlfn.XLOOKUP($B12,'DWD RAW File'!$E:$E,'DWD RAW File'!$AK:$AK,""), IF(COUNTIFS('DWD RAW File'!$E:$E,$B12,'DWD RAW File'!$AB:$AB,"Not Present",'DWD RAW File'!$AL:$AL,"<>")>0, _xlfn.XLOOKUP($B12,'DWD RAW File'!$E:$E,'DWD RAW File'!$AL:$AL,""), "AB"))))) -> P | V12: 46048 | W12: Customer Returns | X12: =VLOOKUP(Table1[[#This Row],[Psoft No]],[2]Roster_1788384531598!$E$1:$AU$1334,28,0) -> Thursday | Y12: =Table1[[#This Row],[Column1]]=Table1[[#This Row],[OFF1]] -> TRUE
A13: 7 | B13: 205608373 | C13: tiacquah | D13: ACQUAH TIMOTHY | E13: Temporary | F13: UAE | G13: AUH1 | H13: FC | I13: 1299 | J13: =VLOOKUP(Table1[[#This Row],[Psoft No]],[1]Roster!$C$1:$AJ$1369,9,0) -> Night Shift | K13: NA | L13: OT | M13: =VLOOKUP(Table1[[#This Row],[Psoft No]],[1]Roster!$C$1:$AJ$1369,12,0) -> Thursday | N13: Warehouse Associate 8W | O13: CRET | P13: Direct | Q13: Dulsco | R13: aanso | S13: Sohail,Anis | T13: P | U13: 6th Day OT | V13: 45845 | W13: Customer Returns | X13: =VLOOKUP(Table1[[#This Row],[Psoft No]],[2]Roster_1788384531598!$E$1:$AU$1334,28,0) -> Wednesday | Y13: =Table1[[#This Row],[Column1]]=Table1[[#This Row],[OFF1]] -> FALSE
A14: 8 | B14: 204869098 | C14: rosadamu | D14: Adams,Rose | E14: Temporary | F14: UAE | G14: AUH1 | H14: FC | I14: 1299 | J14: =VLOOKUP(Table1[[#This Row],[Psoft No]],[1]Roster!$C$1:$AJ$1369,9,0) -> Night Shift | K14: NA | L14: =VLOOKUP(Table1[[#This Row],[Psoft No]],[1]Roster!$C$1:$AJ$1369,11,0) -> Friday | M14: =VLOOKUP(Table1[[#This Row],[Psoft No]],[1]Roster!$C$1:$AJ$1369,12,0) -> Saturday | N14: Warehouse Associate 8W | O14: CRET | P14: Direct | Q14: Quesscorp | R14: aanso | S14: Sohail,Anis | T14: =IF(COUNTIFS('DWD RAW File'!$E:$E,$B14,'DWD RAW File'!$AF:$AF,$C$1)>0, IF(COUNTIFS('DWD RAW File'!$E:$E,$B14,'DWD RAW File'!$AF:$AF,$C$1,'DWD RAW File'!$AB:$AB,"Present")>0,"6th Day OT","OFF"), IF(COUNTIFS('DWD RAW File'!$E:$E,$B14,'DWD RAW File'!$AG:$AG,$C$1)>0, IF(COUNTIFS('DWD RAW File'!$E:$E,$B14,'DWD RAW File'!$AG:$AG,$C$1,'DWD RAW File'!$AB:$AB,"Present")>0,"7th Day OT","OFF"), IF(COUNTIFS('DWD RAW File'!$E:$E,$B14,'DWD RAW File'!$AB:$AB,"Present")>0, "P", IF(COUNTIFS('DWD RAW File'!$E:$E,$B14,'DWD RAW File'!$AB:$AB,"Not Present",'DWD RAW File'!$AK:$AK,"<>")>0, _xlfn.XLOOKUP($B14,'DWD RAW File'!$E:$E,'DWD RAW File'!$AK:$AK,""), IF(COUNTIFS('DWD RAW File'!$E:$E,$B14,'DWD RAW File'!$AB:$AB,"Not Present",'DWD RAW File'!$AL:$AL,"<>")>0, _xlfn.XLOOKUP($B14,'DWD RAW File'!$E:$E,'DWD RAW File'!$AL:$AL,""), "AB"))))) -> P | V14: 45691 | W14: Customer Returns | X14: =VLOOKUP(Table1[[#This Row],[Psoft No]],[2]Roster_1788384531598!$E$1:$AU$1334,28,0) -> Friday | Y14: =Table1[[#This Row],[Column1]]=Table1[[#This Row],[OFF1]] -> TRUE
A15: 9 | B15: 206875144 | C15: ramaafid | D15: AFIDHU SWAMADU RAMADHANI | E15: Temporary | F15: UAE | G15: AUH1 | H15: FC | I15: 1299 | J15: =VLOOKUP(Table1[[#This Row],[Psoft No]],[1]Roster!$C$1:$AJ$1369,9,0) -> Night Shift | K15: NA | L15: =VLOOKUP(Table1[[#This Row],[Psoft No]],[1]Roster!$C$1:$AJ$1369,11,0) -> Sunday | M15: =VLOOKUP(Table1[[#This Row],[Psoft No]],[1]Roster!$C$1:$AJ$1369,12,0) -> Monday | N15: Warehouse Associate 8W | O15: CRET | P15: Direct | Q15: Dulsco | R15: aanso | S15: Sohail,Anis | T15: =IF(COUNTIFS('DWD RAW File'!$E:$E,$B15,'DWD RAW File'!$AF:$AF,$C$1)>0, IF(COUNTIFS('DWD RAW File'!$E:$E,$B15,'DWD RAW File'!$AF:$AF,$C$1,'DWD RAW File'!$AB:$AB,"Present")>0,"6th Day OT","OFF"), IF(COUNTIFS('DWD RAW File'!$E:$E,$B15,'DWD RAW File'!$AG:$AG,$C$1)>0, IF(COUNTIFS('DWD RAW File'!$E:$E,$B15,'DWD RAW File'!$AG:$AG,$C$1,'DWD RAW File'!$AB:$AB,"Present")>0,"7th Day OT","OFF"), IF(COUNTIFS('DWD RAW File'!$E:$E,$B15,'DWD RAW File'!$AB:$AB,"Present")>0, "P", IF(COUNTIFS('DWD RAW File'!$E:$E,$B15,'DWD RAW File'!$AB:$AB,"Not Present",'DWD RAW File'!$AK:$AK,"<>")>0, _xlfn.XLOOKUP($B15,'DWD RAW File'!$E:$E,'DWD RAW File'!$AK:$AK,""), IF(COUNTIFS('DWD RAW File'!$E:$E,$B15,'DWD RAW File'!$AB:$AB,"Not Present",'DWD RAW File'!$AL:$AL,"<>")>0, _xlfn.XLOOKUP($B15,'DWD RAW File'!$E:$E,'DWD RAW File'!$AL:$AL,""), "AB"))))) -> P | V15: 46020 | W15: Customer Returns | X15: =VLOOKUP(Table1[[#This Row],[Psoft No]],[2]Roster_1788384531598!$E$1:$AU$1334,28,0) -> Sunday | Y15: =Table1[[#This Row],[Column1]]=Table1[[#This Row],[OFF1]] -> TRUE
A16: 10 | B16: 204299542 | C16: ahmeumef | D16: Ahmed Tidjan Mefire Nchankou | E16: Temporary | F16: UAE | G16: AUH1 | H16: FC | I16: 1299 | J16: =VLOOKUP(Table1[[#This Row],[Psoft No]],[1]Roster!$C$1:$AJ$1369,9,0) -> Night Shift | K16: NA | L16: =VLOOKUP(Table1[[#This Row],[Psoft No]],[1]Roster!$C$1:$AJ$1369,11,0) -> Thursday | M16: =VLOOKUP(Table1[[#This Row],[Psoft No]],[1]Roster!$C$1:$AJ$1369,12,0) -> Friday | N16: Warehouse Associate 8W | O16: CRET | P16: Direct | Q16: Quesscorp | R16: aanso | S16: Sohail,Anis | T16: =IF(COUNTIFS('DWD RAW File'!$E:$E,$B16,'DWD RAW File'!$AF:$AF,$C$1)>0, IF(COUNTIFS('DWD RAW File'!$E:$E,$B16,'DWD RAW File'!$AF:$AF,$C$1,'DWD RAW File'!$AB:$AB,"Present")>0,"6th Day OT","OFF"), IF(COUNTIFS('DWD RAW File'!$E:$E,$B16,'DWD RAW File'!$AG:$AG,$C$1)>0, IF(COUNTIFS('DWD RAW File'!$E:$E,$B16,'DWD RAW File'!$AG:$AG,$C$1,'DWD RAW File'!$AB:$AB,"Present")>0,"7th Day OT","OFF"), IF(COUNTIFS('DWD RAW File'!$E:$E,$B16,'DWD RAW File'!$AB:$AB,"Present")>0, "P", IF(COUNTIFS('DWD RAW File'!$E:$E,$B16,'DWD RAW File'!$AB:$AB,"Not Present",'DWD RAW File'!$AK:$AK,"<>")>0, _xlfn.XLOOKUP($B16,'DWD RAW File'!$E:$E,'DWD RAW File'!$AK:$AK,""), IF(COUNTIFS('DWD RAW File'!$E:$E,$B16,'DWD RAW File'!$AB:$AB,"Not Present",'DWD RAW File'!$AL:$AL,"<>")>0, _xlfn.XLOOKUP($B16,'DWD RAW File'!$E:$E,'DWD RAW File'!$AL:$AL,""), "AB"))))) -> P | V16: 45586 | W16: Customer Returns | X16: =VLOOKUP(Table1[[#This Row],[Psoft No]],[2]Roster_1788384531598!$E$1:$AU$1334,28,0) -> Thursday | Y16: =Table1[[#This Row],[Column1]]=Table1[[#This Row],[OFF1]] -> TRUE
A17: 11 | B17: 206873708 | C17: xaijueli | D17: AIJUKA ELIYA | E17: Temporary | F17: UAE | G17: AUH1 | H17: FC | I17: 1299 | J17: =VLOOKUP(Table1[[#This Row],[Psoft No]],[1]Roster!$C$1:$AJ$1369,9,0) -> Day Shift | K17: NA | L17: =VLOOKUP(Table1[[#This Row],[Psoft No]],[1]Roster!$C$1:$AJ$1369,11,0) -> Saturday | M17: =VLOOKUP(Table1[[#This Row],[Psoft No]],[1]Roster!$C$1:$AJ$1369,12,0) -> Sunday | N17: Warehouse Associate 8W | O17: CRET | P17: Direct | Q17: Dulsco | R17: aanso | S17: Sohail,Anis | T17: =IF(COUNTIFS('DWD RAW File'!$E:$E,$B17,'DWD RAW File'!$AF:$AF,$C$1)>0, IF(COUNTIFS('DWD RAW File'!$E:$E,$B17,'DWD RAW File'!$AF:$AF,$C$1,'DWD RAW File'!$AB:$AB,"Present")>0,"6th Day OT","OFF"), IF(COUNTIFS('DWD RAW File'!$E:$E,$B17,'DWD RAW File'!$AG:$AG,$C$1)>0, IF(COUNTIFS('DWD RAW File'!$E:$E,$B17,'DWD RAW File'!$AG:$AG,$C$1,'DWD RAW File'!$AB:$AB,"Present")>0,"7th Day OT","OFF"), IF(COUNTIFS('DWD RAW File'!$E:$E,$B17,'DWD RAW File'!$AB:$AB,"Present")>0, "P", IF(COUNTIFS('DWD RAW File'!$E:$E,$B17,'DWD RAW File'!$AB:$AB,"Not Present",'DWD RAW File'!$AK:$AK,"<>")>0, _xlfn.XLOOKUP($B17,'DWD RAW File'!$E:$E,'DWD RAW File'!$AK:$AK,""), IF(COUNTIFS('DWD RAW File'!$E:$E,$B17,'DWD RAW File'!$AB:$AB,"Not Present",'DWD RAW File'!$AL:$AL,"<>")>0, _xlfn.XLOOKUP($B17,'DWD RAW File'!$E:$E,'DWD RAW File'!$AL:$AL,""), "AB"))))) -> P | V17: 46020 | W17: Customer Returns | X17: =VLOOKUP(Table1[[#This Row],[Psoft No]],[2]Roster_1788384531598!$E$1:$AU$1334,28,0) -> Saturday | Y17: =Table1[[#This Row],[Column1]]=Table1[[#This Row],[OFF1]] -> TRUE
A18: 12 | B18: 107117478 | C18: lmohsyed | D18: Ajeem,Syed | E18: Regular | F18: UAE | G18: AUH1 | H18: FC | I18: 1299 | J18: =VLOOKUP(Table1[[#This Row],[Psoft No]],[1]Roster!$C$1:$AJ$1369,9,0) -> Day Shift | K18: NA | L18: =VLOOKUP(Table1[[#This Row],[Psoft No]],[1]Roster!$C$1:$AJ$1369,11,0) -> Thursday | M18: =VLOOKUP(Table1[[#This Row],[Psoft No]],[1]Roster!$C$1:$AJ$1369,12,0) -> Friday | N18: FC Associate III | O18: CRET | P18: Direct | Q18: Blue Badge | R18: aanso | S18: Sohail,Anis | T18: AB | V18: 44797 | W18: Customer Returns | X18: =VLOOKUP(Table1[[#This Row],[Psoft No]],[2]Roster_1788384531598!$E$1:$AU$1334,28,0) -> Thursday | Y18: =Table1[[#This Row],[Column1]]=Table1[[#This Row],[OFF1]] -> TRUE
A19: 13 | B19: 204403651 | C19: jalanssh | D19: ALAN SHIJU SHIJU | E19: Temporary | F19: UAE | G19: AUH1 | H19: FC | I19: 1299 | J19: =VLOOKUP(Table1[[#This Row],[Psoft No]],[1]Roster!$C$1:$AJ$1369,9,0) -> Night Shift | K19: NA | L19: =VLOOKUP(Table1[[#This Row],[Psoft No]],[1]Roster!$C$1:$AJ$1369,11,0) -> Wednesday | M19: =VLOOKUP(Table1[[#This Row],[Psoft No]],[1]Roster!$C$1:$AJ$1369,12,0) -> Thursday | N19: Warehouse Associate 24M | O19: CRET | P19: Direct | Q19: Adecco | R19: aanso | S19: Sohail,Anis | T19: =IF(COUNTIFS('DWD RAW File'!$E:$E,$B19,'DWD RAW File'!$AF:$AF,$C$1)>0, IF(COUNTIFS('DWD RAW File'!$E:$E,$B19,'DWD RAW File'!$AF:$AF,$C$1,'DWD RAW File'!$AB:$AB,"Present")>0,"6th Day OT","OFF"), IF(COUNTIFS('DWD RAW File'!$E:$E,$B19,'DWD RAW File'!$AG:$AG,$C$1)>0, IF(COUNTIFS('DWD RAW File'!$E:$E,$B19,'DWD RAW File'!$AG:$AG,$C$1,'DWD RAW File'!$AB:$AB,"Present")>0,"7th Day OT","OFF"), IF(COUNTIFS('DWD RAW File'!$E:$E,$B19,'DWD RAW File'!$AB:$AB,"Present")>0, "P", IF(COUNTIFS('DWD RAW File'!$E:$E,$B19,'DWD RAW File'!$AB:$AB,"Not Present",'DWD RAW File'!$AK:$AK,"<>")>0, _xlfn.XLOOKUP($B19,'DWD RAW File'!$E:$E,'DWD RAW File'!$AK:$AK,""), IF(COUNTIFS('DWD RAW File'!$E:$E,$B19,'DWD RAW File'!$AB:$AB,"Not Present",'DWD RAW File'!$AL:$AL,"<>")>0, _xlfn.XLOOKUP($B19,'DWD RAW File'!$E:$E,'DWD RAW File'!$AL:$AL,""), "AB"))))) -> OFF | V19: 45596 | W19: Customer Returns | X19: =VLOOKUP(Table1[[#This Row],[Psoft No]],[2]Roster_1788384531598!$E$1:$AU$1334,28,0) -> Wednesday | Y19: =Table1[[#This Row],[Column1]]=Table1[[#This Row],[OFF1]] -> TRUE
A20: 14 | B20: 204299562 | C20: alectilo | D20: AlecTilowakuti | E20: Temporary | F20: UAE | G20: AUH1 | H20: FC | I20: 1299 | J20: =VLOOKUP(Table1[[#This Row],[Psoft No]],[1]Roster!$C$1:$AJ$1369,9,0) -> Night Shift | K20: NA | L20: =VLOOKUP(Table1[[#This Row],[Psoft No]],[1]Roster!$C$1:$AJ$1369,11,0) -> Monday | M20: =VLOOKUP(Table1[[#This Row],[Psoft No]],[1]Roster!$C$1:$AJ$1369,12,0) -> Tuesday | N20: Warehouse Associate 24M | O20: CRET | P20: Direct | Q20: Quesscorp | R20: aanso | S20: Sohail,Anis | T20: =IF(COUNTIFS('DWD RAW File'!$E:$E,$B20,'DWD RAW File'!$AF:$AF,$C$1)>0, IF(COUNTIFS('DWD RAW File'!$E:$E,$B20,'DWD RAW File'!$AF:$AF,$C$1,'DWD RAW File'!$AB:$AB,"Present")>0,"6th Day OT","OFF"), IF(COUNTIFS('DWD RAW File'!$E:$E,$B20,'DWD RAW File'!$AG:$AG,$C$1)>0, IF(COUNTIFS('DWD RAW File'!$E:$E,$B20,'DWD RAW File'!$AG:$AG,$C$1,'DWD RAW File'!$AB:$AB,"Present")>0,"7th Day OT","OFF"), IF(COUNTIFS('DWD RAW File'!$E:$E,$B20,'DWD RAW File'!$AB:$AB,"Present")>0, "P", IF(COUNTIFS('DWD RAW File'!$E:$E,$B20,'DWD RAW File'!$AB:$AB,"Not Present",'DWD RAW File'!$AK:$AK,"<>")>0, _xlfn.XLOOKUP($B20,'DWD RAW File'!$E:$E,'DWD RAW File'!$AK:$AK,""), IF(COUNTIFS('DWD RAW File'!$E:$E,$B20,'DWD RAW File'!$AB:$AB,"Not Present",'DWD RAW File'!$AL:$AL,"<>")>0, _xlfn.XLOOKUP($B20,'DWD RAW File'!$E:$E,'DWD RAW File'!$AL:$AL,""), "AB"))))) -> P | V20: 45586 | W20: Customer Returns | X20: =VLOOKUP(Table1[[#This Row],[Psoft No]],[2]Roster_1788384531598!$E$1:$AU$1334,28,0) -> Monday | Y20: =Table1[[#This Row],[Column1]]=Table1[[#This Row],[OFF1]] -> TRUE
A21: 15 | B21: 206949071 | C21: alemuyom | D21: ALEX MUYOMBA | E21: Temporary | F21: UAE | G21: AUH1 | H21: FC | I21: 1299 | J21: =VLOOKUP(Table1[[#This Row],[Psoft No]],[1]Roster!$C$1:$AJ$1369,9,0) -> Night Shift | K21: NA | L21: =VLOOKUP(Table1[[#This Row],[Psoft No]],[1]Roster!$C$1:$AJ$1369,11,0) -> Thursday | M21: =VLOOKUP(Table1[[#This Row],[Psoft No]],[1]Roster!$C$1:$AJ$1369,12,0) -> Friday | N21: Warehouse Associate 24M | O21: CRET | P21: Direct | Q21: Dulsco | R21: aanso | S21: Sohail,Anis | T21: =IF(COUNTIFS('DWD RAW File'!$E:$E,$B21,'DWD RAW File'!$AF:$AF,$C$1)>0, IF(COUNTIFS('DWD RAW File'!$E:$E,$B21,'DWD RAW File'!$AF:$AF,$C$1,'DWD RAW File'!$AB:$AB,"Present")>0,"6th Day OT","OFF"), IF(COUNTIFS('DWD RAW File'!$E:$E,$B21,'DWD RAW File'!$AG:$AG,$C$1)>0, IF(COUNTIFS('DWD RAW File'!$E:$E,$B21,'DWD RAW File'!$AG:$AG,$C$1,'DWD RAW File'!$AB:$AB,"Present")>0,"7th Day OT","OFF"), IF(COUNTIFS('DWD RAW File'!$E:$E,$B21,'DWD RAW File'!$AB:$AB,"Present")>0, "P", IF(COUNTIFS('DWD RAW File'!$E:$E,$B21,'DWD RAW File'!$AB:$AB,"Not Present",'DWD RAW File'!$AK:$AK,"<>")>0, _xlfn.XLOOKUP($B21,'DWD RAW File'!$E:$E,'DWD RAW File'!$AK:$AK,""), IF(COUNTIFS('DWD RAW File'!$E:$E,$B21,'DWD RAW File'!$AB:$AB,"Not Present",'DWD RAW File'!$AL:$AL,"<>")>0, _xlfn.XLOOKUP($B21,'DWD RAW File'!$E:$E,'DWD RAW File'!$AL:$AL,""), "AB"))))) -> P | V21: 46048 | W21: Customer Returns | X21: =VLOOKUP(Table1[[#This Row],[Psoft No]],[2]Roster_1788384531598!$E$1:$AU$1334,28,0) -> Thursday | Y21: =Table1[[#This Row],[Column1]]=Table1[[#This Row],[OFF1]] -> TRUE
A22: 16 | B22: 203083928 | C22: galeowus | D22: Alex Owusu | E22: Temporary | F22: UAE | G22: AUH1 | H22: FC | I22: 1299 | J22: =VLOOKUP(Table1[[#This Row],[Psoft No]],[1]Roster!$C$1:$AJ$1369,9,0) -> Day Shift | K22: NA | L22: OT | M22: =VLOOKUP(Table1[[#This Row],[Psoft No]],[1]Roster!$C$1:$AJ$1369,12,0) -> Thursday | N22: Warehouse Associate 12M | O22: CRET | P22: Direct | Q22: Fastlink | R22: aanso | S22: Sohail,Anis | T22: P | U22: 6th Day OT | V22: 45488 | W22: Customer Returns | X22: =VLOOKUP(Table1[[#This Row],[Psoft No]],[2]Roster_1788384531598!$E$1:$AU$1334,28,0) -> Wednesday | Y22: =Table1[[#This Row],[Column1]]=Table1[[#This Row],[OFF1]] -> FALSE
A23: 17 | B23: 206926473 | C23: kwailaga | D23: ALI WAILAGALA | E23: Temporary | F23: UAE | G23: AUH1 | H23: FC | I23: 1299 | J23: =VLOOKUP(Table1[[#This Row],[Psoft No]],[1]Roster!$C$1:$AJ$1369,9,0) -> Day Shift | K23: NA | L23: =VLOOKUP(Table1[[#This Row],[Psoft No]],[1]Roster!$C$1:$AJ$1369,11,0) -> Tuesday | M23: =VLOOKUP(Table1[[#This Row],[Psoft No]],[1]Roster!$C$1:$AJ$1369,12,0) -> Wednesday | N23: Warehouse Associate 8W | O23: CRET | P23: Direct | Q23: Dulsco | R23: aanso | S23: Sohail,Anis | T23: =IF(COUNTIFS('DWD RAW File'!$E:$E,$B23,'DWD RAW File'!$AF:$AF,$C$1)>0, IF(COUNTIFS('DWD RAW File'!$E:$E,$B23,'DWD RAW File'!$AF:$AF,$C$1,'DWD RAW File'!$AB:$AB,"Present")>0,"6th Day OT","OFF"), IF(COUNTIFS('DWD RAW File'!$E:$E,$B23,'DWD RAW File'!$AG:$AG,$C$1)>0, IF(COUNTIFS('DWD RAW File'!$E:$E,$B23,'DWD RAW File'!$AG:$AG,$C$1,'DWD RAW File'!$AB:$AB,"Present")>0,"7th Day OT","OFF"), IF(COUNTIFS('DWD RAW File'!$E:$E,$B23,'DWD RAW File'!$AB:$AB,"Present")>0, "P", IF(COUNTIFS('DWD RAW File'!$E:$E,$B23,'DWD RAW File'!$AB:$AB,"Not Present",'DWD RAW File'!$AK:$AK,"<>")>0, _xlfn.XLOOKUP($B23,'DWD RAW File'!$E:$E,'DWD RAW File'!$AK:$AK,""), IF(COUNTIFS('DWD RAW File'!$E:$E,$B23,'DWD RAW File'!$AB:$AB,"Not Present",'DWD RAW File'!$AL:$AL,"<>")>0, _xlfn.XLOOKUP($B23,'DWD RAW File'!$E:$E,'DWD RAW File'!$AL:$AL,""), "AB"))))) -> OFF | V23: 46048 | W23: Customer Returns | X23: =VLOOKUP(Table1[[#This Row],[Psoft No]],[2]Roster_1788384531598!$E$1:$AU$1334,28,0) -> Tuesday | Y23: =Table1[[#This Row],[Column1]]=Table1[[#This Row],[OFF1]] -> TRUE
A24: 18 | B24: 203469072 | C24: aliallaf | D24: Allafha Ali | E24: Temporary | F24: UAE | G24: AUH1 | H24: FC | I24: 1299 | J24: =VLOOKUP(Table1[[#This Row],[Psoft No]],[1]Roster!$C$1:$AJ$1369,9,0) -> Night Shift | K24: NA | L24: =VLOOKUP(Table1[[#This Row],[Psoft No]],[1]Roster!$C$1:$AJ$1369,11,0) -> Friday | M24: =VLOOKUP(Table1[[#This Row],[Psoft No]],[1]Roster!$C$1:$AJ$1369,12,0) -> Saturday | N24: Warehouse Associate 12M | O24: CRET | P24: Direct | Q24: Fastlink | R24: aanso | S24: Sohail,Anis | T24: =IF(COUNTIFS('DWD RAW File'!$E:$E,$B24,'DWD RAW File'!$AF:$AF,$C$1)>0, IF(COUNTIFS('DWD RAW File'!$E:$E,$B24,'DWD RAW File'!$AF:$AF,$C$1,'DWD RAW File'!$AB:$AB,"Present")>0,"6th Day OT","OFF"), IF(COUNTIFS('DWD RAW File'!$E:$E,$B24,'DWD RAW File'!$AG:$AG,$C$1)>0, IF(COUNTIFS('DWD RAW File'!$E:$E,$B24,'DWD RAW File'!$AG:$AG,$C$1,'DWD RAW File'!$AB:$AB,"Present")>0,"7th Day OT","OFF"), IF(COUNTIFS('DWD RAW File'!$E:$E,$B24,'DWD RAW File'!$AB:$AB,"Present")>0, "P", IF(COUNTIFS('DWD RAW File'!$E:$E,$B24,'DWD RAW File'!$AB:$AB,"Not Present",'DWD RAW File'!$AK:$AK,"<>")>0, _xlfn.XLOOKUP($B24,'DWD RAW File'!$E:$E,'DWD RAW File'!$AK:$AK,""), IF(COUNTIFS('DWD RAW File'!$E:$E,$B24,'DWD RAW File'!$AB:$AB,"Not Present",'DWD RAW File'!$AL:$AL,"<>")>0, _xlfn.XLOOKUP($B24,'DWD RAW File'!$E:$E,'DWD RAW File'!$AL:$AL,""), "AB"))))) -> P | V24: 45456 | W24: Customer Returns | X24: =VLOOKUP(Table1[[#This Row],[Psoft No]],[2]Roster_1788384531598!$E$1:$AU$1334,28,0) -> Friday | Y24: =Table1[[#This Row],[Column1]]=Table1[[#This Row],[OFF1]] -> TRUE
A25: 19 | B25: 206875142 | C25: ddumalla | D25: ALLAN DDUMBA SSENTAMU | E25: Temporary | F25: UAE | G25: AUH1 | H25: FC | I25: 1299 | J25: =VLOOKUP(Table1[[#This Row],[Psoft No]],[1]Roster!$C$1:$AJ$1369,9,0) -> Night Shift | K25: NA | L25: =VLOOKUP(Table1[[#This Row],[Psoft No]],[1]Roster!$C$1:$AJ$1369,11,0) -> Sunday | M25: =VLOOKUP(Table1[[#This Row],[Psoft No]],[1]Roster!$C$1:$AJ$1369,12,0) -> Monday | N25: Warehouse Associate 8W | O25: CRET | P25: Direct | Q25: Dulsco | R25: aanso | S25: Sohail,Anis | T25: =IF(COUNTIFS('DWD RAW File'!$E:$E,$B25,'DWD RAW File'!$AF:$AF,$C$1)>0, IF(COUNTIFS('DWD RAW File'!$E:$E,$B25,'DWD RAW File'!$AF:$AF,$C$1,'DWD RAW File'!$AB:$AB,"Present")>0,"6th Day OT","OFF"), IF(COUNTIFS('DWD RAW File'!$E:$E,$B25,'DWD RAW File'!$AG:$AG,$C$1)>0, IF(COUNTIFS('DWD RAW File'!$E:$E,$B25,'DWD RAW File'!$AG:$AG,$C$1,'DWD RAW File'!$AB:$AB,"Present")>0,"7th Day OT","OFF"), IF(COUNTIFS('DWD RAW File'!$E:$E,$B25,'DWD RAW File'!$AB:$AB,"Present")>0, "P", IF(COUNTIFS('DWD RAW File'!$E:$E,$B25,'DWD RAW File'!$AB:$AB,"Not Present",'DWD RAW File'!$AK:$AK,"<>")>0, _xlfn.XLOOKUP($B25,'DWD RAW File'!$E:$E,'DWD RAW File'!$AK:$AK,""), IF(COUNTIFS('DWD RAW File'!$E:$E,$B25,'DWD RAW File'!$AB:$AB,"Not Present",'DWD RAW File'!$AL:$AL,"<>")>0, _xlfn.XLOOKUP($B25,'DWD RAW File'!$E:$E,'DWD RAW File'!$AL:$AL,""), "AB"))))) -> P | V25: 46020 | W25: Customer Returns | X25: =VLOOKUP(Table1[[#This Row],[Psoft No]],[2]Roster_1788384531598!$E$1:$AU$1334,28,0) -> Sunday | Y25: =Table1[[#This Row],[Column1]]=Table1[[#This Row],[OFF1]] -> TRUE
A26: 20 | B26: 206953811 | C26: allanmub | D26: ALLAN MUBANGIZI | E26: Temporary | F26: UAE | G26: AUH1 | H26: FC | I26: 1299 | J26: =VLOOKUP(Table1[[#This Row],[Psoft No]],[1]Roster!$C$1:$AJ$1369,9,0) -> Night Shift | K26: NA | L26: =VLOOKUP(Table1[[#This Row],[Psoft No]],[1]Roster!$C$1:$AJ$1369,11,0) -> Thursday | M26: =VLOOKUP(Table1[[#This Row],[Psoft No]],[1]Roster!$C$1:$AJ$1369,12,0) -> Friday | N26: Warehouse Associate 24M | O26: CRET | P26: Direct | Q26: Dulsco | R26: bavameer | S26: Meera,Bava Bahrudeen | T26: =IF(COUNTIFS('DWD RAW File'!$E:$E,$B26,'DWD RAW File'!$AF:$AF,$C$1)>0, IF(COUNTIFS('DWD RAW File'!$E:$E,$B26,'DWD RAW File'!$AF:$AF,$C$1,'DWD RAW File'!$AB:$AB,"Present")>0,"6th Day OT","OFF"), IF(COUNTIFS('DWD RAW File'!$E:$E,$B26,'DWD RAW File'!$AG:$AG,$C$1)>0, IF(COUNTIFS('DWD RAW File'!$E:$E,$B26,'DWD RAW File'!$AG:$AG,$C$1,'DWD RAW File'!$AB:$AB,"Present")>0,"7th Day OT","OFF"), IF(COUNTIFS('DWD RAW File'!$E:$E,$B26,'DWD RAW File'!$AB:$AB,"Present")>0, "P", IF(COUNTIFS('DWD RAW File'!$E:$E,$B26,'DWD RAW File'!$AB:$AB,"Not Present",'DWD RAW File'!$AK:$AK,"<>")>0, _xlfn.XLOOKUP($B26,'DWD RAW File'!$E:$E,'DWD RAW File'!$AK:$AK,""), IF(COUNTIFS('DWD RAW File'!$E:$E,$B26,'DWD RAW File'!$AB:$AB,"Not Present",'DWD RAW File'!$AL:$AL,"<>")>0, _xlfn.XLOOKUP($B26,'DWD RAW File'!$E:$E,'DWD RAW File'!$AL:$AL,""), "AB"))))) -> P | V26: 46048 | W26: Customer Returns | X26: =VLOOKUP(Table1[[#This Row],[Psoft No]],[2]Roster_1788384531598!$E$1:$AU$1334,28,0) -> Thursday | Y26: =Table1[[#This Row],[Column1]]=Table1[[#This Row],[OFF1]] -> TRUE
A27: 21 | B27: 206875146 | C27: alphaatk | D27: ALPHA ATHANASIO KINYAPALA | E27: Temporary | F27: UAE | G27: AUH1 | H27: FC | I27: 1299 | J27: =VLOOKUP(Table1[[#This Row],[Psoft No]],[1]Roster!$C$1:$AJ$1369,9,0) -> Night Shift | K27: NA | L27: =VLOOKUP(Table1[[#This Row],[Psoft No]],[1]Roster!$C$1:$AJ$1369,11,0) -> Saturday | M27: =VLOOKUP(Table1[[#This Row],[Psoft No]],[1]Roster!$C$1:$AJ$1369,12,0) -> Sunday | N27: Warehouse Associate 8W | O27: CRET | P27: Direct | Q27: Dulsco | R27: aanso | S27: Sohail,Anis | T27: =IF(COUNTIFS('DWD RAW File'!$E:$E,$B27,'DWD RAW File'!$AF:$AF,$C$1)>0, IF(COUNTIFS('DWD RAW File'!$E:$E,$B27,'DWD RAW File'!$AF:$AF,$C$1,'DWD RAW File'!$AB:$AB,"Present")>0,"6th Day OT","OFF"), IF(COUNTIFS('DWD RAW File'!$E:$E,$B27,'DWD RAW File'!$AG:$AG,$C$1)>0, IF(COUNTIFS('DWD RAW File'!$E:$E,$B27,'DWD RAW File'!$AG:$AG,$C$1,'DWD RAW File'!$AB:$AB,"Present")>0,"7th Day OT","OFF"), IF(COUNTIFS('DWD RAW File'!$E:$E,$B27,'DWD RAW File'!$AB:$AB,"Present")>0, "P", IF(COUNTIFS('DWD RAW File'!$E:$E,$B27,'DWD RAW File'!$AB:$AB,"Not Present",'DWD RAW File'!$AK:$AK,"<>")>0, _xlfn.XLOOKUP($B27,'DWD RAW File'!$E:$E,'DWD RAW File'!$AK:$AK,""), IF(COUNTIFS('DWD RAW File'!$E:$E,$B27,'DWD RAW File'!$AB:$AB,"Not Present",'DWD RAW File'!$AL:$AL,"<>")>0, _xlfn.XLOOKUP($B27,'DWD RAW File'!$E:$E,'DWD RAW File'!$AL:$AL,""), "AB"))))) -> P | V27: 46020 | W27: Customer Returns | X27: =VLOOKUP(Table1[[#This Row],[Psoft No]],[2]Roster_1788384531598!$E$1:$AU$1334,28,0) -> Saturday | Y27: =Table1[[#This Row],[Column1]]=Table1[[#This Row],[OFF1]] -> TRUE
A28: 22 | B28: 205496017 | C28: roambili | D28: AmbiliaRop | E28: Temporary | F28: UAE | G28: AUH1 | H28: FC | I28: 1299 | J28: =VLOOKUP(Table1[[#This Row],[Psoft No]],[1]Roster!$C$1:$AJ$1369,9,0) -> Night Shift | K28: NA | L28: =VLOOKUP(Table1[[#This Row],[Psoft No]],[1]Roster!$C$1:$AJ$1369,11,0) -> Tuesday | M28: =VLOOKUP(Table1[[#This Row],[Psoft No]],[1]Roster!$C$1:$AJ$1369,12,0) -> Wednesday | N28: Warehouse Associate 8W | O28: CRET | P28: Direct | Q28: EFS | R28: aanso | S28: Sohail,Anis | T28: =IF(COUNTIFS('DWD RAW File'!$E:$E,$B28,'DWD RAW File'!$AF:$AF,$C$1)>0, IF(COUNTIFS('DWD RAW File'!$E:$E,$B28,'DWD RAW File'!$AF:$AF,$C$1,'DWD RAW File'!$AB:$AB,"Present")>0,"6th Day OT","OFF"), IF(COUNTIFS('DWD RAW File'!$E:$E,$B28,'DWD RAW File'!$AG:$AG,$C$1)>0, IF(COUNTIFS('DWD RAW File'!$E:$E,$B28,'DWD RAW File'!$AG:$AG,$C$1,'DWD RAW File'!$AB:$AB,"Present")>0,"7th Day OT","OFF"), IF(COUNTIFS('DWD RAW File'!$E:$E,$B28,'DWD RAW File'!$AB:$AB,"Present")>0, "P", IF(COUNTIFS('DWD RAW File'!$E:$E,$B28,'DWD RAW File'!$AB:$AB,"Not Present",'DWD RAW File'!$AK:$AK,"<>")>0, _xlfn.XLOOKUP($B28,'DWD RAW File'!$E:$E,'DWD RAW File'!$AK:$AK,""), IF(COUNTIFS('DWD RAW File'!$E:$E,$B28,'DWD RAW File'!$AB:$AB,"Not Present",'DWD RAW File'!$AL:$AL,"<>")>0, _xlfn.XLOOKUP($B28,'DWD RAW File'!$E:$E,'DWD RAW File'!$AL:$AL,""), "AB"))))) -> OFF | V28: 45831 | W28: Customer Returns | X28: =VLOOKUP(Table1[[#This Row],[Psoft No]],[2]Roster_1788384531598!$E$1:$AU$1334,28,0) -> Tuesday | Y28: =Table1[[#This Row],[Column1]]=Table1[[#This Row],[OFF1]] -> TRUE
A29: 23 | B29: 206294541 | C29: amkkamar | D29: AMIDU KAMARA | E29: Temporary | F29: UAE | G29: AUH1 | H29: FC | I29: 1299 | J29: =VLOOKUP(Table1[[#This Row],[Psoft No]],[1]Roster!$C$1:$AJ$1369,9,0) -> Night Shift | K29: NA | L29: =VLOOKUP(Table1[[#This Row],[Psoft No]],[1]Roster!$C$1:$AJ$1369,11,0) -> Thursday | M29: =VLOOKUP(Table1[[#This Row],[Psoft No]],[1]Roster!$C$1:$AJ$1369,12,0) -> Friday | N29: Warehouse Associate 8W | O29: CRET | P29: Direct | Q29: EFS | R29: aanso | S29: Sohail,Anis | T29: =IF(COUNTIFS('DWD RAW File'!$E:$E,$B29,'DWD RAW File'!$AF:$AF,$C$1)>0, IF(COUNTIFS('DWD RAW File'!$E:$E,$B29,'DWD RAW File'!$AF:$AF,$C$1,'DWD RAW File'!$AB:$AB,"Present")>0,"6th Day OT","OFF"), IF(COUNTIFS('DWD RAW File'!$E:$E,$B29,'DWD RAW File'!$AG:$AG,$C$1)>0, IF(COUNTIFS('DWD RAW File'!$E:$E,$B29,'DWD RAW File'!$AG:$AG,$C$1,'DWD RAW File'!$AB:$AB,"Present")>0,"7th Day OT","OFF"), IF(COUNTIFS('DWD RAW File'!$E:$E,$B29,'DWD RAW File'!$AB:$AB,"Present")>0, "P", IF(COUNTIFS('DWD RAW File'!$E:$E,$B29,'DWD RAW File'!$AB:$AB,"Not Present",'DWD RAW File'!$AK:$AK,"<>")>0, _xlfn.XLOOKUP($B29,'DWD RAW File'!$E:$E,'DWD RAW File'!$AK:$AK,""), IF(COUNTIFS('DWD RAW File'!$E:$E,$B29,'DWD RAW File'!$AB:$AB,"Not Present",'DWD RAW File'!$AL:$AL,"<>")>0, _xlfn.XLOOKUP($B29,'DWD RAW File'!$E:$E,'DWD RAW File'!$AL:$AL,""), "AB"))))) -> P | V29: 45950 | W29: Customer Returns | X29: =VLOOKUP(Table1[[#This Row],[Psoft No]],[2]Roster_1788384531598!$E$1:$AU$1334,28,0) -> Thursday | Y29: =Table1[[#This Row],[Column1]]=Table1[[#This Row],[OFF1]] -> TRUE
A30: 24 | B30: 203800382 | C30: abaaamon | D30: AMON ABAASA | E30: Temporary | F30: UAE | G30: AUH1 | H30: FC | I30: 1299 | J30: =VLOOKUP(Table1[[#This Row],[Psoft No]],[1]Roster!$C$1:$AJ$1369,9,0) -> Day Shift | K30: NA | L30: =VLOOKUP(Table1[[#This Row],[Psoft No]],[1]Roster!$C$1:$AJ$1369,11,0) -> Thursday | M30: =VLOOKUP(Table1[[#This Row],[Psoft No]],[1]Roster!$C$1:$AJ$1369,12,0) -> Friday | N30: Warehouse Associate 8W | O30: CRET | P30: Direct | Q30: Dulsco | R30: aanso | S30: Sohail,Anis | T30: =IF(COUNTIFS('DWD RAW File'!$E:$E,$B30,'DWD RAW File'!$AF:$AF,$C$1)>0, IF(COUNTIFS('DWD RAW File'!$E:$E,$B30,'DWD RAW File'!$AF:$AF,$C$1,'DWD RAW File'!$AB:$AB,"Present")>0,"6th Day OT","OFF"), IF(COUNTIFS('DWD RAW File'!$E:$E,$B30,'DWD RAW File'!$AG:$AG,$C$1)>0, IF(COUNTIFS('DWD RAW File'!$E:$E,$B30,'DWD RAW File'!$AG:$AG,$C$1,'DWD RAW File'!$AB:$AB,"Present")>0,"7th Day OT","OFF"), IF(COUNTIFS('DWD RAW File'!$E:$E,$B30,'DWD RAW File'!$AB:$AB,"Present")>0, "P", IF(COUNTIFS('DWD RAW File'!$E:$E,$B30,'DWD RAW File'!$AB:$AB,"Not Present",'DWD RAW File'!$AK:$AK,"<>")>0, _xlfn.XLOOKUP($B30,'DWD RAW File'!$E:$E,'DWD RAW File'!$AK:$AK,""), IF(COUNTIFS('DWD RAW File'!$E:$E,$B30,'DWD RAW File'!$AB:$AB,"Not Present",'DWD RAW File'!$AL:$AL,"<>")>0, _xlfn.XLOOKUP($B30,'DWD RAW File'!$E:$E,'DWD RAW File'!$AL:$AL,""), "AB"))))) -> P | V30: 45516 | W30: Customer Returns | X30: =VLOOKUP(Table1[[#This Row],[Psoft No]],[2]Roster_1788384531598!$E$1:$AU$1334,28,0) -> Thursday | Y30: =Table1[[#This Row],[Column1]]=Table1[[#This Row],[OFF1]] -> TRUE
A31: 25 | B31: 206930700 | C31: andmutun | D31: ANDREW MUTUNGI | E31: Temporary | F31: UAE | G31: AUH1 | H31: FC | I31: 1299 | J31: =VLOOKUP(Table1[[#This Row],[Psoft No]],[1]Roster!$C$1:$AJ$1369,9,0) -> Day Shift | K31: NA | L31: =VLOOKUP(Table1[[#This Row],[Psoft No]],[1]Roster!$C$1:$AJ$1369,11,0) -> Saturday | M31: =VLOOKUP(Table1[[#This Row],[Psoft No]],[1]Roster!$C$1:$AJ$1369,12,0) -> Sunday | N31: Warehouse Associate 24M | O31: CRET | P31: Direct | Q31: Dulsco | R31: aanso | S31: Sohail,Anis | T31: =IF(COUNTIFS('DWD RAW File'!$E:$E,$B31,'DWD RAW File'!$AF:$AF,$C$1)>0, IF(COUNTIFS('DWD RAW File'!$E:$E,$B31,'DWD RAW File'!$AF:$AF,$C$1,'DWD RAW File'!$AB:$AB,"Present")>0,"6th Day OT","OFF"), IF(COUNTIFS('DWD RAW File'!$E:$E,$B31,'DWD RAW File'!$AG:$AG,$C$1)>0, IF(COUNTIFS('DWD RAW File'!$E:$E,$B31,'DWD RAW File'!$AG:$AG,$C$1,'DWD RAW File'!$AB:$AB,"Present")>0,"7th Day OT","OFF"), IF(COUNTIFS('DWD RAW File'!$E:$E,$B31,'DWD RAW File'!$AB:$AB,"Present")>0, "P", IF(COUNTIFS('DWD RAW File'!$E:$E,$B31,'DWD RAW File'!$AB:$AB,"Not Present",'DWD RAW File'!$AK:$AK,"<>")>0, _xlfn.XLOOKUP($B31,'DWD RAW File'!$E:$E,'DWD RAW File'!$AK:$AK,""), IF(COUNTIFS('DWD RAW File'!$E:$E,$B31,'DWD RAW File'!$AB:$AB,"Not Present",'DWD RAW File'!$AL:$AL,"<>")>0, _xlfn.XLOOKUP($B31,'DWD RAW File'!$E:$E,'DWD RAW File'!$AL:$AL,""), "AB"))))) -> P | V31: 46048 | W31: Customer Returns | X31: =VLOOKUP(Table1[[#This Row],[Psoft No]],[2]Roster_1788384531598!$E$1:$AU$1334,28,0) -> Saturday | Y31: =Table1[[#This Row],[Column1]]=Table1[[#This Row],[OFF1]] -> TRUE
A32: 26 | B32: 206953786 | C32: qnamacha | D32: asante namacha | E32: Temporary | F32: UAE | G32: AUH1 | H32: FC | I32: 1299 | J32: =VLOOKUP(Table1[[#This Row],[Psoft No]],[1]Roster!$C$1:$AJ$1369,9,0) -> Day Shift | K32: NA | L32: =VLOOKUP(Table1[[#This Row],[Psoft No]],[1]Roster!$C$1:$AJ$1369,11,0) -> Sunday | M32: =VLOOKUP(Table1[[#This Row],[Psoft No]],[1]Roster!$C$1:$AJ$1369,12,0) -> Monday | N32: Warehouse Associate 8W | O32: CRET | P32: Direct | Q32: Dulsco | R32: aanso | S32: Sohail,Anis | T32: =IF(COUNTIFS('DWD RAW File'!$E:$E,$B32,'DWD RAW File'!$AF:$AF,$C$1)>0, IF(COUNTIFS('DWD RAW File'!$E:$E,$B32,'DWD RAW File'!$AF:$AF,$C$1,'DWD RAW File'!$AB:$AB,"Present")>0,"6th Day OT","OFF"), IF(COUNTIFS('DWD RAW File'!$E:$E,$B32,'DWD RAW File'!$AG:$AG,$C$1)>0, IF(COUNTIFS('DWD RAW File'!$E:$E,$B32,'DWD RAW File'!$AG:$AG,$C$1,'DWD RAW File'!$AB:$AB,"Present")>0,"7th Day OT","OFF"), IF(COUNTIFS('DWD RAW File'!$E:$E,$B32,'DWD RAW File'!$AB:$AB,"Present")>0, "P", IF(COUNTIFS('DWD RAW File'!$E:$E,$B32,'DWD RAW File'!$AB:$AB,"Not Present",'DWD RAW File'!$AK:$AK,"<>")>0, _xlfn.XLOOKUP($B32,'DWD RAW File'!$E:$E,'DWD RAW File'!$AK:$AK,""), IF(COUNTIFS('DWD RAW File'!$E:$E,$B32,'DWD RAW File'!$AB:$AB,"Not Present",'DWD RAW File'!$AL:$AL,"<>")>0, _xlfn.XLOOKUP($B32,'DWD RAW File'!$E:$E,'DWD RAW File'!$AL:$AL,""), "AB"))))) -> P | V32: 46048 | W32: Customer Returns | X32: =VLOOKUP(Table1[[#This Row],[Psoft No]],[2]Roster_1788384531598!$E$1:$AU$1334,28,0) -> Sunday | Y32: =Table1[[#This Row],[Column1]]=Table1[[#This Row],[OFF1]] -> TRUE
A33: 27 | B33: 206875143 | C33: asantimb | D33: ASANTIANO MICHAEL MWANGULE | E33: Temporary | F33: UAE | G33: AUH1 | H33: FC | I33: 1299 | J33: =VLOOKUP(Table1[[#This Row],[Psoft No]],[1]Roster!$C$1:$AJ$1369,9,0) -> Day Shift | K33: NA | L33: =VLOOKUP(Table1[[#This Row],[Psoft No]],[1]Roster!$C$1:$AJ$1369,11,0) -> Sunday | M33: =VLOOKUP(Table1[[#This Row],[Psoft No]],[1]Roster!$C$1:$AJ$1369,12,0) -> Monday | N33: Warehouse Associate 8W | O33: CRET | P33: Direct | Q33: Dulsco | R33: aanso | S33: Sohail,Anis | T33: =IF(COUNTIFS('DWD RAW File'!$E:$E,$B33,'DWD RAW File'!$AF:$AF,$C$1)>0, IF(COUNTIFS('DWD RAW File'!$E:$E,$B33,'DWD RAW File'!$AF:$AF,$C$1,'DWD RAW File'!$AB:$AB,"Present")>0,"6th Day OT","OFF"), IF(COUNTIFS('DWD RAW File'!$E:$E,$B33,'DWD RAW File'!$AG:$AG,$C$1)>0, IF(COUNTIFS('DWD RAW File'!$E:$E,$B33,'DWD RAW File'!$AG:$AG,$C$1,'DWD RAW File'!$AB:$AB,"Present")>0,"7th Day OT","OFF"), IF(COUNTIFS('DWD RAW File'!$E:$E,$B33,'DWD RAW File'!$AB:$AB,"Present")>0, "P", IF(COUNTIFS('DWD RAW File'!$E:$E,$B33,'DWD RAW File'!$AB:$AB,"Not Present",'DWD RAW File'!$AK:$AK,"<>")>0, _xlfn.XLOOKUP($B33,'DWD RAW File'!$E:$E,'DWD RAW File'!$AK:$AK,""), IF(COUNTIFS('DWD RAW File'!$E:$E,$B33,'DWD RAW File'!$AB:$AB,"Not Present",'DWD RAW File'!$AL:$AL,"<>")>0, _xlfn.XLOOKUP($B33,'DWD RAW File'!$E:$E,'DWD RAW File'!$AL:$AL,""), "AB"))))) -> P | V33: 46020 | W33: Customer Returns | X33: =VLOOKUP(Table1[[#This Row],[Psoft No]],[2]Roster_1788384531598!$E$1:$AU$1334,28,0) -> Sunday | Y33: =Table1[[#This Row],[Column1]]=Table1[[#This Row],[OFF1]] -> TRUE
A34: 28 | B34: 205647826 | C34: bjemuasc | D34: AscaJemutai | E34: Temporary | F34: UAE | G34: AUH1 | H34: FC | I34: 1299 | J34: =VLOOKUP(Table1[[#This Row],[Psoft No]],[1]Roster!$C$1:$AJ$1369,9,0) -> Night Shift | K34: NA | L34: =VLOOKUP(Table1[[#This Row],[Psoft No]],[1]Roster!$C$1:$AJ$1369,11,0) -> Monday | M34: =VLOOKUP(Table1[[#This Row],[Psoft No]],[1]Roster!$C$1:$AJ$1369,12,0) -> Tuesday | N34: Warehouse Associate 8W | O34: CRET | P34: Direct | Q34: EFS | R34: aanso | S34: Sohail,Anis | T34: AB | V34: 45852 | W34: Customer Returns | X34: =VLOOKUP(Table1[[#This Row],[Psoft No]],[2]Roster_1788384531598!$E$1:$AU$1334,28,0) -> Monday | Y34: =Table1[[#This Row],[Column1]]=Table1[[#This Row],[OFF1]] -> TRUE
A35: 29 | B35: 206875148 | C35: kiyimash | D35: ASHIRAF KIYIMBA | E35: Temporary | F35: UAE | G35: AUH1 | H35: FC | I35: 1299 | J35: =VLOOKUP(Table1[[#This Row],[Psoft No]],[1]Roster!$C$1:$AJ$1369,9,0) -> Night Shift | K35: NA | L35: =VLOOKUP(Table1[[#This Row],[Psoft No]],[1]Roster!$C$1:$AJ$1369,11,0) -> Thursday | M35: =VLOOKUP(Table1[[#This Row],[Psoft No]],[1]Roster!$C$1:$AJ$1369,12,0) -> Friday | N35: Warehouse Associate 8W | O35: CRET | P35: Direct | Q35: Dulsco | R35: aanso | S35: Sohail,Anis | T35: =IF(COUNTIFS('DWD RAW File'!$E:$E,$B35,'DWD RAW File'!$AF:$AF,$C$1)>0, IF(COUNTIFS('DWD RAW File'!$E:$E,$B35,'DWD RAW File'!$AF:$AF,$C$1,'DWD RAW File'!$AB:$AB,"Present")>0,"6th Day OT","OFF"), IF(COUNTIFS('DWD RAW File'!$E:$E,$B35,'DWD RAW File'!$AG:$AG,$C$1)>0, IF(COUNTIFS('DWD RAW File'!$E:$E,$B35,'DWD RAW File'!$AG:$AG,$C$1,'DWD RAW File'!$AB:$AB,"Present")>0,"7th Day OT","OFF"), IF(COUNTIFS('DWD RAW File'!$E:$E,$B35,'DWD RAW File'!$AB:$AB,"Present")>0, "P", IF(COUNTIFS('DWD RAW File'!$E:$E,$B35,'DWD RAW File'!$AB:$AB,"Not Present",'DWD RAW File'!$AK:$AK,"<>")>0, _xlfn.XLOOKUP($B35,'DWD RAW File'!$E:$E,'DWD RAW File'!$AK:$AK,""), IF(COUNTIFS('DWD RAW File'!$E:$E,$B35,'DWD RAW File'!$AB:$AB,"Not Present",'DWD RAW File'!$AL:$AL,"<>")>0, _xlfn.XLOOKUP($B35,'DWD RAW File'!$E:$E,'DWD RAW File'!$AL:$AL,""), "AB"))))) -> P | V35: 46020 | W35: Customer Returns | X35: =VLOOKUP(Table1[[#This Row],[Psoft No]],[2]Roster_1788384531598!$E$1:$AU$1334,28,0) -> Thursday | Y35: =Table1[[#This Row],[Column1]]=Table1[[#This Row],[OFF1]] -> TRUE
A36: 30 | B36: 205609430 | C36: sarpoatt | D36: ATTA AGYEKUM SARPONG | E36: Temporary | F36: UAE | G36: AUH1 | H36: FC | I36: 1299 | J36: =VLOOKUP(Table1[[#This Row],[Psoft No]],[1]Roster!$C$1:$AJ$1369,9,0) -> Night Shift | K36: NA | L36: =VLOOKUP(Table1[[#This Row],[Psoft No]],[1]Roster!$C$1:$AJ$1369,11,0) -> Monday | M36: =VLOOKUP(Table1[[#This Row],[Psoft No]],[1]Roster!$C$1:$AJ$1369,12,0) -> Tuesday | N36: Warehouse Associate 8W | O36: CRET | P36: Direct | Q36: Dulsco | R36: aanso | S36: Sohail,Anis | T36: AB | V36: 45845 | W36: Customer Returns | X36: =VLOOKUP(Table1[[#This Row],[Psoft No]],[2]Roster_1788384531598!$E$1:$AU$1334,28,0) -> Monday | Y36: =Table1[[#This Row],[Column1]]=Table1[[#This Row],[OFF1]] -> TRUE
A37: 31 | B37: 203555399 | C37: berchimh | D37: Bernadette Tarrio Chimhau | E37: Temporary | F37: UAE | G37: AUH1 | H37: FC | I37: 1299 | J37: =VLOOKUP(Table1[[#This Row],[Psoft No]],[1]Roster!$C$1:$AJ$1369,9,0) -> Day Shift | K37: NA | L37: =VLOOKUP(Table1[[#This Row],[Psoft No]],[1]Roster!$C$1:$AJ$1369,11,0) -> Thursday | M37: =VLOOKUP(Table1[[#This Row],[Psoft No]],[1]Roster!$C$1:$AJ$1369,12,0) -> Friday | N37: Warehouse Associate 12M | O37: CRET | P37: Direct | Q37: Fastlink | R37: aanso | S37: Sohail,Anis | T37: =IF(COUNTIFS('DWD RAW File'!$E:$E,$B37,'DWD RAW File'!$AF:$AF,$C$1)>0, IF(COUNTIFS('DWD RAW File'!$E:$E,$B37,'DWD RAW File'!$AF:$AF,$C$1,'DWD RAW File'!$AB:$AB,"Present")>0,"6th Day OT","OFF"), IF(COUNTIFS('DWD RAW File'!$E:$E,$B37,'DWD RAW File'!$AG:$AG,$C$1)>0, IF(COUNTIFS('DWD RAW File'!$E:$E,$B37,'DWD RAW File'!$AG:$AG,$C$1,'DWD RAW File'!$AB:$AB,"Present")>0,"7th Day OT","OFF"), IF(COUNTIFS('DWD RAW File'!$E:$E,$B37,'DWD RAW File'!$AB:$AB,"Present")>0, "P", IF(COUNTIFS('DWD RAW File'!$E:$E,$B37,'DWD RAW File'!$AB:$AB,"Not Present",'DWD RAW File'!$AK:$AK,"<>")>0, _xlfn.XLOOKUP($B37,'DWD RAW File'!$E:$E,'DWD RAW File'!$AK:$AK,""), IF(COUNTIFS('DWD RAW File'!$E:$E,$B37,'DWD RAW File'!$AB:$AB,"Not Present",'DWD RAW File'!$AL:$AL,"<>")>0, _xlfn.XLOOKUP($B37,'DWD RAW File'!$E:$E,'DWD RAW File'!$AL:$AL,""), "AB"))))) -> P | V37: 45470 | W37: Customer Returns | X37: =VLOOKUP(Table1[[#This Row],[Psoft No]],[2]Roster_1788384531598!$E$1:$AU$1334,28,0) -> Thursday | Y37: =Table1[[#This Row],[Column1]]=Table1[[#This Row],[OFF1]] -> TRUE
A38: 32 | B38: 205997628 | C38: gbnyiren | D38: BRENDANYIRENDASINGINI | E38: Temporary | F38: UAE | G38: AUH1 | H38: FC | I38: 1299 | J38: =VLOOKUP(Table1[[#This Row],[Psoft No]],[1]Roster!$C$1:$AJ$1369,9,0) -> Day Shift | K38: NA | L38: =VLOOKUP(Table1[[#This Row],[Psoft No]],[1]Roster!$C$1:$AJ$1369,11,0) -> Thursday | M38: =VLOOKUP(Table1[[#This Row],[Psoft No]],[1]Roster!$C$1:$AJ$1369,12,0) -> Friday | N38: Warehouse Associate 8W | O38: CRET | P38: Direct | Q38: Fastlink | R38: aanso | S38: Sohail,Anis | T38: =IF(COUNTIFS('DWD RAW File'!$E:$E,$B38,'DWD RAW File'!$AF:$AF,$C$1)>0, IF(COUNTIFS('DWD RAW File'!$E:$E,$B38,'DWD RAW File'!$AF:$AF,$C$1,'DWD RAW File'!$AB:$AB,"Present")>0,"6th Day OT","OFF"), IF(COUNTIFS('DWD RAW File'!$E:$E,$B38,'DWD RAW File'!$AG:$AG,$C$1)>0, IF(COUNTIFS('DWD RAW File'!$E:$E,$B38,'DWD RAW File'!$AG:$AG,$C$1,'DWD RAW File'!$AB:$AB,"Present")>0,"7th Day OT","OFF"), IF(COUNTIFS('DWD RAW File'!$E:$E,$B38,'DWD RAW File'!$AB:$AB,"Present")>0, "P", IF(COUNTIFS('DWD RAW File'!$E:$E,$B38,'DWD RAW File'!$AB:$AB,"Not Present",'DWD RAW File'!$AK:$AK,"<>")>0, _xlfn.XLOOKUP($B38,'DWD RAW File'!$E:$E,'DWD RAW File'!$AK:$AK,""), IF(COUNTIFS('DWD RAW File'!$E:$E,$B38,'DWD RAW File'!$AB:$AB,"Not Present",'DWD RAW File'!$AL:$AL,"<>")>0, _xlfn.XLOOKUP($B38,'DWD RAW File'!$E:$E,'DWD RAW File'!$AL:$AL,""), "AB"))))) -> P | V38: 45915 | W38: Customer Returns | X38: =VLOOKUP(Table1[[#This Row],[Psoft No]],[2]Roster_1788384531598!$E$1:$AU$1334,28,0) -> Thursday | Y38: =Table1[[#This Row],[Column1]]=Table1[[#This Row],[OFF1]] -> TRUE
A39: 33 | B39: 203555402 | C39: brerubay | D39: BrendaRubaya | E39: Temporary | F39: UAE | G39: AUH1 | H39: FC | I39: 1299 | J39: =VLOOKUP(Table1[[#This Row],[Psoft No]],[1]Roster!$C$1:$AJ$1369,9,0) -> Night Shift | K39: NA | L39: =VLOOKUP(Table1[[#This Row],[Psoft No]],[1]Roster!$C$1:$AJ$1369,11,0) -> Thursday | M39: =VLOOKUP(Table1[[#This Row],[Psoft No]],[1]Roster!$C$1:$AJ$1369,12,0) -> Friday | N39: Warehouse Associate 12M | O39: CRET | P39: Direct | Q39: Fastlink | R39: aanso | S39: Sohail,Anis | T39: =IF(COUNTIFS('DWD RAW File'!$E:$E,$B39,'DWD RAW File'!$AF:$AF,$C$1)>0, IF(COUNTIFS('DWD RAW File'!$E:$E,$B39,'DWD RAW File'!$AF:$AF,$C$1,'DWD RAW File'!$AB:$AB,"Present")>0,"6th Day OT","OFF"), IF(COUNTIFS('DWD RAW File'!$E:$E,$B39,'DWD RAW File'!$AG:$AG,$C$1)>0, IF(COUNTIFS('DWD RAW File'!$E:$E,$B39,'DWD RAW File'!$AG:$AG,$C$1,'DWD RAW File'!$AB:$AB,"Present")>0,"7th Day OT","OFF"), IF(COUNTIFS('DWD RAW File'!$E:$E,$B39,'DWD RAW File'!$AB:$AB,"Present")>0, "P", IF(COUNTIFS('DWD RAW File'!$E:$E,$B39,'DWD RAW File'!$AB:$AB,"Not Present",'DWD RAW File'!$AK:$AK,"<>")>0, _xlfn.XLOOKUP($B39,'DWD RAW File'!$E:$E,'DWD RAW File'!$AK:$AK,""), IF(COUNTIFS('DWD RAW File'!$E:$E,$B39,'DWD RAW File'!$AB:$AB,"Not Present",'DWD RAW File'!$AL:$AL,"<>")>0, _xlfn.XLOOKUP($B39,'DWD RAW File'!$E:$E,'DWD RAW File'!$AL:$AL,""), "AB"))))) -> P | V39: 45470 | W39: Customer Returns | X39: =VLOOKUP(Table1[[#This Row],[Psoft No]],[2]Roster_1788384531598!$E$1:$AU$1334,28,0) -> Thursday | Y39: =Table1[[#This Row],[Column1]]=Table1[[#This Row],[OFF1]] -> TRUE
A40: 34 | B40: 206953810 | C40: pbmateke | D40: BRIAN MATEKE | E40: Temporary | F40: UAE | G40: AUH1 | H40: FC | I40: 1299 | J40: =VLOOKUP(Table1[[#This Row],[Psoft No]],[1]Roster!$C$1:$AJ$1369,9,0) -> Day Shift | K40: NA | L40: =VLOOKUP(Table1[[#This Row],[Psoft No]],[1]Roster!$C$1:$AJ$1369,11,0) -> Tuesday | M40: =VLOOKUP(Table1[[#This Row],[Psoft No]],[1]Roster!$C$1:$AJ$1369,12,0) -> Wednesday | N40: Warehouse Associate 24M | O40: CRET | P40: Direct | Q40: Dulsco | R40: aanso | S40: Sohail,Anis | T40: =IF(COUNTIFS('DWD RAW File'!$E:$E,$B40,'DWD RAW File'!$AF:$AF,$C$1)>0, IF(COUNTIFS('DWD RAW File'!$E:$E,$B40,'DWD RAW File'!$AF:$AF,$C$1,'DWD RAW File'!$AB:$AB,"Present")>0,"6th Day OT","OFF"), IF(COUNTIFS('DWD RAW File'!$E:$E,$B40,'DWD RAW File'!$AG:$AG,$C$1)>0, IF(COUNTIFS('DWD RAW File'!$E:$E,$B40,'DWD RAW File'!$AG:$AG,$C$1,'DWD RAW File'!$AB:$AB,"Present")>0,"7th Day OT","OFF"), IF(COUNTIFS('DWD RAW File'!$E:$E,$B40,'DWD RAW File'!$AB:$AB,"Present")>0, "P", IF(COUNTIFS('DWD RAW File'!$E:$E,$B40,'DWD RAW File'!$AB:$AB,"Not Present",'DWD RAW File'!$AK:$AK,"<>")>0, _xlfn.XLOOKUP($B40,'DWD RAW File'!$E:$E,'DWD RAW File'!$AK:$AK,""), IF(COUNTIFS('DWD RAW File'!$E:$E,$B40,'DWD RAW File'!$AB:$AB,"Not Present",'DWD RAW File'!$AL:$AL,"<>")>0, _xlfn.XLOOKUP($B40,'DWD RAW File'!$E:$E,'DWD RAW File'!$AL:$AL,""), "AB"))))) -> OFF | V40: 46048 | W40: Customer Returns | X40: =VLOOKUP(Table1[[#This Row],[Psoft No]],[2]Roster_1788384531598!$E$1:$AU$1334,28,0) -> Tuesday | Y40: =Table1[[#This Row],[Column1]]=Table1[[#This Row],[OFF1]] -> TRUE
A41: 35 | B41: 204299899 | C41: ybbright | D41: BrightBonah | E41: Temporary | F41: UAE | G41: AUH1 | H41: FC | I41: 1299 | J41: =VLOOKUP(Table1[[#This Row],[Psoft No]],[1]Roster!$C$1:$AJ$1369,9,0) -> Night Shift | K41: NA | L41: =VLOOKUP(Table1[[#This Row],[Psoft No]],[1]Roster!$C$1:$AJ$1369,11,0) -> Saturday | M41: =VLOOKUP(Table1[[#This Row],[Psoft No]],[1]Roster!$C$1:$AJ$1369,12,0) -> Sunday | N41: Warehouse Associate 24M | O41: CRET | P41: Direct | Q41: Quesscorp | R41: aanso | S41: Sohail,Anis | T41: =IF(COUNTIFS('DWD RAW File'!$E:$E,$B41,'DWD RAW File'!$AF:$AF,$C$1)>0, IF(COUNTIFS('DWD RAW File'!$E:$E,$B41,'DWD RAW File'!$AF:$AF,$C$1,'DWD RAW File'!$AB:$AB,"Present")>0,"6th Day OT","OFF"), IF(COUNTIFS('DWD RAW File'!$E:$E,$B41,'DWD RAW File'!$AG:$AG,$C$1)>0, IF(COUNTIFS('DWD RAW File'!$E:$E,$B41,'DWD RAW File'!$AG:$AG,$C$1,'DWD RAW File'!$AB:$AB,"Present")>0,"7th Day OT","OFF"), IF(COUNTIFS('DWD RAW File'!$E:$E,$B41,'DWD RAW File'!$AB:$AB,"Present")>0, "P", IF(COUNTIFS('DWD RAW File'!$E:$E,$B41,'DWD RAW File'!$AB:$AB,"Not Present",'DWD RAW File'!$AK:$AK,"<>")>0, _xlfn.XLOOKUP($B41,'DWD RAW File'!$E:$E,'DWD RAW File'!$AK:$AK,""), IF(COUNTIFS('DWD RAW File'!$E:$E,$B41,'DWD RAW File'!$AB:$AB,"Not Present",'DWD RAW File'!$AL:$AL,"<>")>0, _xlfn.XLOOKUP($B41,'DWD RAW File'!$E:$E,'DWD RAW File'!$AL:$AL,""), "AB"))))) -> P | V41: 45589 | W41: Customer Returns | X41: =VLOOKUP(Table1[[#This Row],[Psoft No]],[2]Roster_1788384531598!$E$1:$AU$1334,28,0) -> Saturday | Y41: =Table1[[#This Row],[Column1]]=Table1[[#This Row],[OFF1]] -> TRUE
A42: 36 | B42: 206953815 | C42: muhbrigh | D42: BRIGHTON MUHEREZA | E42: Temporary | F42: UAE | G42: AUH1 | H42: FC | I42: 1299 | J42: =VLOOKUP(Table1[[#This Row],[Psoft No]],[1]Roster!$C$1:$AJ$1369,9,0) -> Day Shift | K42: NA | L42: =VLOOKUP(Table1[[#This Row],[Psoft No]],[1]Roster!$C$1:$AJ$1369,11,0) -> Tuesday | M42: =VLOOKUP(Table1[[#This Row],[Psoft No]],[1]Roster!$C$1:$AJ$1369,12,0) -> Wednesday | N42: Warehouse Associate 24M | O42: CRET | P42: Direct | Q42: Dulsco | R42: aanso | S42: Sohail,Anis | T42: =IF(COUNTIFS('DWD RAW File'!$E:$E,$B42,'DWD RAW File'!$AF:$AF,$C$1)>0, IF(COUNTIFS('DWD RAW File'!$E:$E,$B42,'DWD RAW File'!$AF:$AF,$C$1,'DWD RAW File'!$AB:$AB,"Present")>0,"6th Day OT","OFF"), IF(COUNTIFS('DWD RAW File'!$E:$E,$B42,'DWD RAW File'!$AG:$AG,$C$1)>0, IF(COUNTIFS('DWD RAW File'!$E:$E,$B42,'DWD RAW File'!$AG:$AG,$C$1,'DWD RAW File'!$AB:$AB,"Present")>0,"7th Day OT","OFF"), IF(COUNTIFS('DWD RAW File'!$E:$E,$B42,'DWD RAW File'!$AB:$AB,"Present")>0, "P", IF(COUNTIFS('DWD RAW File'!$E:$E,$B42,'DWD RAW File'!$AB:$AB,"Not Present",'DWD RAW File'!$AK:$AK,"<>")>0, _xlfn.XLOOKUP($B42,'DWD RAW File'!$E:$E,'DWD RAW File'!$AK:$AK,""), IF(COUNTIFS('DWD RAW File'!$E:$E,$B42,'DWD RAW File'!$AB:$AB,"Not Present",'DWD RAW File'!$AL:$AL,"<>")>0, _xlfn.XLOOKUP($B42,'DWD RAW File'!$E:$E,'DWD RAW File'!$AL:$AL,""), "AB"))))) -> OFF | V42: 46048 | W42: Customer Returns | X42: =VLOOKUP(Table1[[#This Row],[Psoft No]],[2]Roster_1788384531598!$E$1:$AU$1334,28,0) -> Tuesday | Y42: =Table1[[#This Row],[Column1]]=Table1[[#This Row],[OFF1]] -> TRUE
A43: 37 | B43: 206016551 | C43: brigtawu | D43: BRIGHTONTAWUYANARGWO | E43: Temporary | F43: UAE | G43: AUH1 | H43: FC | I43: 1299 | J43: =VLOOKUP(Table1[[#This Row],[Psoft No]],[1]Roster!$C$1:$AJ$1369,9,0) -> Day Shift | K43: NA | L43: =VLOOKUP(Table1[[#This Row],[Psoft No]],[1]Roster!$C$1:$AJ$1369,11,0) -> Saturday | M43: =VLOOKUP(Table1[[#This Row],[Psoft No]],[1]Roster!$C$1:$AJ$1369,12,0) -> Sunday | N43: Warehouse Associate 8W | O43: CRET | P43: Direct | Q43: Fastlink | R43: aanso | S43: Sohail,Anis | T43: =IF(COUNTIFS('DWD RAW File'!$E:$E,$B43,'DWD RAW File'!$AF:$AF,$C$1)>0, IF(COUNTIFS('DWD RAW File'!$E:$E,$B43,'DWD RAW File'!$AF:$AF,$C$1,'DWD RAW File'!$AB:$AB,"Present")>0,"6th Day OT","OFF"), IF(COUNTIFS('DWD RAW File'!$E:$E,$B43,'DWD RAW File'!$AG:$AG,$C$1)>0, IF(COUNTIFS('DWD RAW File'!$E:$E,$B43,'DWD RAW File'!$AG:$AG,$C$1,'DWD RAW File'!$AB:$AB,"Present")>0,"7th Day OT","OFF"), IF(COUNTIFS('DWD RAW File'!$E:$E,$B43,'DWD RAW File'!$AB:$AB,"Present")>0, "P", IF(COUNTIFS('DWD RAW File'!$E:$E,$B43,'DWD RAW File'!$AB:$AB,"Not Present",'DWD RAW File'!$AK:$AK,"<>")>0, _xlfn.XLOOKUP($B43,'DWD RAW File'!$E:$E,'DWD RAW File'!$AK:$AK,""), IF(COUNTIFS('DWD RAW File'!$E:$E,$B43,'DWD RAW File'!$AB:$AB,"Not Present",'DWD RAW File'!$AL:$AL,"<>")>0, _xlfn.XLOOKUP($B43,'DWD RAW File'!$E:$E,'DWD RAW File'!$AL:$AL,""), "AB"))))) -> P | V43: 45915 | W43: Customer Returns | X43: =VLOOKUP(Table1[[#This Row],[Psoft No]],[2]Roster_1788384531598!$E$1:$AU$1334,28,0) -> Saturday | Y43: =Table1[[#This Row],[Column1]]=Table1[[#This Row],[OFF1]] -> TRUE
A44: 38 | B44: 203741547 | C44: okrahcha | D44: CHARLESOKRAH | E44: Temporary | F44: UAE | G44: AUH1 | H44: FC | I44: 1299 | J44: =VLOOKUP(Table1[[#This Row],[Psoft No]],[1]Roster!$C$1:$AJ$1369,9,0) -> Day Shift | K44: NA | L44: =VLOOKUP(Table1[[#This Row],[Psoft No]],[1]Roster!$C$1:$AJ$1369,11,0) -> Friday | M44: =VLOOKUP(Table1[[#This Row],[Psoft No]],[1]Roster!$C$1:$AJ$1369,12,0) -> Saturday | N44: Warehouse Associate 12M | O44: CRET | P44: Direct | Q44: Fastlink | R44: aanso | S44: Sohail,Anis | T44: =IF(COUNTIFS('DWD RAW File'!$E:$E,$B44,'DWD RAW File'!$AF:$AF,$C$1)>0, IF(COUNTIFS('DWD RAW File'!$E:$E,$B44,'DWD RAW File'!$AF:$AF,$C$1,'DWD RAW File'!$AB:$AB,"Present")>0,"6th Day OT","OFF"), IF(COUNTIFS('DWD RAW File'!$E:$E,$B44,'DWD RAW File'!$AG:$AG,$C$1)>0, IF(COUNTIFS('DWD RAW File'!$E:$E,$B44,'DWD RAW File'!$AG:$AG,$C$1,'DWD RAW File'!$AB:$AB,"Present")>0,"7th Day OT","OFF"), IF(COUNTIFS('DWD RAW File'!$E:$E,$B44,'DWD RAW File'!$AB:$AB,"Present")>0, "P", IF(COUNTIFS('DWD RAW File'!$E:$E,$B44,'DWD RAW File'!$AB:$AB,"Not Present",'DWD RAW File'!$AK:$AK,"<>")>0, _xlfn.XLOOKUP($B44,'DWD RAW File'!$E:$E,'DWD RAW File'!$AK:$AK,""), IF(COUNTIFS('DWD RAW File'!$E:$E,$B44,'DWD RAW File'!$AB:$AB,"Not Present",'DWD RAW File'!$AL:$AL,"<>")>0, _xlfn.XLOOKUP($B44,'DWD RAW File'!$E:$E,'DWD RAW File'!$AL:$AL,""), "AB"))))) -> P | V44: 45517 | W44: Customer Returns | X44: =VLOOKUP(Table1[[#This Row],[Psoft No]],[2]Roster_1788384531598!$E$1:$AU$1334,28,0) -> Friday | Y44: =Table1[[#This Row],[Column1]]=Table1[[#This Row],[OFF1]] -> TRUE
A45: 39 | B45: 205608617 | C45: chaoseip | D45: CHARLESOSEI-POKU | E45: Temporary | F45: UAE | G45: AUH1 | H45: FC | I45: 1299 | J45: =VLOOKUP(Table1[[#This Row],[Psoft No]],[1]Roster!$C$1:$AJ$1369,9,0) -> Day Shift | K45: NA | L45: =VLOOKUP(Table1[[#This Row],[Psoft No]],[1]Roster!$C$1:$AJ$1369,11,0) -> Monday | M45: =VLOOKUP(Table1[[#This Row],[Psoft No]],[1]Roster!$C$1:$AJ$1369,12,0) -> Tuesday | N45: Warehouse Associate 8W | O45: CRET | P45: Direct | Q45: Dulsco | R45: aanso | S45: Sohail,Anis | T45: PL | V45: 45845 | W45: Customer Returns | X45: =VLOOKUP(Table1[[#This Row],[Psoft No]],[2]Roster_1788384531598!$E$1:$AU$1334,28,0) -> Monday | Y45: =Table1[[#This Row],[Column1]]=Table1[[#This Row],[OFF1]] -> TRUE
A46: 40 | B46: 206953974 | C46: chawezih | D46: CHAWEZI GERESHOM HARAWA | E46: Temporary | F46: UAE | G46: AUH1 | H46: FC | I46: 1299 | J46: =VLOOKUP(Table1[[#This Row],[Psoft No]],[1]Roster!$C$1:$AJ$1369,9,0) -> Day Shift | K46: NA | L46: =VLOOKUP(Table1[[#This Row],[Psoft No]],[1]Roster!$C$1:$AJ$1369,11,0) -> Tuesday | M46: =VLOOKUP(Table1[[#This Row],[Psoft No]],[1]Roster!$C$1:$AJ$1369,12,0) -> Wednesday | N46: Warehouse Associate 24M | O46: CRET | P46: Direct | Q46: Dulsco | R46: aanso | S46: Sohail,Anis | T46: =IF(COUNTIFS('DWD RAW File'!$E:$E,$B46,'DWD RAW File'!$AF:$AF,$C$1)>0, IF(COUNTIFS('DWD RAW File'!$E:$E,$B46,'DWD RAW File'!$AF:$AF,$C$1,'DWD RAW File'!$AB:$AB,"Present")>0,"6th Day OT","OFF"), IF(COUNTIFS('DWD RAW File'!$E:$E,$B46,'DWD RAW File'!$AG:$AG,$C$1)>0, IF(COUNTIFS('DWD RAW File'!$E:$E,$B46,'DWD RAW File'!$AG:$AG,$C$1,'DWD RAW File'!$AB:$AB,"Present")>0,"7th Day OT","OFF"), IF(COUNTIFS('DWD RAW File'!$E:$E,$B46,'DWD RAW File'!$AB:$AB,"Present")>0, "P", IF(COUNTIFS('DWD RAW File'!$E:$E,$B46,'DWD RAW File'!$AB:$AB,"Not Present",'DWD RAW File'!$AK:$AK,"<>")>0, _xlfn.XLOOKUP($B46,'DWD RAW File'!$E:$E,'DWD RAW File'!$AK:$AK,""), IF(COUNTIFS('DWD RAW File'!$E:$E,$B46,'DWD RAW File'!$AB:$AB,"Not Present",'DWD RAW File'!$AL:$AL,"<>")>0, _xlfn.XLOOKUP($B46,'DWD RAW File'!$E:$E,'DWD RAW File'!$AL:$AL,""), "AB"))))) -> OFF | V46: 46048 | W46: Customer Returns | X46: =VLOOKUP(Table1[[#This Row],[Psoft No]],[2]Roster_1788384531598!$E$1:$AU$1334,28,0) -> Tuesday | Y46: =Table1[[#This Row],[Column1]]=Table1[[#This Row],[OFF1]] -> TRUE
A47: 41 | B47: 203555403 | C47: chsampan | D47: ChristianaYamigmahSampana | E47: Temporary | F47: UAE | G47: AUH1 | H47: FC | I47: 1299 | J47: =VLOOKUP(Table1[[#This Row],[Psoft No]],[1]Roster!$C$1:$AJ$1369,9,0) -> Day Shift | K47: NA | L47: =VLOOKUP(Table1[[#This Row],[Psoft No]],[1]Roster!$C$1:$AJ$1369,11,0) -> Saturday | M47: =VLOOKUP(Table1[[#This Row],[Psoft No]],[1]Roster!$C$1:$AJ$1369,12,0) -> Sunday | N47: Warehouse Associate 12M | O47: CRET | P47: Direct | Q47: Fastlink | R47: aanso | S47: Sohail,Anis | T47: =IF(COUNTIFS('DWD RAW File'!$E:$E,$B47,'DWD RAW File'!$AF:$AF,$C$1)>0, IF(COUNTIFS('DWD RAW File'!$E:$E,$B47,'DWD RAW File'!$AF:$AF,$C$1,'DWD RAW File'!$AB:$AB,"Present")>0,"6th Day OT","OFF"), IF(COUNTIFS('DWD RAW File'!$E:$E,$B47,'DWD RAW File'!$AG:$AG,$C$1)>0, IF(COUNTIFS('DWD RAW File'!$E:$E,$B47,'DWD RAW File'!$AG:$AG,$C$1,'DWD RAW File'!$AB:$AB,"Present")>0,"7th Day OT","OFF"), IF(COUNTIFS('DWD RAW File'!$E:$E,$B47,'DWD RAW File'!$AB:$AB,"Present")>0, "P", IF(COUNTIFS('DWD RAW File'!$E:$E,$B47,'DWD RAW File'!$AB:$AB,"Not Present",'DWD RAW File'!$AK:$AK,"<>")>0, _xlfn.XLOOKUP($B47,'DWD RAW File'!$E:$E,'DWD RAW File'!$AK:$AK,""), IF(COUNTIFS('DWD RAW File'!$E:$E,$B47,'DWD RAW File'!$AB:$AB,"Not Present",'DWD RAW File'!$AL:$AL,"<>")>0, _xlfn.XLOOKUP($B47,'DWD RAW File'!$E:$E,'DWD RAW File'!$AL:$AL,""), "AB"))))) -> P | V47: 45470 | W47: Customer Returns | X47: =VLOOKUP(Table1[[#This Row],[Psoft No]],[2]Roster_1788384531598!$E$1:$AU$1334,28,0) -> Saturday | Y47: =Table1[[#This Row],[Column1]]=Table1[[#This Row],[OFF1]] -> TRUE
A48: 42 | B48: 203469458 | C48: ndanzyco | D48: CongratesMoforkengNdanze | E48: Temporary | F48: UAE | G48: AUH1 | H48: FC | I48: 1299 | J48: =VLOOKUP(Table1[[#This Row],[Psoft No]],[1]Roster!$C$1:$AJ$1369,9,0) -> Day Shift | K48: NA | L48: =VLOOKUP(Table1[[#This Row],[Psoft No]],[1]Roster!$C$1:$AJ$1369,11,0) -> Monday | M48: =VLOOKUP(Table1[[#This Row],[Psoft No]],[1]Roster!$C$1:$AJ$1369,12,0) -> Tuesday | N48: Warehouse Associate 24M | O48: CRET | P48: Direct | Q48: Adecco | R48: aanso | S48: Sohail,Anis | T48: PL | V48: 45456 | W48: Customer Returns | X48: =VLOOKUP(Table1[[#This Row],[Psoft No]],[2]Roster_1788384531598!$E$1:$AU$1334,28,0) -> Monday | Y48: =Table1[[#This Row],[Column1]]=Table1[[#This Row],[OFF1]] -> TRUE
A49: 43 | B49: 206072867 | C49: ngabirco | D49: CosmaNgabirano | E49: Temporary | F49: UAE | G49: AUH1 | H49: FC | I49: 1299 | J49: =VLOOKUP(Table1[[#This Row],[Psoft No]],[1]Roster!$C$1:$AJ$1369,9,0) -> Day Shift | K49: NA | L49: =VLOOKUP(Table1[[#This Row],[Psoft No]],[1]Roster!$C$1:$AJ$1369,11,0) -> Sunday | M49: =VLOOKUP(Table1[[#This Row],[Psoft No]],[1]Roster!$C$1:$AJ$1369,12,0) -> Monday | N49: Warehouse Associate 8W | O49: CRET | P49: Direct | Q49: Fastlink | R49: aanso | S49: Sohail,Anis | T49: =IF(COUNTIFS('DWD RAW File'!$E:$E,$B49,'DWD RAW File'!$AF:$AF,$C$1)>0, IF(COUNTIFS('DWD RAW File'!$E:$E,$B49,'DWD RAW File'!$AF:$AF,$C$1,'DWD RAW File'!$AB:$AB,"Present")>0,"6th Day OT","OFF"), IF(COUNTIFS('DWD RAW File'!$E:$E,$B49,'DWD RAW File'!$AG:$AG,$C$1)>0, IF(COUNTIFS('DWD RAW File'!$E:$E,$B49,'DWD RAW File'!$AG:$AG,$C$1,'DWD RAW File'!$AB:$AB,"Present")>0,"7th Day OT","OFF"), IF(COUNTIFS('DWD RAW File'!$E:$E,$B49,'DWD RAW File'!$AB:$AB,"Present")>0, "P", IF(COUNTIFS('DWD RAW File'!$E:$E,$B49,'DWD RAW File'!$AB:$AB,"Not Present",'DWD RAW File'!$AK:$AK,"<>")>0, _xlfn.XLOOKUP($B49,'DWD RAW File'!$E:$E,'DWD RAW File'!$AK:$AK,""), IF(COUNTIFS('DWD RAW File'!$E:$E,$B49,'DWD RAW File'!$AB:$AB,"Not Present",'DWD RAW File'!$AL:$AL,"<>")>0, _xlfn.XLOOKUP($B49,'DWD RAW File'!$E:$E,'DWD RAW File'!$AL:$AL,""), "AB"))))) -> P | V49: 45922 | W49: Customer Returns | X49: =VLOOKUP(Table1[[#This Row],[Psoft No]],[2]Roster_1788384531598!$E$1:$AU$1334,28,0) -> Sunday | Y49: =Table1[[#This Row],[Column1]]=Table1[[#This Row],[OFF1]] -> TRUE
A50: 44 | B50: 206953984 | C50: kamwadan | D50: DANIEL KAMWATHENDO | E50: Temporary | F50: UAE | G50: AUH1 | H50: FC | I50: 1299 | J50: =VLOOKUP(Table1[[#This Row],[Psoft No]],[1]Roster!$C$1:$AJ$1369,9,0) -> Day Shift | K50: NA | L50: =VLOOKUP(Table1[[#This Row],[Psoft No]],[1]Roster!$C$1:$AJ$1369,11,0) -> Friday | M50: =VLOOKUP(Table1[[#This Row],[Psoft No]],[1]Roster!$C$1:$AJ$1369,12,0) -> Saturday | N50: Warehouse Associate 24M | O50: CRET | P50: Direct | Q50: Dulsco | R50: aanso | S50: Sohail,Anis | T50: =IF(COUNTIFS('DWD RAW File'!$E:$E,$B50,'DWD RAW File'!$AF:$AF,$C$1)>0, IF(COUNTIFS('DWD RAW File'!$E:$E,$B50,'DWD RAW File'!$AF:$AF,$C$1,'DWD RAW File'!$AB:$AB,"Present")>0,"6th Day OT","OFF"), IF(COUNTIFS('DWD RAW File'!$E:$E,$B50,'DWD RAW File'!$AG:$AG,$C$1)>0, IF(COUNTIFS('DWD RAW File'!$E:$E,$B50,'DWD RAW File'!$AG:$AG,$C$1,'DWD RAW File'!$AB:$AB,"Present")>0,"7th Day OT","OFF"), IF(COUNTIFS('DWD RAW File'!$E:$E,$B50,'DWD RAW File'!$AB:$AB,"Present")>0, "P", IF(COUNTIFS('DWD RAW File'!$E:$E,$B50,'DWD RAW File'!$AB:$AB,"Not Present",'DWD RAW File'!$AK:$AK,"<>")>0, _xlfn.XLOOKUP($B50,'DWD RAW File'!$E:$E,'DWD RAW File'!$AK:$AK,""), IF(COUNTIFS('DWD RAW File'!$E:$E,$B50,'DWD RAW File'!$AB:$AB,"Not Present",'DWD RAW File'!$AL:$AL,"<>")>0, _xlfn.XLOOKUP($B50,'DWD RAW File'!$E:$E,'DWD RAW File'!$AL:$AL,""), "AB"))))) -> P | V50: 46048 | W50: Customer Returns | X50: =VLOOKUP(Table1[[#This Row],[Psoft No]],[2]Roster_1788384531598!$E$1:$AU$1334,28,0) -> Friday | Y50: =Table1[[#This Row],[Column1]]=Table1[[#This Row],[OFF1]] -> TRUE
A51: 45 | B51: 203469449 | C51: daniboah | D51: DanielBoahen | E51: Temporary | F51: UAE | G51: AUH1 | H51: FC | I51: 1299 | J51: =VLOOKUP(Table1[[#This Row],[Psoft No]],[1]Roster!$C$1:$AJ$1369,9,0) -> Day Shift | K51: NA | L51: =VLOOKUP(Table1[[#This Row],[Psoft No]],[1]Roster!$C$1:$AJ$1369,11,0) -> Friday | M51: =VLOOKUP(Table1[[#This Row],[Psoft No]],[1]Roster!$C$1:$AJ$1369,12,0) -> Saturday | N51: Warehouse Associate 24M | O51: CRET | P51: Direct | Q51: Adecco | R51: aanso | S51: Sohail,Anis | T51: =IF(COUNTIFS('DWD RAW File'!$E:$E,$B51,'DWD RAW File'!$AF:$AF,$C$1)>0, IF(COUNTIFS('DWD RAW File'!$E:$E,$B51,'DWD RAW File'!$AF:$AF,$C$1,'DWD RAW File'!$AB:$AB,"Present")>0,"6th Day OT","OFF"), IF(COUNTIFS('DWD RAW File'!$E:$E,$B51,'DWD RAW File'!$AG:$AG,$C$1)>0, IF(COUNTIFS('DWD RAW File'!$E:$E,$B51,'DWD RAW File'!$AG:$AG,$C$1,'DWD RAW File'!$AB:$AB,"Present")>0,"7th Day OT","OFF"), IF(COUNTIFS('DWD RAW File'!$E:$E,$B51,'DWD RAW File'!$AB:$AB,"Present")>0, "P", IF(COUNTIFS('DWD RAW File'!$E:$E,$B51,'DWD RAW File'!$AB:$AB,"Not Present",'DWD RAW File'!$AK:$AK,"<>")>0, _xlfn.XLOOKUP($B51,'DWD RAW File'!$E:$E,'DWD RAW File'!$AK:$AK,""), IF(COUNTIFS('DWD RAW File'!$E:$E,$B51,'DWD RAW File'!$AB:$AB,"Not Present",'DWD RAW File'!$AL:$AL,"<>")>0, _xlfn.XLOOKUP($B51,'DWD RAW File'!$E:$E,'DWD RAW File'!$AL:$AL,""), "AB"))))) -> P | V51: 45456 | W51: Customer Returns | X51: =VLOOKUP(Table1[[#This Row],[Psoft No]],[2]Roster_1788384531598!$E$1:$AU$1334,28,0) -> Friday | Y51: =Table1[[#This Row],[Column1]]=Table1[[#This Row],[OFF1]] -> TRUE
A52: 46 | B52: 204299548 | C52: tamahdan | D52: DanielKwekuTamah | E52: Temporary | F52: UAE | G52: AUH1 | H52: FC | I52: 1299 | J52: =VLOOKUP(Table1[[#This Row],[Psoft No]],[1]Roster!$C$1:$AJ$1369,9,0) -> Day Shift | K52: NA | L52: =VLOOKUP(Table1[[#This Row],[Psoft No]],[1]Roster!$C$1:$AJ$1369,11,0) -> Saturday | M52: =VLOOKUP(Table1[[#This Row],[Psoft No]],[1]Roster!$C$1:$AJ$1369,12,0) -> Sunday | N52: Warehouse Associate 8W | O52: CRET | P52: Direct | Q52: Quesscorp | R52: aanso | S52: Sohail,Anis | T52: =IF(COUNTIFS('DWD RAW File'!$E:$E,$B52,'DWD RAW File'!$AF:$AF,$C$1)>0, IF(COUNTIFS('DWD RAW File'!$E:$E,$B52,'DWD RAW File'!$AF:$AF,$C$1,'DWD RAW File'!$AB:$AB,"Present")>0,"6th Day OT","OFF"), IF(COUNTIFS('DWD RAW File'!$E:$E,$B52,'DWD RAW File'!$AG:$AG,$C$1)>0, IF(COUNTIFS('DWD RAW File'!$E:$E,$B52,'DWD RAW File'!$AG:$AG,$C$1,'DWD RAW File'!$AB:$AB,"Present")>0,"7th Day OT","OFF"), IF(COUNTIFS('DWD RAW File'!$E:$E,$B52,'DWD RAW File'!$AB:$AB,"Present")>0, "P", IF(COUNTIFS('DWD RAW File'!$E:$E,$B52,'DWD RAW File'!$AB:$AB,"Not Present",'DWD RAW File'!$AK:$AK,"<>")>0, _xlfn.XLOOKUP($B52,'DWD RAW File'!$E:$E,'DWD RAW File'!$AK:$AK,""), IF(COUNTIFS('DWD RAW File'!$E:$E,$B52,'DWD RAW File'!$AB:$AB,"Not Present",'DWD RAW File'!$AL:$AL,"<>")>0, _xlfn.XLOOKUP($B52,'DWD RAW File'!$E:$E,'DWD RAW File'!$AL:$AL,""), "AB"))))) -> P | V52: 45586 | W52: Customer Returns | X52: =VLOOKUP(Table1[[#This Row],[Psoft No]],[2]Roster_1788384531598!$E$1:$AU$1334,28,0) -> Saturday | Y52: =Table1[[#This Row],[Column1]]=Table1[[#This Row],[OFF1]] -> TRUE
A53: 47 | B53: 203469051 | C53: bowusuda | D53: DanielOwusu | E53: Temporary | F53: UAE | G53: AUH1 | H53: FC | I53: 1299 | J53: =VLOOKUP(Table1[[#This Row],[Psoft No]],[1]Roster!$C$1:$AJ$1369,9,0) -> Day Shift | K53: NA | L53: =VLOOKUP(Table1[[#This Row],[Psoft No]],[1]Roster!$C$1:$AJ$1369,11,0) -> Tuesday | M53: =VLOOKUP(Table1[[#This Row],[Psoft No]],[1]Roster!$C$1:$AJ$1369,12,0) -> Wednesday | N53: Warehouse Associate 12M | O53: CRET | P53: Direct | Q53: Fastlink | R53: aanso | S53: Sohail,Anis | T53: =IF(COUNTIFS('DWD RAW File'!$E:$E,$B53,'DWD RAW File'!$AF:$AF,$C$1)>0, IF(COUNTIFS('DWD RAW File'!$E:$E,$B53,'DWD RAW File'!$AF:$AF,$C$1,'DWD RAW File'!$AB:$AB,"Present")>0,"6th Day OT","OFF"), IF(COUNTIFS('DWD RAW File'!$E:$E,$B53,'DWD RAW File'!$AG:$AG,$C$1)>0, IF(COUNTIFS('DWD RAW File'!$E:$E,$B53,'DWD RAW File'!$AG:$AG,$C$1,'DWD RAW File'!$AB:$AB,"Present")>0,"7th Day OT","OFF"), IF(COUNTIFS('DWD RAW File'!$E:$E,$B53,'DWD RAW File'!$AB:$AB,"Present")>0, "P", IF(COUNTIFS('DWD RAW File'!$E:$E,$B53,'DWD RAW File'!$AB:$AB,"Not Present",'DWD RAW File'!$AK:$AK,"<>")>0, _xlfn.XLOOKUP($B53,'DWD RAW File'!$E:$E,'DWD RAW File'!$AK:$AK,""), IF(COUNTIFS('DWD RAW File'!$E:$E,$B53,'DWD RAW File'!$AB:$AB,"Not Present",'DWD RAW File'!$AL:$AL,"<>")>0, _xlfn.XLOOKUP($B53,'DWD RAW File'!$E:$E,'DWD RAW File'!$AL:$AL,""), "AB"))))) -> OFF | V53: 45456 | W53: Customer Returns | X53: =VLOOKUP(Table1[[#This Row],[Psoft No]],[2]Roster_1788384531598!$E$1:$AU$1334,28,0) -> Tuesday | Y53: =Table1[[#This Row],[Column1]]=Table1[[#This Row],[OFF1]] -> TRUE
A54: 48 | B54: 204299544 | C54: daangmor | D54: DanielTeye-KwasiAngmortey | E54: Temporary | F54: UAE | G54: AUH1 | H54: FC | I54: 1299 | J54: =VLOOKUP(Table1[[#This Row],[Psoft No]],[1]Roster!$C$1:$AJ$1369,9,0) -> Night Shift | K54: NA | L54: OT | M54: =VLOOKUP(Table1[[#This Row],[Psoft No]],[1]Roster!$C$1:$AJ$1369,12,0) -> Thursday | N54: Warehouse Associate 24M | O54: CRET | P54: Direct | Q54: Quesscorp | R54: aanso | S54: Sohail,Anis | T54: P | U54: 6th Day OT | V54: 45586 | W54: Customer Returns | X54: =VLOOKUP(Table1[[#This Row],[Psoft No]],[2]Roster_1788384531598!$E$1:$AU$1334,28,0) -> Wednesday | Y54: =Table1[[#This Row],[Column1]]=Table1[[#This Row],[OFF1]] -> FALSE
A55: 49 | B55: 206949308 | C55: dxogwang | D55: DAVID OGWANG | E55: Temporary | F55: UAE | G55: AUH1 | H55: FC | I55: 1299 | J55: =VLOOKUP(Table1[[#This Row],[Psoft No]],[1]Roster!$C$1:$AJ$1369,9,0) -> Day Shift | K55: NA | L55: =VLOOKUP(Table1[[#This Row],[Psoft No]],[1]Roster!$C$1:$AJ$1369,11,0) -> Tuesday | M55: =VLOOKUP(Table1[[#This Row],[Psoft No]],[1]Roster!$C$1:$AJ$1369,12,0) -> Wednesday | N55: Warehouse Associate 24M | O55: CRET | P55: Direct | Q55: Dulsco | R55: aanso | S55: Sohail,Anis | T55: =IF(COUNTIFS('DWD RAW File'!$E:$E,$B55,'DWD RAW File'!$AF:$AF,$C$1)>0, IF(COUNTIFS('DWD RAW File'!$E:$E,$B55,'DWD RAW File'!$AF:$AF,$C$1,'DWD RAW File'!$AB:$AB,"Present")>0,"6th Day OT","OFF"), IF(COUNTIFS('DWD RAW File'!$E:$E,$B55,'DWD RAW File'!$AG:$AG,$C$1)>0, IF(COUNTIFS('DWD RAW File'!$E:$E,$B55,'DWD RAW File'!$AG:$AG,$C$1,'DWD RAW File'!$AB:$AB,"Present")>0,"7th Day OT","OFF"), IF(COUNTIFS('DWD RAW File'!$E:$E,$B55,'DWD RAW File'!$AB:$AB,"Present")>0, "P", IF(COUNTIFS('DWD RAW File'!$E:$E,$B55,'DWD RAW File'!$AB:$AB,"Not Present",'DWD RAW File'!$AK:$AK,"<>")>0, _xlfn.XLOOKUP($B55,'DWD RAW File'!$E:$E,'DWD RAW File'!$AK:$AK,""), IF(COUNTIFS('DWD RAW File'!$E:$E,$B55,'DWD RAW File'!$AB:$AB,"Not Present",'DWD RAW File'!$AL:$AL,"<>")>0, _xlfn.XLOOKUP($B55,'DWD RAW File'!$E:$E,'DWD RAW File'!$AL:$AL,""), "AB"))))) -> OFF | V55: 46048 | W55: Customer Returns | X55: =VLOOKUP(Table1[[#This Row],[Psoft No]],[2]Roster_1788384531598!$E$1:$AU$1334,28,0) -> Tuesday | Y55: =Table1[[#This Row],[Column1]]=Table1[[#This Row],[OFF1]] -> TRUE
A56: 50 | B56: 206949309 | C56: devssebb | D56: DEVIS SSEBBUGGA | E56: Temporary | F56: UAE | G56: AUH1 | H56: FC | I56: 1299 | J56: =VLOOKUP(Table1[[#This Row],[Psoft No]],[1]Roster!$C$1:$AJ$1369,9,0) -> Night Shift | K56: NA | L56: =VLOOKUP(Table1[[#This Row],[Psoft No]],[1]Roster!$C$1:$AJ$1369,11,0) -> Tuesday | M56: =VLOOKUP(Table1[[#This Row],[Psoft No]],[1]Roster!$C$1:$AJ$1369,12,0) -> Wednesday | N56: Warehouse Associate 24M | O56: CRET | P56: Direct | Q56: Dulsco | R56: aanso | S56: Sohail,Anis | T56: =IF(COUNTIFS('DWD RAW File'!$E:$E,$B56,'DWD RAW File'!$AF:$AF,$C$1)>0, IF(COUNTIFS('DWD RAW File'!$E:$E,$B56,'DWD RAW File'!$AF:$AF,$C$1,'DWD RAW File'!$AB:$AB,"Present")>0,"6th Day OT","OFF"), IF(COUNTIFS('DWD RAW File'!$E:$E,$B56,'DWD RAW File'!$AG:$AG,$C$1)>0, IF(COUNTIFS('DWD RAW File'!$E:$E,$B56,'DWD RAW File'!$AG:$AG,$C$1,'DWD RAW File'!$AB:$AB,"Present")>0,"7th Day OT","OFF"), IF(COUNTIFS('DWD RAW File'!$E:$E,$B56,'DWD RAW File'!$AB:$AB,"Present")>0, "P", IF(COUNTIFS('DWD RAW File'!$E:$E,$B56,'DWD RAW File'!$AB:$AB,"Not Present",'DWD RAW File'!$AK:$AK,"<>")>0, _xlfn.XLOOKUP($B56,'DWD RAW File'!$E:$E,'DWD RAW File'!$AK:$AK,""), IF(COUNTIFS('DWD RAW File'!$E:$E,$B56,'DWD RAW File'!$AB:$AB,"Not Present",'DWD RAW File'!$AL:$AL,"<>")>0, _xlfn.XLOOKUP($B56,'DWD RAW File'!$E:$E,'DWD RAW File'!$AL:$AL,""), "AB"))))) -> OFF | V56: 46048 | W56: Customer Returns | X56: =VLOOKUP(Table1[[#This Row],[Psoft No]],[2]Roster_1788384531598!$E$1:$AU$1334,28,0) -> Tuesday | Y56: =Table1[[#This Row],[Column1]]=Table1[[#This Row],[OFF1]] -> TRUE
A57: 51 | B57: 102207650 | C57: SUNDARAD | D57: DhakshinamoorthySundaramoorthy | E57: Regular | F57: UAE | G57: AUH1 | H57: FC | I57: 1299 | J57: =VLOOKUP(Table1[[#This Row],[Psoft No]],[1]Roster!$C$1:$AJ$1369,9,0) -> Day Shift | K57: NA | L57: OT | M57: =VLOOKUP(Table1[[#This Row],[Psoft No]],[1]Roster!$C$1:$AJ$1369,12,0) -> Thursday | N57: FC Associate I | O57: CRET | P57: Direct | Q57: Blue Badge | R57: aanso | S57: Sohail,Anis | T57: P | U57: 6th Day OT | V57: 42868 | W57: Customer Returns | X57: =VLOOKUP(Table1[[#This Row],[Psoft No]],[2]Roster_1788384531598!$E$1:$AU$1334,28,0) -> Wednesday | Y57: =Table1[[#This Row],[Column1]]=Table1[[#This Row],[OFF1]] -> FALSE
A58: 52 | B58: 204095444 | C58: larteydo | D58: DorcasLarteleyLartey | E58: Temporary | F58: UAE | G58: AUH1 | H58: FC | I58: 1299 | J58: =VLOOKUP(Table1[[#This Row],[Psoft No]],[1]Roster!$C$1:$AJ$1369,9,0) -> Night Shift | K58: NA | L58: =VLOOKUP(Table1[[#This Row],[Psoft No]],[1]Roster!$C$1:$AJ$1369,11,0) -> Thursday | M58: =VLOOKUP(Table1[[#This Row],[Psoft No]],[1]Roster!$C$1:$AJ$1369,12,0) -> Friday | N58: Warehouse Associate 24M | O58: CRET | P58: Direct | Q58: Quesscorp | R58: aanso | S58: Sohail,Anis | T58: =IF(COUNTIFS('DWD RAW File'!$E:$E,$B58,'DWD RAW File'!$AF:$AF,$C$1)>0, IF(COUNTIFS('DWD RAW File'!$E:$E,$B58,'DWD RAW File'!$AF:$AF,$C$1,'DWD RAW File'!$AB:$AB,"Present")>0,"6th Day OT","OFF"), IF(COUNTIFS('DWD RAW File'!$E:$E,$B58,'DWD RAW File'!$AG:$AG,$C$1)>0, IF(COUNTIFS('DWD RAW File'!$E:$E,$B58,'DWD RAW File'!$AG:$AG,$C$1,'DWD RAW File'!$AB:$AB,"Present")>0,"7th Day OT","OFF"), IF(COUNTIFS('DWD RAW File'!$E:$E,$B58,'DWD RAW File'!$AB:$AB,"Present")>0, "P", IF(COUNTIFS('DWD RAW File'!$E:$E,$B58,'DWD RAW File'!$AB:$AB,"Not Present",'DWD RAW File'!$AK:$AK,"<>")>0, _xlfn.XLOOKUP($B58,'DWD RAW File'!$E:$E,'DWD RAW File'!$AK:$AK,""), IF(COUNTIFS('DWD RAW File'!$E:$E,$B58,'DWD RAW File'!$AB:$AB,"Not Present",'DWD RAW File'!$AL:$AL,"<>")>0, _xlfn.XLOOKUP($B58,'DWD RAW File'!$E:$E,'DWD RAW File'!$AL:$AL,""), "AB"))))) -> P | V58: 45561 | W58: Customer Returns | X58: =VLOOKUP(Table1[[#This Row],[Psoft No]],[2]Roster_1788384531598!$E$1:$AU$1334,28,0) -> Thursday | Y58: =Table1[[#This Row],[Column1]]=Table1[[#This Row],[OFF1]] -> TRUE
A59: 53 | B59: 206348021 | C59: getaMale | D59: EdwardTaMale | E59: Temporary | F59: UAE | G59: AUH1 | H59: FC | I59: 1299 | J59: =VLOOKUP(Table1[[#This Row],[Psoft No]],[1]Roster!$C$1:$AJ$1369,9,0) -> Night Shift | K59: NA | L59: =VLOOKUP(Table1[[#This Row],[Psoft No]],[1]Roster!$C$1:$AJ$1369,11,0) -> Sunday | M59: =VLOOKUP(Table1[[#This Row],[Psoft No]],[1]Roster!$C$1:$AJ$1369,12,0) -> Monday | N59: Warehouse Associate 12M | O59: CRET | P59: Direct | Q59: Fastlink | R59: aanso | S59: Sohail,Anis | T59: =IF(COUNTIFS('DWD RAW File'!$E:$E,$B59,'DWD RAW File'!$AF:$AF,$C$1)>0, IF(COUNTIFS('DWD RAW File'!$E:$E,$B59,'DWD RAW File'!$AF:$AF,$C$1,'DWD RAW File'!$AB:$AB,"Present")>0,"6th Day OT","OFF"), IF(COUNTIFS('DWD RAW File'!$E:$E,$B59,'DWD RAW File'!$AG:$AG,$C$1)>0, IF(COUNTIFS('DWD RAW File'!$E:$E,$B59,'DWD RAW File'!$AG:$AG,$C$1,'DWD RAW File'!$AB:$AB,"Present")>0,"7th Day OT","OFF"), IF(COUNTIFS('DWD RAW File'!$E:$E,$B59,'DWD RAW File'!$AB:$AB,"Present")>0, "P", IF(COUNTIFS('DWD RAW File'!$E:$E,$B59,'DWD RAW File'!$AB:$AB,"Not Present",'DWD RAW File'!$AK:$AK,"<>")>0, _xlfn.XLOOKUP($B59,'DWD RAW File'!$E:$E,'DWD RAW File'!$AK:$AK,""), IF(COUNTIFS('DWD RAW File'!$E:$E,$B59,'DWD RAW File'!$AB:$AB,"Not Present",'DWD RAW File'!$AL:$AL,"<>")>0, _xlfn.XLOOKUP($B59,'DWD RAW File'!$E:$E,'DWD RAW File'!$AL:$AL,""), "AB"))))) -> P | V59: 45957 | W59: Customer Returns | X59: =VLOOKUP(Table1[[#This Row],[Psoft No]],[2]Roster_1788384531598!$E$1:$AU$1334,28,0) -> Sunday | Y59: =Table1[[#This Row],[Column1]]=Table1[[#This Row],[OFF1]] -> TRUE
A60: 54 | B60: 206957735 | C60: bfedwink | D60: Edwin Kiplimo Bomet | E60: Temporary | F60: UAE | G60: AUH1 | H60: FC | I60: 1299 | J60: =VLOOKUP(Table1[[#This Row],[Psoft No]],[1]Roster!$C$1:$AJ$1369,9,0) -> Day Shift | K60: NA | L60: =VLOOKUP(Table1[[#This Row],[Psoft No]],[1]Roster!$C$1:$AJ$1369,11,0) -> Monday | M60: =VLOOKUP(Table1[[#This Row],[Psoft No]],[1]Roster!$C$1:$AJ$1369,12,0) -> Tuesday | N60: Warehouse Associate 8W | O60: CRET | P60: Direct | Q60: EFS | R60: aanso | S60: Sohail,Anis | T60: =IF(COUNTIFS('DWD RAW File'!$E:$E,$B60,'DWD RAW File'!$AF:$AF,$C$1)>0, IF(COUNTIFS('DWD RAW File'!$E:$E,$B60,'DWD RAW File'!$AF:$AF,$C$1,'DWD RAW File'!$AB:$AB,"Present")>0,"6th Day OT","OFF"), IF(COUNTIFS('DWD RAW File'!$E:$E,$B60,'DWD RAW File'!$AG:$AG,$C$1)>0, IF(COUNTIFS('DWD RAW File'!$E:$E,$B60,'DWD RAW File'!$AG:$AG,$C$1,'DWD RAW File'!$AB:$AB,"Present")>0,"7th Day OT","OFF"), IF(COUNTIFS('DWD RAW File'!$E:$E,$B60,'DWD RAW File'!$AB:$AB,"Present")>0, "P", IF(COUNTIFS('DWD RAW File'!$E:$E,$B60,'DWD RAW File'!$AB:$AB,"Not Present",'DWD RAW File'!$AK:$AK,"<>")>0, _xlfn.XLOOKUP($B60,'DWD RAW File'!$E:$E,'DWD RAW File'!$AK:$AK,""), IF(COUNTIFS('DWD RAW File'!$E:$E,$B60,'DWD RAW File'!$AB:$AB,"Not Present",'DWD RAW File'!$AL:$AL,"<>")>0, _xlfn.XLOOKUP($B60,'DWD RAW File'!$E:$E,'DWD RAW File'!$AL:$AL,""), "AB"))))) -> P | V60: 46048 | W60: Customer Returns | X60: =VLOOKUP(Table1[[#This Row],[Psoft No]],[2]Roster_1788384531598!$E$1:$AU$1334,28,0) -> Monday | Y60: =Table1[[#This Row],[Column1]]=Table1[[#This Row],[OFF1]] -> TRUE
A61: 55 | B61: 203679313 | C61: kadelias | D61: EliasKaduwa | E61: Temporary | F61: UAE | G61: AUH1 | H61: FC | I61: 1299 | J61: =VLOOKUP(Table1[[#This Row],[Psoft No]],[1]Roster!$C$1:$AJ$1369,9,0) -> Day Shift | K61: NA | L61: =VLOOKUP(Table1[[#This Row],[Psoft No]],[1]Roster!$C$1:$AJ$1369,11,0) -> Thursday | M61: =VLOOKUP(Table1[[#This Row],[Psoft No]],[1]Roster!$C$1:$AJ$1369,12,0) -> Friday | N61: Warehouse Associate 12M | O61: CRET | P61: Direct | Q61: Fastlink | R61: aanso | S61: Sohail,Anis | T61: =IF(COUNTIFS('DWD RAW File'!$E:$E,$B61,'DWD RAW File'!$AF:$AF,$C$1)>0, IF(COUNTIFS('DWD RAW File'!$E:$E,$B61,'DWD RAW File'!$AF:$AF,$C$1,'DWD RAW File'!$AB:$AB,"Present")>0,"6th Day OT","OFF"), IF(COUNTIFS('DWD RAW File'!$E:$E,$B61,'DWD RAW File'!$AG:$AG,$C$1)>0, IF(COUNTIFS('DWD RAW File'!$E:$E,$B61,'DWD RAW File'!$AG:$AG,$C$1,'DWD RAW File'!$AB:$AB,"Present")>0,"7th Day OT","OFF"), IF(COUNTIFS('DWD RAW File'!$E:$E,$B61,'DWD RAW File'!$AB:$AB,"Present")>0, "P", IF(COUNTIFS('DWD RAW File'!$E:$E,$B61,'DWD RAW File'!$AB:$AB,"Not Present",'DWD RAW File'!$AK:$AK,"<>")>0, _xlfn.XLOOKUP($B61,'DWD RAW File'!$E:$E,'DWD RAW File'!$AK:$AK,""), IF(COUNTIFS('DWD RAW File'!$E:$E,$B61,'DWD RAW File'!$AB:$AB,"Not Present",'DWD RAW File'!$AL:$AL,"<>")>0, _xlfn.XLOOKUP($B61,'DWD RAW File'!$E:$E,'DWD RAW File'!$AL:$AL,""), "AB"))))) -> P | V61: 45488 | W61: Customer Returns | X61: =VLOOKUP(Table1[[#This Row],[Psoft No]],[2]Roster_1788384531598!$E$1:$AU$1334,28,0) -> Thursday | Y61: =Table1[[#This Row],[Column1]]=Table1[[#This Row],[OFF1]] -> TRUE
A62: 56 | B62: 206957724 | C62: elizmunu | D62: Elizabeth Njeri Mungai | E62: Temporary | F62: UAE | G62: AUH1 | H62: FC | I62: 1299 | J62: =VLOOKUP(Table1[[#This Row],[Psoft No]],[1]Roster!$C$1:$AJ$1369,9,0) -> Day Shift | K62: NA | L62: =VLOOKUP(Table1[[#This Row],[Psoft No]],[1]Roster!$C$1:$AJ$1369,11,0) -> Saturday | M62: =VLOOKUP(Table1[[#This Row],[Psoft No]],[1]Roster!$C$1:$AJ$1369,12,0) -> Sunday | N62: Warehouse Associate 8W | O62: CRET | P62: Direct | Q62: EFS | R62: aanso | S62: Sohail,Anis | T62: AB | V62: 46048 | W62: Customer Returns | X62: =VLOOKUP(Table1[[#This Row],[Psoft No]],[2]Roster_1788384531598!$E$1:$AU$1334,28,0) -> Saturday | Y62: =Table1[[#This Row],[Column1]]=Table1[[#This Row],[OFF1]] -> TRUE
A63: 57 | B63: 206954239 | C63: elviskyl | D63: ELVIS KYLE KAYEMBA | E63: Temporary | F63: UAE | G63: AUH1 | H63: FC | I63: 1299 | J63: =VLOOKUP(Table1[[#This Row],[Psoft No]],[1]Roster!$C$1:$AJ$1369,9,0) -> Night Shift | K63: NA | L63: =VLOOKUP(Table1[[#This Row],[Psoft No]],[1]Roster!$C$1:$AJ$1369,11,0) -> Thursday | M63: =VLOOKUP(Table1[[#This Row],[Psoft No]],[1]Roster!$C$1:$AJ$1369,12,0) -> Friday | N63: Warehouse Associate 24M | O63: CRET | P63: Direct | Q63: Dulsco | R63: aanso | S63: Sohail,Anis | T63: =IF(COUNTIFS('DWD RAW File'!$E:$E,$B63,'DWD RAW File'!$AF:$AF,$C$1)>0, IF(COUNTIFS('DWD RAW File'!$E:$E,$B63,'DWD RAW File'!$AF:$AF,$C$1,'DWD RAW File'!$AB:$AB,"Present")>0,"6th Day OT","OFF"), IF(COUNTIFS('DWD RAW File'!$E:$E,$B63,'DWD RAW File'!$AG:$AG,$C$1)>0, IF(COUNTIFS('DWD RAW File'!$E:$E,$B63,'DWD RAW File'!$AG:$AG,$C$1,'DWD RAW File'!$AB:$AB,"Present")>0,"7th Day OT","OFF"), IF(COUNTIFS('DWD RAW File'!$E:$E,$B63,'DWD RAW File'!$AB:$AB,"Present")>0, "P", IF(COUNTIFS('DWD RAW File'!$E:$E,$B63,'DWD RAW File'!$AB:$AB,"Not Present",'DWD RAW File'!$AK:$AK,"<>")>0, _xlfn.XLOOKUP($B63,'DWD RAW File'!$E:$E,'DWD RAW File'!$AK:$AK,""), IF(COUNTIFS('DWD RAW File'!$E:$E,$B63,'DWD RAW File'!$AB:$AB,"Not Present",'DWD RAW File'!$AL:$AL,"<>")>0, _xlfn.XLOOKUP($B63,'DWD RAW File'!$E:$E,'DWD RAW File'!$AL:$AL,""), "AB"))))) -> P | V63: 46048 | W63: Customer Returns | X63: =VLOOKUP(Table1[[#This Row],[Psoft No]],[2]Roster_1788384531598!$E$1:$AU$1334,28,0) -> Thursday | Y63: =Table1[[#This Row],[Column1]]=Table1[[#This Row],[OFF1]] -> TRUE
A64: 58 | B64: 206875150 | C64: emmanajo | D64: EMMANUEL JOSEPH KALEMBO | E64: Temporary | F64: UAE | G64: AUH1 | H64: FC | I64: 1299 | J64: =VLOOKUP(Table1[[#This Row],[Psoft No]],[1]Roster!$C$1:$AJ$1369,9,0) -> Day Shift | K64: NA | L64: =VLOOKUP(Table1[[#This Row],[Psoft No]],[1]Roster!$C$1:$AJ$1369,11,0) -> Sunday | M64: =VLOOKUP(Table1[[#This Row],[Psoft No]],[1]Roster!$C$1:$AJ$1369,12,0) -> Monday | N64: Warehouse Associate 8W | O64: CRET | P64: Direct | Q64: Dulsco | R64: aanso | S64: Sohail,Anis | T64: =IF(COUNTIFS('DWD RAW File'!$E:$E,$B64,'DWD RAW File'!$AF:$AF,$C$1)>0, IF(COUNTIFS('DWD RAW File'!$E:$E,$B64,'DWD RAW File'!$AF:$AF,$C$1,'DWD RAW File'!$AB:$AB,"Present")>0,"6th Day OT","OFF"), IF(COUNTIFS('DWD RAW File'!$E:$E,$B64,'DWD RAW File'!$AG:$AG,$C$1)>0, IF(COUNTIFS('DWD RAW File'!$E:$E,$B64,'DWD RAW File'!$AG:$AG,$C$1,'DWD RAW File'!$AB:$AB,"Present")>0,"7th Day OT","OFF"), IF(COUNTIFS('DWD RAW File'!$E:$E,$B64,'DWD RAW File'!$AB:$AB,"Present")>0, "P", IF(COUNTIFS('DWD RAW File'!$E:$E,$B64,'DWD RAW File'!$AB:$AB,"Not Present",'DWD RAW File'!$AK:$AK,"<>")>0, _xlfn.XLOOKUP($B64,'DWD RAW File'!$E:$E,'DWD RAW File'!$AK:$AK,""), IF(COUNTIFS('DWD RAW File'!$E:$E,$B64,'DWD RAW File'!$AB:$AB,"Not Present",'DWD RAW File'!$AL:$AL,"<>")>0, _xlfn.XLOOKUP($B64,'DWD RAW File'!$E:$E,'DWD RAW File'!$AL:$AL,""), "AB"))))) -> P | V64: 46020 | W64: Customer Returns | X64: =VLOOKUP(Table1[[#This Row],[Psoft No]],[2]Roster_1788384531598!$E$1:$AU$1334,28,0) -> Sunday | Y64: =Table1[[#This Row],[Column1]]=Table1[[#This Row],[OFF1]] -> TRUE
A65: 59 | B65: 203469452 | C65: emmbrobb | D65: EmmanuelBrobbey | E65: Temporary | F65: UAE | G65: AUH1 | H65: FC | I65: 1299 | J65: =VLOOKUP(Table1[[#This Row],[Psoft No]],[1]Roster!$C$1:$AJ$1369,9,0) -> Night Shift | K65: NA | L65: =VLOOKUP(Table1[[#This Row],[Psoft No]],[1]Roster!$C$1:$AJ$1369,11,0) -> Monday | M65: =VLOOKUP(Table1[[#This Row],[Psoft No]],[1]Roster!$C$1:$AJ$1369,12,0) -> Tuesday | N65: Warehouse Associate 24M | O65: CRET | P65: Direct | Q65: Adecco | R65: aanso | S65: Sohail,Anis | T65: PL | V65: 45456 | W65: Customer Returns | X65: =VLOOKUP(Table1[[#This Row],[Psoft No]],[2]Roster_1788384531598!$E$1:$AU$1334,28,0) -> Monday | Y65: =Table1[[#This Row],[Column1]]=Table1[[#This Row],[OFF1]] -> TRUE
A66: 60 | B66: 204299903 | C66: emmfofie | D66: EmmanuelFofie | E66: Temporary | F66: UAE | G66: AUH1 | H66: FC | I66: 1299 | J66: =VLOOKUP(Table1[[#This Row],[Psoft No]],[1]Roster!$C$1:$AJ$1369,9,0) -> Night Shift | K66: NA | L66: =VLOOKUP(Table1[[#This Row],[Psoft No]],[1]Roster!$C$1:$AJ$1369,11,0) -> Monday | M66: =VLOOKUP(Table1[[#This Row],[Psoft No]],[1]Roster!$C$1:$AJ$1369,12,0) -> Tuesday | N66: Warehouse Associate 24M | O66: CRET | P66: Direct | Q66: Quesscorp | R66: aanso | S66: Sohail,Anis | T66: AB | V66: 45586 | W66: Customer Returns | X66: =VLOOKUP(Table1[[#This Row],[Psoft No]],[2]Roster_1788384531598!$E$1:$AU$1334,28,0) -> Monday | Y66: =Table1[[#This Row],[Column1]]=Table1[[#This Row],[OFF1]] -> TRUE
A67: 61 | B67: 204299902 | C67: opoemman | D67: EmmanuelGyamfiOpoku | E67: Temporary | F67: UAE | G67: AUH1 | H67: FC | I67: 1299 | J67: =VLOOKUP(Table1[[#This Row],[Psoft No]],[1]Roster!$C$1:$AJ$1369,9,0) -> Day Shift | K67: NA | L67: OT | M67: =VLOOKUP(Table1[[#This Row],[Psoft No]],[1]Roster!$C$1:$AJ$1369,12,0) -> Thursday | N67: Warehouse Associate 8W | O67: CRET | P67: Direct | Q67: Quesscorp | R67: aanso | S67: Sohail,Anis | T67: P | U67: 6th Day OT | V67: 45586 | W67: Customer Returns | X67: =VLOOKUP(Table1[[#This Row],[Psoft No]],[2]Roster_1788384531598!$E$1:$AU$1334,28,0) -> Wednesday | Y67: =Table1[[#This Row],[Column1]]=Table1[[#This Row],[OFF1]] -> FALSE
A68: 62 | B68: 204319462 | C68: emmanhme | D68: EmmanuelMensah | E68: Temporary | F68: UAE | G68: AUH1 | H68: FC | I68: 1299 | J68: =VLOOKUP(Table1[[#This Row],[Psoft No]],[1]Roster!$C$1:$AJ$1369,9,0) -> Night Shift | K68: NA | L68: =VLOOKUP(Table1[[#This Row],[Psoft No]],[1]Roster!$C$1:$AJ$1369,11,0) -> Monday | M68: =VLOOKUP(Table1[[#This Row],[Psoft No]],[1]Roster!$C$1:$AJ$1369,12,0) -> Tuesday | N68: Warehouse Associate 8W | O68: CRET | P68: Direct | Q68: Quesscorp | R68: aanso | S68: Sohail,Anis | T68: =IF(COUNTIFS('DWD RAW File'!$E:$E,$B68,'DWD RAW File'!$AF:$AF,$C$1)>0, IF(COUNTIFS('DWD RAW File'!$E:$E,$B68,'DWD RAW File'!$AF:$AF,$C$1,'DWD RAW File'!$AB:$AB,"Present")>0,"6th Day OT","OFF"), IF(COUNTIFS('DWD RAW File'!$E:$E,$B68,'DWD RAW File'!$AG:$AG,$C$1)>0, IF(COUNTIFS('DWD RAW File'!$E:$E,$B68,'DWD RAW File'!$AG:$AG,$C$1,'DWD RAW File'!$AB:$AB,"Present")>0,"7th Day OT","OFF"), IF(COUNTIFS('DWD RAW File'!$E:$E,$B68,'DWD RAW File'!$AB:$AB,"Present")>0, "P", IF(COUNTIFS('DWD RAW File'!$E:$E,$B68,'DWD RAW File'!$AB:$AB,"Not Present",'DWD RAW File'!$AK:$AK,"<>")>0, _xlfn.XLOOKUP($B68,'DWD RAW File'!$E:$E,'DWD RAW File'!$AK:$AK,""), IF(COUNTIFS('DWD RAW File'!$E:$E,$B68,'DWD RAW File'!$AB:$AB,"Not Present",'DWD RAW File'!$AL:$AL,"<>")>0, _xlfn.XLOOKUP($B68,'DWD RAW File'!$E:$E,'DWD RAW File'!$AL:$AL,""), "AB"))))) -> P | V68: 45589 | W68: Customer Returns | X68: =VLOOKUP(Table1[[#This Row],[Psoft No]],[2]Roster_1788384531598!$E$1:$AU$1334,28,0) -> Monday | Y68: =Table1[[#This Row],[Column1]]=Table1[[#This Row],[OFF1]] -> TRUE
A69: 63 | B69: 204299911 | C69: emekweni | D69: EmmanuelObaseEkweni | E69: Temporary | F69: UAE | G69: AUH1 | H69: FC | I69: 1299 | J69: =VLOOKUP(Table1[[#This Row],[Psoft No]],[1]Roster!$C$1:$AJ$1369,9,0) -> Night Shift | K69: NA | L69: =VLOOKUP(Table1[[#This Row],[Psoft No]],[1]Roster!$C$1:$AJ$1369,11,0) -> Friday | M69: =VLOOKUP(Table1[[#This Row],[Psoft No]],[1]Roster!$C$1:$AJ$1369,12,0) -> Saturday | N69: Warehouse Associate 24M | O69: CRET | P69: Direct | Q69: Quesscorp | R69: aanso | S69: Sohail,Anis | T69: =IF(COUNTIFS('DWD RAW File'!$E:$E,$B69,'DWD RAW File'!$AF:$AF,$C$1)>0, IF(COUNTIFS('DWD RAW File'!$E:$E,$B69,'DWD RAW File'!$AF:$AF,$C$1,'DWD RAW File'!$AB:$AB,"Present")>0,"6th Day OT","OFF"), IF(COUNTIFS('DWD RAW File'!$E:$E,$B69,'DWD RAW File'!$AG:$AG,$C$1)>0, IF(COUNTIFS('DWD RAW File'!$E:$E,$B69,'DWD RAW File'!$AG:$AG,$C$1,'DWD RAW File'!$AB:$AB,"Present")>0,"7th Day OT","OFF"), IF(COUNTIFS('DWD RAW File'!$E:$E,$B69,'DWD RAW File'!$AB:$AB,"Present")>0, "P", IF(COUNTIFS('DWD RAW File'!$E:$E,$B69,'DWD RAW File'!$AB:$AB,"Not Present",'DWD RAW File'!$AK:$AK,"<>")>0, _xlfn.XLOOKUP($B69,'DWD RAW File'!$E:$E,'DWD RAW File'!$AK:$AK,""), IF(COUNTIFS('DWD RAW File'!$E:$E,$B69,'DWD RAW File'!$AB:$AB,"Not Present",'DWD RAW File'!$AL:$AL,"<>")>0, _xlfn.XLOOKUP($B69,'DWD RAW File'!$E:$E,'DWD RAW File'!$AL:$AL,""), "AB"))))) -> P | V69: 45586 | W69: Customer Returns | X69: =VLOOKUP(Table1[[#This Row],[Psoft No]],[2]Roster_1788384531598!$E$1:$AU$1334,28,0) -> Friday | Y69: =Table1[[#This Row],[Column1]]=Table1[[#This Row],[OFF1]] -> TRUE
A70: 64 | B70: 203679308 | C70: cenocasa | D70: EnockAsante | E70: Temporary | F70: UAE | G70: AUH1 | H70: FC | I70: 1299 | J70: =VLOOKUP(Table1[[#This Row],[Psoft No]],[1]Roster!$C$1:$AJ$1369,9,0) -> Day Shift | K70: NA | L70: =VLOOKUP(Table1[[#This Row],[Psoft No]],[1]Roster!$C$1:$AJ$1369,11,0) -> Thursday | M70: =VLOOKUP(Table1[[#This Row],[Psoft No]],[1]Roster!$C$1:$AJ$1369,12,0) -> Friday | N70: Warehouse Associate 12M | O70: CRET | P70: Direct | Q70: Fastlink | R70: aanso | S70: Sohail,Anis | T70: =IF(COUNTIFS('DWD RAW File'!$E:$E,$B70,'DWD RAW File'!$AF:$AF,$C$1)>0, IF(COUNTIFS('DWD RAW File'!$E:$E,$B70,'DWD RAW File'!$AF:$AF,$C$1,'DWD RAW File'!$AB:$AB,"Present")>0,"6th Day OT","OFF"), IF(COUNTIFS('DWD RAW File'!$E:$E,$B70,'DWD RAW File'!$AG:$AG,$C$1)>0, IF(COUNTIFS('DWD RAW File'!$E:$E,$B70,'DWD RAW File'!$AG:$AG,$C$1,'DWD RAW File'!$AB:$AB,"Present")>0,"7th Day OT","OFF"), IF(COUNTIFS('DWD RAW File'!$E:$E,$B70,'DWD RAW File'!$AB:$AB,"Present")>0, "P", IF(COUNTIFS('DWD RAW File'!$E:$E,$B70,'DWD RAW File'!$AB:$AB,"Not Present",'DWD RAW File'!$AK:$AK,"<>")>0, _xlfn.XLOOKUP($B70,'DWD RAW File'!$E:$E,'DWD RAW File'!$AK:$AK,""), IF(COUNTIFS('DWD RAW File'!$E:$E,$B70,'DWD RAW File'!$AB:$AB,"Not Present",'DWD RAW File'!$AL:$AL,"<>")>0, _xlfn.XLOOKUP($B70,'DWD RAW File'!$E:$E,'DWD RAW File'!$AL:$AL,""), "AB"))))) -> P | V70: 45488 | W70: Customer Returns | X70: =VLOOKUP(Table1[[#This Row],[Psoft No]],[2]Roster_1788384531598!$E$1:$AU$1334,28,0) -> Thursday | Y70: =Table1[[#This Row],[Column1]]=Table1[[#This Row],[OFF1]] -> TRUE
A71: 65 | B71: 206072869 | C71: erameng | D71: EricAmengor | E71: Temporary | F71: UAE | G71: AUH1 | H71: FC | I71: 1299 | J71: =VLOOKUP(Table1[[#This Row],[Psoft No]],[1]Roster!$C$1:$AJ$1369,9,0) -> Day Shift | K71: NA | L71: =VLOOKUP(Table1[[#This Row],[Psoft No]],[1]Roster!$C$1:$AJ$1369,11,0) -> Friday | M71: =VLOOKUP(Table1[[#This Row],[Psoft No]],[1]Roster!$C$1:$AJ$1369,12,0) -> Saturday | N71: Warehouse Associate 12M | O71: CRET | P71: Direct | Q71: Fastlink | R71: aanso | S71: Sohail,Anis | T71: =IF(COUNTIFS('DWD RAW File'!$E:$E,$B71,'DWD RAW File'!$AF:$AF,$C$1)>0, IF(COUNTIFS('DWD RAW File'!$E:$E,$B71,'DWD RAW File'!$AF:$AF,$C$1,'DWD RAW File'!$AB:$AB,"Present")>0,"6th Day OT","OFF"), IF(COUNTIFS('DWD RAW File'!$E:$E,$B71,'DWD RAW File'!$AG:$AG,$C$1)>0, IF(COUNTIFS('DWD RAW File'!$E:$E,$B71,'DWD RAW File'!$AG:$AG,$C$1,'DWD RAW File'!$AB:$AB,"Present")>0,"7th Day OT","OFF"), IF(COUNTIFS('DWD RAW File'!$E:$E,$B71,'DWD RAW File'!$AB:$AB,"Present")>0, "P", IF(COUNTIFS('DWD RAW File'!$E:$E,$B71,'DWD RAW File'!$AB:$AB,"Not Present",'DWD RAW File'!$AK:$AK,"<>")>0, _xlfn.XLOOKUP($B71,'DWD RAW File'!$E:$E,'DWD RAW File'!$AK:$AK,""), IF(COUNTIFS('DWD RAW File'!$E:$E,$B71,'DWD RAW File'!$AB:$AB,"Not Present",'DWD RAW File'!$AL:$AL,"<>")>0, _xlfn.XLOOKUP($B71,'DWD RAW File'!$E:$E,'DWD RAW File'!$AL:$AL,""), "AB"))))) -> P | V71: 45922 | W71: Customer Returns | X71: =VLOOKUP(Table1[[#This Row],[Psoft No]],[2]Roster_1788384531598!$E$1:$AU$1334,28,0) -> Friday | Y71: =Table1[[#This Row],[Column1]]=Table1[[#This Row],[OFF1]] -> TRUE
A72: 66 | B72: 204299913 | C72: bericyaw | D72: EricYawBruku | E72: Temporary | F72: UAE | G72: AUH1 | H72: FC | I72: 1299 | J72: =VLOOKUP(Table1[[#This Row],[Psoft No]],[1]Roster!$C$1:$AJ$1369,9,0) -> Night Shift | K72: NA | L72: =VLOOKUP(Table1[[#This Row],[Psoft No]],[1]Roster!$C$1:$AJ$1369,11,0) -> Thursday | M72: =VLOOKUP(Table1[[#This Row],[Psoft No]],[1]Roster!$C$1:$AJ$1369,12,0) -> Friday | N72: Warehouse Associate 24M | O72: CRET | P72: Direct | Q72: Quesscorp | R72: aanso | S72: Sohail,Anis | T72: =IF(COUNTIFS('DWD RAW File'!$E:$E,$B72,'DWD RAW File'!$AF:$AF,$C$1)>0, IF(COUNTIFS('DWD RAW File'!$E:$E,$B72,'DWD RAW File'!$AF:$AF,$C$1,'DWD RAW File'!$AB:$AB,"Present")>0,"6th Day OT","OFF"), IF(COUNTIFS('DWD RAW File'!$E:$E,$B72,'DWD RAW File'!$AG:$AG,$C$1)>0, IF(COUNTIFS('DWD RAW File'!$E:$E,$B72,'DWD RAW File'!$AG:$AG,$C$1,'DWD RAW File'!$AB:$AB,"Present")>0,"7th Day OT","OFF"), IF(COUNTIFS('DWD RAW File'!$E:$E,$B72,'DWD RAW File'!$AB:$AB,"Present")>0, "P", IF(COUNTIFS('DWD RAW File'!$E:$E,$B72,'DWD RAW File'!$AB:$AB,"Not Present",'DWD RAW File'!$AK:$AK,"<>")>0, _xlfn.XLOOKUP($B72,'DWD RAW File'!$E:$E,'DWD RAW File'!$AK:$AK,""), IF(COUNTIFS('DWD RAW File'!$E:$E,$B72,'DWD RAW File'!$AB:$AB,"Not Present",'DWD RAW File'!$AL:$AL,"<>")>0, _xlfn.XLOOKUP($B72,'DWD RAW File'!$E:$E,'DWD RAW File'!$AL:$AL,""), "AB"))))) -> P | V72: 45586 | W72: Customer Returns | X72: =VLOOKUP(Table1[[#This Row],[Psoft No]],[2]Roster_1788384531598!$E$1:$AU$1334,28,0) -> Thursday | Y72: =Table1[[#This Row],[Column1]]=Table1[[#This Row],[OFF1]] -> TRUE
A73: 67 | B73: 203635601 | C73: awesmail | D73: EsmailaChambanAwawou | E73: Temporary | F73: UAE | G73: AUH1 | H73: FC | I73: 1181 | J73: =VLOOKUP(Table1[[#This Row],[Psoft No]],[1]Roster!$C$1:$AJ$1369,9,0) -> Day Shift | K73: NA | L73: =VLOOKUP(Table1[[#This Row],[Psoft No]],[1]Roster!$C$1:$AJ$1369,11,0) -> Tuesday | M73: =VLOOKUP(Table1[[#This Row],[Psoft No]],[1]Roster!$C$1:$AJ$1369,12,0) -> Wednesday | N73: Warehouse Associate 12M | O73: CRET | P73: Direct | Q73: Fastlink | R73: aanso | S73: Sohail,Anis | T73: =IF(COUNTIFS('DWD RAW File'!$E:$E,$B73,'DWD RAW File'!$AF:$AF,$C$1)>0, IF(COUNTIFS('DWD RAW File'!$E:$E,$B73,'DWD RAW File'!$AF:$AF,$C$1,'DWD RAW File'!$AB:$AB,"Present")>0,"6th Day OT","OFF"), IF(COUNTIFS('DWD RAW File'!$E:$E,$B73,'DWD RAW File'!$AG:$AG,$C$1)>0, IF(COUNTIFS('DWD RAW File'!$E:$E,$B73,'DWD RAW File'!$AG:$AG,$C$1,'DWD RAW File'!$AB:$AB,"Present")>0,"7th Day OT","OFF"), IF(COUNTIFS('DWD RAW File'!$E:$E,$B73,'DWD RAW File'!$AB:$AB,"Present")>0, "P", IF(COUNTIFS('DWD RAW File'!$E:$E,$B73,'DWD RAW File'!$AB:$AB,"Not Present",'DWD RAW File'!$AK:$AK,"<>")>0, _xlfn.XLOOKUP($B73,'DWD RAW File'!$E:$E,'DWD RAW File'!$AK:$AK,""), IF(COUNTIFS('DWD RAW File'!$E:$E,$B73,'DWD RAW File'!$AB:$AB,"Not Present",'DWD RAW File'!$AL:$AL,"<>")>0, _xlfn.XLOOKUP($B73,'DWD RAW File'!$E:$E,'DWD RAW File'!$AL:$AL,""), "AB"))))) -> OFF | V73: 45481 | W73: Customer Returns | X73: =VLOOKUP(Table1[[#This Row],[Psoft No]],[2]Roster_1788384531598!$E$1:$AU$1334,28,0) -> Tuesday | Y73: =Table1[[#This Row],[Column1]]=Table1[[#This Row],[OFF1]] -> TRUE
A74: 68 | B74: 206953385 | C74: mueunice | D74: Eunice Muthoni | E74: Temporary | F74: UAE | G74: AUH1 | H74: FC | I74: 1299 | J74: =VLOOKUP(Table1[[#This Row],[Psoft No]],[1]Roster!$C$1:$AJ$1369,9,0) -> Day Shift | K74: NA | L74: =VLOOKUP(Table1[[#This Row],[Psoft No]],[1]Roster!$C$1:$AJ$1369,11,0) -> Thursday | M74: =VLOOKUP(Table1[[#This Row],[Psoft No]],[1]Roster!$C$1:$AJ$1369,12,0) -> Friday | N74: Warehouse Associate 12M | O74: CRET | P74: Direct | Q74: EFS | R74: aanso | S74: Sohail,Anis | T74: =IF(COUNTIFS('DWD RAW File'!$E:$E,$B74,'DWD RAW File'!$AF:$AF,$C$1)>0, IF(COUNTIFS('DWD RAW File'!$E:$E,$B74,'DWD RAW File'!$AF:$AF,$C$1,'DWD RAW File'!$AB:$AB,"Present")>0,"6th Day OT","OFF"), IF(COUNTIFS('DWD RAW File'!$E:$E,$B74,'DWD RAW File'!$AG:$AG,$C$1)>0, IF(COUNTIFS('DWD RAW File'!$E:$E,$B74,'DWD RAW File'!$AG:$AG,$C$1,'DWD RAW File'!$AB:$AB,"Present")>0,"7th Day OT","OFF"), IF(COUNTIFS('DWD RAW File'!$E:$E,$B74,'DWD RAW File'!$AB:$AB,"Present")>0, "P", IF(COUNTIFS('DWD RAW File'!$E:$E,$B74,'DWD RAW File'!$AB:$AB,"Not Present",'DWD RAW File'!$AK:$AK,"<>")>0, _xlfn.XLOOKUP($B74,'DWD RAW File'!$E:$E,'DWD RAW File'!$AK:$AK,""), IF(COUNTIFS('DWD RAW File'!$E:$E,$B74,'DWD RAW File'!$AB:$AB,"Not Present",'DWD RAW File'!$AL:$AL,"<>")>0, _xlfn.XLOOKUP($B74,'DWD RAW File'!$E:$E,'DWD RAW File'!$AL:$AL,""), "AB"))))) -> P | V74: 46048 | W74: Customer Returns | X74: =VLOOKUP(Table1[[#This Row],[Psoft No]],[2]Roster_1788384531598!$E$1:$AU$1334,28,0) -> Thursday | Y74: =Table1[[#This Row],[Column1]]=Table1[[#This Row],[OFF1]] -> TRUE
A75: 69 | B75: 206015572 | C75: owuevely | D75: EVELYNOWUSUAMENSAH | E75: Temporary | F75: UAE | G75: AUH1 | H75: FC | I75: 1299 | J75: =VLOOKUP(Table1[[#This Row],[Psoft No]],[1]Roster!$C$1:$AJ$1369,9,0) -> Night Shift | K75: NA | L75: =VLOOKUP(Table1[[#This Row],[Psoft No]],[1]Roster!$C$1:$AJ$1369,11,0) -> Saturday | M75: =VLOOKUP(Table1[[#This Row],[Psoft No]],[1]Roster!$C$1:$AJ$1369,12,0) -> Sunday | N75: Warehouse Associate 8W | O75: CRET | P75: Direct | Q75: Fastlink | R75: aanso | S75: Sohail,Anis | T75: =IF(COUNTIFS('DWD RAW File'!$E:$E,$B75,'DWD RAW File'!$AF:$AF,$C$1)>0, IF(COUNTIFS('DWD RAW File'!$E:$E,$B75,'DWD RAW File'!$AF:$AF,$C$1,'DWD RAW File'!$AB:$AB,"Present")>0,"6th Day OT","OFF"), IF(COUNTIFS('DWD RAW File'!$E:$E,$B75,'DWD RAW File'!$AG:$AG,$C$1)>0, IF(COUNTIFS('DWD RAW File'!$E:$E,$B75,'DWD RAW File'!$AG:$AG,$C$1,'DWD RAW File'!$AB:$AB,"Present")>0,"7th Day OT","OFF"), IF(COUNTIFS('DWD RAW File'!$E:$E,$B75,'DWD RAW File'!$AB:$AB,"Present")>0, "P", IF(COUNTIFS('DWD RAW File'!$E:$E,$B75,'DWD RAW File'!$AB:$AB,"Not Present",'DWD RAW File'!$AK:$AK,"<>")>0, _xlfn.XLOOKUP($B75,'DWD RAW File'!$E:$E,'DWD RAW File'!$AK:$AK,""), IF(COUNTIFS('DWD RAW File'!$E:$E,$B75,'DWD RAW File'!$AB:$AB,"Not Present",'DWD RAW File'!$AL:$AL,"<>")>0, _xlfn.XLOOKUP($B75,'DWD RAW File'!$E:$E,'DWD RAW File'!$AL:$AL,""), "AB"))))) -> P | V75: 45915 | W75: Customer Returns | X75: =VLOOKUP(Table1[[#This Row],[Psoft No]],[2]Roster_1788384531598!$E$1:$AU$1334,28,0) -> Saturday | Y75: =Table1[[#This Row],[Column1]]=Table1[[#This Row],[OFF1]] -> TRUE
A76: 70 | B76: 203469399 | C76: everxmil | D76: EverlyneMills | E76: Temporary | F76: UAE | G76: AUH1 | H76: FC | I76: 1299 | J76: =VLOOKUP(Table1[[#This Row],[Psoft No]],[1]Roster!$C$1:$AJ$1369,9,0) -> Day Shift | K76: NA | L76: OT | M76: =VLOOKUP(Table1[[#This Row],[Psoft No]],[1]Roster!$C$1:$AJ$1369,12,0) -> Thursday | N76: Warehouse Associate 24M | O76: CRET | P76: Direct | Q76: Adecco | R76: aanso | S76: Sohail,Anis | T76: P | U76: 6th Day OT | V76: 45456 | W76: Customer Returns | X76: =VLOOKUP(Table1[[#This Row],[Psoft No]],[2]Roster_1788384531598!$E$1:$AU$1334,28,0) -> Wednesday | Y76: =Table1[[#This Row],[Column1]]=Table1[[#This Row],[OFF1]] -> FALSE
A77: 71 | B77: 206953383 | C77: faitjepk | D77: Faith Jepkoech | E77: Temporary | F77: UAE | G77: AUH1 | H77: FC | I77: 1299 | J77: =VLOOKUP(Table1[[#This Row],[Psoft No]],[1]Roster!$C$1:$AJ$1369,9,0) -> Day Shift | K77: NA | L77: =VLOOKUP(Table1[[#This Row],[Psoft No]],[1]Roster!$C$1:$AJ$1369,11,0) -> Thursday | M77: =VLOOKUP(Table1[[#This Row],[Psoft No]],[1]Roster!$C$1:$AJ$1369,12,0) -> Friday | N77: Warehouse Associate 12M | O77: CRET | P77: Direct | Q77: EFS | R77: aanso | S77: Sohail,Anis | T77: =IF(COUNTIFS('DWD RAW File'!$E:$E,$B77,'DWD RAW File'!$AF:$AF,$C$1)>0, IF(COUNTIFS('DWD RAW File'!$E:$E,$B77,'DWD RAW File'!$AF:$AF,$C$1,'DWD RAW File'!$AB:$AB,"Present")>0,"6th Day OT","OFF"), IF(COUNTIFS('DWD RAW File'!$E:$E,$B77,'DWD RAW File'!$AG:$AG,$C$1)>0, IF(COUNTIFS('DWD RAW File'!$E:$E,$B77,'DWD RAW File'!$AG:$AG,$C$1,'DWD RAW File'!$AB:$AB,"Present")>0,"7th Day OT","OFF"), IF(COUNTIFS('DWD RAW File'!$E:$E,$B77,'DWD RAW File'!$AB:$AB,"Present")>0, "P", IF(COUNTIFS('DWD RAW File'!$E:$E,$B77,'DWD RAW File'!$AB:$AB,"Not Present",'DWD RAW File'!$AK:$AK,"<>")>0, _xlfn.XLOOKUP($B77,'DWD RAW File'!$E:$E,'DWD RAW File'!$AK:$AK,""), IF(COUNTIFS('DWD RAW File'!$E:$E,$B77,'DWD RAW File'!$AB:$AB,"Not Present",'DWD RAW File'!$AL:$AL,"<>")>0, _xlfn.XLOOKUP($B77,'DWD RAW File'!$E:$E,'DWD RAW File'!$AL:$AL,""), "AB"))))) -> P | V77: 46048 | W77: Customer Returns | X77: =VLOOKUP(Table1[[#This Row],[Psoft No]],[2]Roster_1788384531598!$E$1:$AU$1334,28,0) -> Thursday | Y77: =Table1[[#This Row],[Column1]]=Table1[[#This Row],[OFF1]] -> TRUE
A78: 72 | B78: 205647827 | C78: chepkodf | D78: FaithChepkosgei | E78: Temporary | F78: UAE | G78: AUH1 | H78: FC | I78: 1299 | J78: =VLOOKUP(Table1[[#This Row],[Psoft No]],[1]Roster!$C$1:$AJ$1369,9,0) -> Night Shift | K78: NA | L78: =VLOOKUP(Table1[[#This Row],[Psoft No]],[1]Roster!$C$1:$AJ$1369,11,0) -> Tuesday | M78: =VLOOKUP(Table1[[#This Row],[Psoft No]],[1]Roster!$C$1:$AJ$1369,12,0) -> Wednesday | N78: Warehouse Associate 8W | O78: CRET | P78: Direct | Q78: EFS | R78: aanso | S78: Sohail,Anis | T78: =IF(COUNTIFS('DWD RAW File'!$E:$E,$B78,'DWD RAW File'!$AF:$AF,$C$1)>0, IF(COUNTIFS('DWD RAW File'!$E:$E,$B78,'DWD RAW File'!$AF:$AF,$C$1,'DWD RAW File'!$AB:$AB,"Present")>0,"6th Day OT","OFF"), IF(COUNTIFS('DWD RAW File'!$E:$E,$B78,'DWD RAW File'!$AG:$AG,$C$1)>0, IF(COUNTIFS('DWD RAW File'!$E:$E,$B78,'DWD RAW File'!$AG:$AG,$C$1,'DWD RAW File'!$AB:$AB,"Present")>0,"7th Day OT","OFF"), IF(COUNTIFS('DWD RAW File'!$E:$E,$B78,'DWD RAW File'!$AB:$AB,"Present")>0, "P", IF(COUNTIFS('DWD RAW File'!$E:$E,$B78,'DWD RAW File'!$AB:$AB,"Not Present",'DWD RAW File'!$AK:$AK,"<>")>0, _xlfn.XLOOKUP($B78,'DWD RAW File'!$E:$E,'DWD RAW File'!$AK:$AK,""), IF(COUNTIFS('DWD RAW File'!$E:$E,$B78,'DWD RAW File'!$AB:$AB,"Not Present",'DWD RAW File'!$AL:$AL,"<>")>0, _xlfn.XLOOKUP($B78,'DWD RAW File'!$E:$E,'DWD RAW File'!$AL:$AL,""), "AB"))))) -> OFF | V78: 45852 | W78: Customer Returns | X78: =VLOOKUP(Table1[[#This Row],[Psoft No]],[2]Roster_1788384531598!$E$1:$AU$1334,28,0) -> Tuesday | Y78: =Table1[[#This Row],[Column1]]=Table1[[#This Row],[OFF1]] -> TRUE
A79: 73 | B79: 206873779 | C79: faroukyj | D79: FAROUK KYOBE | E79: Temporary | F79: UAE | G79: AUH1 | H79: FC | I79: 1299 | J79: =VLOOKUP(Table1[[#This Row],[Psoft No]],[1]Roster!$C$1:$AJ$1369,9,0) -> Night Shift | K79: NA | L79: =VLOOKUP(Table1[[#This Row],[Psoft No]],[1]Roster!$C$1:$AJ$1369,11,0) -> Sunday | M79: =VLOOKUP(Table1[[#This Row],[Psoft No]],[1]Roster!$C$1:$AJ$1369,12,0) -> Monday | N79: Warehouse Associate 8W | O79: CRET | P79: Direct | Q79: Dulsco | R79: aanso | S79: Sohail,Anis | T79: =IF(COUNTIFS('DWD RAW File'!$E:$E,$B79,'DWD RAW File'!$AF:$AF,$C$1)>0, IF(COUNTIFS('DWD RAW File'!$E:$E,$B79,'DWD RAW File'!$AF:$AF,$C$1,'DWD RAW File'!$AB:$AB,"Present")>0,"6th Day OT","OFF"), IF(COUNTIFS('DWD RAW File'!$E:$E,$B79,'DWD RAW File'!$AG:$AG,$C$1)>0, IF(COUNTIFS('DWD RAW File'!$E:$E,$B79,'DWD RAW File'!$AG:$AG,$C$1,'DWD RAW File'!$AB:$AB,"Present")>0,"7th Day OT","OFF"), IF(COUNTIFS('DWD RAW File'!$E:$E,$B79,'DWD RAW File'!$AB:$AB,"Present")>0, "P", IF(COUNTIFS('DWD RAW File'!$E:$E,$B79,'DWD RAW File'!$AB:$AB,"Not Present",'DWD RAW File'!$AK:$AK,"<>")>0, _xlfn.XLOOKUP($B79,'DWD RAW File'!$E:$E,'DWD RAW File'!$AK:$AK,""), IF(COUNTIFS('DWD RAW File'!$E:$E,$B79,'DWD RAW File'!$AB:$AB,"Not Present",'DWD RAW File'!$AL:$AL,"<>")>0, _xlfn.XLOOKUP($B79,'DWD RAW File'!$E:$E,'DWD RAW File'!$AL:$AL,""), "AB"))))) -> P | V79: 46020 | W79: Customer Returns | X79: =VLOOKUP(Table1[[#This Row],[Psoft No]],[2]Roster_1788384531598!$E$1:$AU$1334,28,0) -> Sunday | Y79: =Table1[[#This Row],[Column1]]=Table1[[#This Row],[OFF1]] -> TRUE
A80: 74 | B80: 203635497 | C80: fotsigeo | D80: Fotsing,GeorgyOmerDorian | E80: Temporary | F80: UAE | G80: AUH1 | H80: FC | I80: 1299 | J80: =VLOOKUP(Table1[[#This Row],[Psoft No]],[1]Roster!$C$1:$AJ$1369,9,0) -> Night Shift | K80: NA | L80: =VLOOKUP(Table1[[#This Row],[Psoft No]],[1]Roster!$C$1:$AJ$1369,11,0) -> Wednesday | M80: =VLOOKUP(Table1[[#This Row],[Psoft No]],[1]Roster!$C$1:$AJ$1369,12,0) -> Thursday | N80: Warehouse Associate 12M | O80: CRET | P80: Direct | Q80: Fastlink | R80: aanso | S80: Sohail,Anis | T80: =IF(COUNTIFS('DWD RAW File'!$E:$E,$B80,'DWD RAW File'!$AF:$AF,$C$1)>0, IF(COUNTIFS('DWD RAW File'!$E:$E,$B80,'DWD RAW File'!$AF:$AF,$C$1,'DWD RAW File'!$AB:$AB,"Present")>0,"6th Day OT","OFF"), IF(COUNTIFS('DWD RAW File'!$E:$E,$B80,'DWD RAW File'!$AG:$AG,$C$1)>0, IF(COUNTIFS('DWD RAW File'!$E:$E,$B80,'DWD RAW File'!$AG:$AG,$C$1,'DWD RAW File'!$AB:$AB,"Present")>0,"7th Day OT","OFF"), IF(COUNTIFS('DWD RAW File'!$E:$E,$B80,'DWD RAW File'!$AB:$AB,"Present")>0, "P", IF(COUNTIFS('DWD RAW File'!$E:$E,$B80,'DWD RAW File'!$AB:$AB,"Not Present",'DWD RAW File'!$AK:$AK,"<>")>0, _xlfn.XLOOKUP($B80,'DWD RAW File'!$E:$E,'DWD RAW File'!$AK:$AK,""), IF(COUNTIFS('DWD RAW File'!$E:$E,$B80,'DWD RAW File'!$AB:$AB,"Not Present",'DWD RAW File'!$AL:$AL,"<>")>0, _xlfn.XLOOKUP($B80,'DWD RAW File'!$E:$E,'DWD RAW File'!$AL:$AL,""), "AB"))))) -> OFF | V80: 45481 | W80: Customer Returns | X80: =VLOOKUP(Table1[[#This Row],[Psoft No]],[2]Roster_1788384531598!$E$1:$AU$1334,28,0) -> Wednesday | Y80: =Table1[[#This Row],[Column1]]=Table1[[#This Row],[OFF1]] -> TRUE
A81: 75 | B81: 204246172 | C81: dogfranc | D81: Francis Yaw Dogli | E81: Temporary | F81: UAE | G81: AUH1 | H81: FC | I81: 1299 | J81: =VLOOKUP(Table1[[#This Row],[Psoft No]],[1]Roster!$C$1:$AJ$1369,9,0) -> Night Shift | K81: NA | L81: =VLOOKUP(Table1[[#This Row],[Psoft No]],[1]Roster!$C$1:$AJ$1369,11,0) -> Thursday | M81: =VLOOKUP(Table1[[#This Row],[Psoft No]],[1]Roster!$C$1:$AJ$1369,12,0) -> Friday | N81: Warehouse Associate 8W | O81: CRET | P81: Direct | Q81: QuessCorp | R81: aanso | S81: Sohail,Anis | T81: =IF(COUNTIFS('DWD RAW File'!$E:$E,$B81,'DWD RAW File'!$AF:$AF,$C$1)>0, IF(COUNTIFS('DWD RAW File'!$E:$E,$B81,'DWD RAW File'!$AF:$AF,$C$1,'DWD RAW File'!$AB:$AB,"Present")>0,"6th Day OT","OFF"), IF(COUNTIFS('DWD RAW File'!$E:$E,$B81,'DWD RAW File'!$AG:$AG,$C$1)>0, IF(COUNTIFS('DWD RAW File'!$E:$E,$B81,'DWD RAW File'!$AG:$AG,$C$1,'DWD RAW File'!$AB:$AB,"Present")>0,"7th Day OT","OFF"), IF(COUNTIFS('DWD RAW File'!$E:$E,$B81,'DWD RAW File'!$AB:$AB,"Present")>0, "P", IF(COUNTIFS('DWD RAW File'!$E:$E,$B81,'DWD RAW File'!$AB:$AB,"Not Present",'DWD RAW File'!$AK:$AK,"<>")>0, _xlfn.XLOOKUP($B81,'DWD RAW File'!$E:$E,'DWD RAW File'!$AK:$AK,""), IF(COUNTIFS('DWD RAW File'!$E:$E,$B81,'DWD RAW File'!$AB:$AB,"Not Present",'DWD RAW File'!$AL:$AL,"<>")>0, _xlfn.XLOOKUP($B81,'DWD RAW File'!$E:$E,'DWD RAW File'!$AL:$AL,""), "AB"))))) -> P | V81: 46020 | W81: Customer Returns | X81: =VLOOKUP(Table1[[#This Row],[Psoft No]],[2]Roster_1788384531598!$E$1:$AU$1334,28,0) -> Thursday | Y81: =Table1[[#This Row],[Column1]]=Table1[[#This Row],[OFF1]] -> TRUE
A82: 76 | B82: 206296189 | C82: mambbfra | D82: FrancisMambwe | E82: Temporary | F82: UAE | G82: AUH1 | H82: FC | I82: 1299 | J82: =VLOOKUP(Table1[[#This Row],[Psoft No]],[1]Roster!$C$1:$AJ$1369,9,0) -> Day Shift | K82: NA | L82: =VLOOKUP(Table1[[#This Row],[Psoft No]],[1]Roster!$C$1:$AJ$1369,11,0) -> Tuesday | M82: =VLOOKUP(Table1[[#This Row],[Psoft No]],[1]Roster!$C$1:$AJ$1369,12,0) -> Wednesday | N82: Warehouse Associate 8W | O82: CRET | P82: Direct | Q82: EFS | R82: aanso | S82: Sohail,Anis | T82: =IF(COUNTIFS('DWD RAW File'!$E:$E,$B82,'DWD RAW File'!$AF:$AF,$C$1)>0, IF(COUNTIFS('DWD RAW File'!$E:$E,$B82,'DWD RAW File'!$AF:$AF,$C$1,'DWD RAW File'!$AB:$AB,"Present")>0,"6th Day OT","OFF"), IF(COUNTIFS('DWD RAW File'!$E:$E,$B82,'DWD RAW File'!$AG:$AG,$C$1)>0, IF(COUNTIFS('DWD RAW File'!$E:$E,$B82,'DWD RAW File'!$AG:$AG,$C$1,'DWD RAW File'!$AB:$AB,"Present")>0,"7th Day OT","OFF"), IF(COUNTIFS('DWD RAW File'!$E:$E,$B82,'DWD RAW File'!$AB:$AB,"Present")>0, "P", IF(COUNTIFS('DWD RAW File'!$E:$E,$B82,'DWD RAW File'!$AB:$AB,"Not Present",'DWD RAW File'!$AK:$AK,"<>")>0, _xlfn.XLOOKUP($B82,'DWD RAW File'!$E:$E,'DWD RAW File'!$AK:$AK,""), IF(COUNTIFS('DWD RAW File'!$E:$E,$B82,'DWD RAW File'!$AB:$AB,"Not Present",'DWD RAW File'!$AL:$AL,"<>")>0, _xlfn.XLOOKUP($B82,'DWD RAW File'!$E:$E,'DWD RAW File'!$AL:$AL,""), "AB"))))) -> OFF | V82: 45950 | W82: Customer Returns | X82: =VLOOKUP(Table1[[#This Row],[Psoft No]],[2]Roster_1788384531598!$E$1:$AU$1334,28,0) -> Tuesday | Y82: =Table1[[#This Row],[Column1]]=Table1[[#This Row],[OFF1]] -> TRUE
A83: 77 | B83: 203682331 | C83: franokai | D83: FrancisOkai | E83: Temporary | F83: UAE | G83: AUH1 | H83: FC | I83: 1299 | J83: =VLOOKUP(Table1[[#This Row],[Psoft No]],[1]Roster!$C$1:$AJ$1369,9,0) -> Night Shift | K83: NA | L83: =VLOOKUP(Table1[[#This Row],[Psoft No]],[1]Roster!$C$1:$AJ$1369,11,0) -> Sunday | M83: =VLOOKUP(Table1[[#This Row],[Psoft No]],[1]Roster!$C$1:$AJ$1369,12,0) -> Monday | N83: Warehouse Associate 24M | O83: CRET | P83: Direct | Q83: Adecco | R83: aanso | S83: Sohail,Anis | T83: =IF(COUNTIFS('DWD RAW File'!$E:$E,$B83,'DWD RAW File'!$AF:$AF,$C$1)>0, IF(COUNTIFS('DWD RAW File'!$E:$E,$B83,'DWD RAW File'!$AF:$AF,$C$1,'DWD RAW File'!$AB:$AB,"Present")>0,"6th Day OT","OFF"), IF(COUNTIFS('DWD RAW File'!$E:$E,$B83,'DWD RAW File'!$AG:$AG,$C$1)>0, IF(COUNTIFS('DWD RAW File'!$E:$E,$B83,'DWD RAW File'!$AG:$AG,$C$1,'DWD RAW File'!$AB:$AB,"Present")>0,"7th Day OT","OFF"), IF(COUNTIFS('DWD RAW File'!$E:$E,$B83,'DWD RAW File'!$AB:$AB,"Present")>0, "P", IF(COUNTIFS('DWD RAW File'!$E:$E,$B83,'DWD RAW File'!$AB:$AB,"Not Present",'DWD RAW File'!$AK:$AK,"<>")>0, _xlfn.XLOOKUP($B83,'DWD RAW File'!$E:$E,'DWD RAW File'!$AK:$AK,""), IF(COUNTIFS('DWD RAW File'!$E:$E,$B83,'DWD RAW File'!$AB:$AB,"Not Present",'DWD RAW File'!$AL:$AL,"<>")>0, _xlfn.XLOOKUP($B83,'DWD RAW File'!$E:$E,'DWD RAW File'!$AL:$AL,""), "AB"))))) -> P | V83: 45488 | W83: Customer Returns | X83: =VLOOKUP(Table1[[#This Row],[Psoft No]],[2]Roster_1788384531598!$E$1:$AU$1334,28,0) -> Sunday | Y83: =Table1[[#This Row],[Column1]]=Table1[[#This Row],[OFF1]] -> TRUE
A84: 78 | B84: 206846113 | C84: afrbakun | D84: FRED BAKUNDANA | E84: Temporary | F84: UAE | G84: AUH1 | H84: FC | I84: 1299 | J84: =VLOOKUP(Table1[[#This Row],[Psoft No]],[1]Roster!$C$1:$AJ$1369,9,0) -> Day Shift | K84: NA | L84: =VLOOKUP(Table1[[#This Row],[Psoft No]],[1]Roster!$C$1:$AJ$1369,11,0) -> Monday | M84: =VLOOKUP(Table1[[#This Row],[Psoft No]],[1]Roster!$C$1:$AJ$1369,12,0) -> Tuesday | N84: Warehouse Associate 8W | O84: CRET | P84: Direct | Q84: Dulsco | R84: aanso | S84: Sohail,Anis | T84: AB | V84: 46020 | W84: Customer Returns | X84: =VLOOKUP(Table1[[#This Row],[Psoft No]],[2]Roster_1788384531598!$E$1:$AU$1334,28,0) -> Monday | Y84: =Table1[[#This Row],[Column1]]=Table1[[#This Row],[OFF1]] -> TRUE
A85: 79 | B85: 206953981 | C85: fsangula | D85: FREDO SANGULAYA | E85: Temporary | F85: UAE | G85: AUH1 | H85: FC | I85: 1299 | J85: =VLOOKUP(Table1[[#This Row],[Psoft No]],[1]Roster!$C$1:$AJ$1369,9,0) -> Day Shift | K85: NA | L85: =VLOOKUP(Table1[[#This Row],[Psoft No]],[1]Roster!$C$1:$AJ$1369,11,0) -> Monday | M85: =VLOOKUP(Table1[[#This Row],[Psoft No]],[1]Roster!$C$1:$AJ$1369,12,0) -> Tuesday | N85: Warehouse Associate 24M | O85: CRET | P85: Direct | Q85: Dulsco | R85: aanso | S85: Sohail,Anis | T85: AB | V85: 46048 | W85: Customer Returns | X85: =VLOOKUP(Table1[[#This Row],[Psoft No]],[2]Roster_1788384531598!$E$1:$AU$1334,28,0) -> Monday | Y85: =Table1[[#This Row],[Column1]]=Table1[[#This Row],[OFF1]] -> TRUE
A86: 80 | B86: 203555400 | C86: asiamahb | D86: GeorginaAsiamah | E86: Temporary | F86: UAE | G86: AUH1 | H86: FC | I86: 1299 | J86: =VLOOKUP(Table1[[#This Row],[Psoft No]],[1]Roster!$C$1:$AJ$1369,9,0) -> Night Shift | K86: NA | L86: =VLOOKUP(Table1[[#This Row],[Psoft No]],[1]Roster!$C$1:$AJ$1369,11,0) -> Sunday | M86: =VLOOKUP(Table1[[#This Row],[Psoft No]],[1]Roster!$C$1:$AJ$1369,12,0) -> Monday | N86: Warehouse Associate 12M | O86: CRET | P86: Direct | Q86: Fastlink | R86: aanso | S86: Sohail,Anis | T86: =IF(COUNTIFS('DWD RAW File'!$E:$E,$B86,'DWD RAW File'!$AF:$AF,$C$1)>0, IF(COUNTIFS('DWD RAW File'!$E:$E,$B86,'DWD RAW File'!$AF:$AF,$C$1,'DWD RAW File'!$AB:$AB,"Present")>0,"6th Day OT","OFF"), IF(COUNTIFS('DWD RAW File'!$E:$E,$B86,'DWD RAW File'!$AG:$AG,$C$1)>0, IF(COUNTIFS('DWD RAW File'!$E:$E,$B86,'DWD RAW File'!$AG:$AG,$C$1,'DWD RAW File'!$AB:$AB,"Present")>0,"7th Day OT","OFF"), IF(COUNTIFS('DWD RAW File'!$E:$E,$B86,'DWD RAW File'!$AB:$AB,"Present")>0, "P", IF(COUNTIFS('DWD RAW File'!$E:$E,$B86,'DWD RAW File'!$AB:$AB,"Not Present",'DWD RAW File'!$AK:$AK,"<>")>0, _xlfn.XLOOKUP($B86,'DWD RAW File'!$E:$E,'DWD RAW File'!$AK:$AK,""), IF(COUNTIFS('DWD RAW File'!$E:$E,$B86,'DWD RAW File'!$AB:$AB,"Not Present",'DWD RAW File'!$AL:$AL,"<>")>0, _xlfn.XLOOKUP($B86,'DWD RAW File'!$E:$E,'DWD RAW File'!$AL:$AL,""), "AB"))))) -> P | V86: 45470 | W86: Customer Returns | X86: =VLOOKUP(Table1[[#This Row],[Psoft No]],[2]Roster_1788384531598!$E$1:$AU$1334,28,0) -> Sunday | Y86: =Table1[[#This Row],[Column1]]=Table1[[#This Row],[OFF1]] -> TRUE
A87: 81 | B87: 203800483 | C87: germubir | D87: GERALDMUBIRU | E87: Temporary | F87: UAE | G87: AUH1 | H87: FC | I87: 1299 | J87: =VLOOKUP(Table1[[#This Row],[Psoft No]],[1]Roster!$C$1:$AJ$1369,9,0) -> Night Shift | K87: NA | L87: =VLOOKUP(Table1[[#This Row],[Psoft No]],[1]Roster!$C$1:$AJ$1369,11,0) -> Thursday | M87: =VLOOKUP(Table1[[#This Row],[Psoft No]],[1]Roster!$C$1:$AJ$1369,12,0) -> Friday | N87: Warehouse Associate 8W | O87: CRET | P87: Direct | Q87: Dulsco | R87: aanso | S87: Sohail,Anis | T87: =IF(COUNTIFS('DWD RAW File'!$E:$E,$B87,'DWD RAW File'!$AF:$AF,$C$1)>0, IF(COUNTIFS('DWD RAW File'!$E:$E,$B87,'DWD RAW File'!$AF:$AF,$C$1,'DWD RAW File'!$AB:$AB,"Present")>0,"6th Day OT","OFF"), IF(COUNTIFS('DWD RAW File'!$E:$E,$B87,'DWD RAW File'!$AG:$AG,$C$1)>0, IF(COUNTIFS('DWD RAW File'!$E:$E,$B87,'DWD RAW File'!$AG:$AG,$C$1,'DWD RAW File'!$AB:$AB,"Present")>0,"7th Day OT","OFF"), IF(COUNTIFS('DWD RAW File'!$E:$E,$B87,'DWD RAW File'!$AB:$AB,"Present")>0, "P", IF(COUNTIFS('DWD RAW File'!$E:$E,$B87,'DWD RAW File'!$AB:$AB,"Not Present",'DWD RAW File'!$AK:$AK,"<>")>0, _xlfn.XLOOKUP($B87,'DWD RAW File'!$E:$E,'DWD RAW File'!$AK:$AK,""), IF(COUNTIFS('DWD RAW File'!$E:$E,$B87,'DWD RAW File'!$AB:$AB,"Not Present",'DWD RAW File'!$AL:$AL,"<>")>0, _xlfn.XLOOKUP($B87,'DWD RAW File'!$E:$E,'DWD RAW File'!$AL:$AL,""), "AB"))))) -> P | V87: 45516 | W87: Customer Returns | X87: =VLOOKUP(Table1[[#This Row],[Psoft No]],[2]Roster_1788384531598!$E$1:$AU$1334,28,0) -> Thursday | Y87: =Table1[[#This Row],[Column1]]=Table1[[#This Row],[OFF1]] -> TRUE
A88: 82 | B88: 103476446 | C88: RAJUGHIM | D88: Ghimire,Raju | E88: Regular | F88: UAE | G88: AUH1 | H88: FC | I88: 1299 | J88: =VLOOKUP(Table1[[#This Row],[Psoft No]],[1]Roster!$C$1:$AJ$1369,9,0) -> Day Shift | K88: NA | L88: =VLOOKUP(Table1[[#This Row],[Psoft No]],[1]Roster!$C$1:$AJ$1369,11,0) -> Sunday | M88: =VLOOKUP(Table1[[#This Row],[Psoft No]],[1]Roster!$C$1:$AJ$1369,12,0) -> Monday | N88: FC Associate I | O88: CRET | P88: Direct | Q88: Blue Badge | R88: aanso | S88: Sohail,Anis | T88: =IF(COUNTIFS('DWD RAW File'!$E:$E,$B88,'DWD RAW File'!$AF:$AF,$C$1)>0, IF(COUNTIFS('DWD RAW File'!$E:$E,$B88,'DWD RAW File'!$AF:$AF,$C$1,'DWD RAW File'!$AB:$AB,"Present")>0,"6th Day OT","OFF"), IF(COUNTIFS('DWD RAW File'!$E:$E,$B88,'DWD RAW File'!$AG:$AG,$C$1)>0, IF(COUNTIFS('DWD RAW File'!$E:$E,$B88,'DWD RAW File'!$AG:$AG,$C$1,'DWD RAW File'!$AB:$AB,"Present")>0,"7th Day OT","OFF"), IF(COUNTIFS('DWD RAW File'!$E:$E,$B88,'DWD RAW File'!$AB:$AB,"Present")>0, "P", IF(COUNTIFS('DWD RAW File'!$E:$E,$B88,'DWD RAW File'!$AB:$AB,"Not Present",'DWD RAW File'!$AK:$AK,"<>")>0, _xlfn.XLOOKUP($B88,'DWD RAW File'!$E:$E,'DWD RAW File'!$AK:$AK,""), IF(COUNTIFS('DWD RAW File'!$E:$E,$B88,'DWD RAW File'!$AB:$AB,"Not Present",'DWD RAW File'!$AL:$AL,"<>")>0, _xlfn.XLOOKUP($B88,'DWD RAW File'!$E:$E,'DWD RAW File'!$AL:$AL,""), "AB"))))) -> P | V88: 43306 | W88: Customer Returns | X88: =VLOOKUP(Table1[[#This Row],[Psoft No]],[2]Roster_1788384531598!$E$1:$AU$1334,28,0) -> Sunday | Y88: =Table1[[#This Row],[Column1]]=Table1[[#This Row],[OFF1]] -> TRUE
A89: 83 | B89: 206065204 | C89: alusgidf | D89: GideonAlusineMannah | E89: Temporary | F89: UAE | G89: AUH1 | H89: FC | I89: 1299 | J89: =VLOOKUP(Table1[[#This Row],[Psoft No]],[1]Roster!$C$1:$AJ$1369,9,0) -> Day Shift | K89: NA | L89: =VLOOKUP(Table1[[#This Row],[Psoft No]],[1]Roster!$C$1:$AJ$1369,11,0) -> Sunday | M89: =VLOOKUP(Table1[[#This Row],[Psoft No]],[1]Roster!$C$1:$AJ$1369,12,0) -> Monday | N89: Warehouse Associate 8W | O89: CRET | P89: Direct | Q89: Fastlink | R89: aanso | S89: Sohail,Anis | T89: =IF(COUNTIFS('DWD RAW File'!$E:$E,$B89,'DWD RAW File'!$AF:$AF,$C$1)>0, IF(COUNTIFS('DWD RAW File'!$E:$E,$B89,'DWD RAW File'!$AF:$AF,$C$1,'DWD RAW File'!$AB:$AB,"Present")>0,"6th Day OT","OFF"), IF(COUNTIFS('DWD RAW File'!$E:$E,$B89,'DWD RAW File'!$AG:$AG,$C$1)>0, IF(COUNTIFS('DWD RAW File'!$E:$E,$B89,'DWD RAW File'!$AG:$AG,$C$1,'DWD RAW File'!$AB:$AB,"Present")>0,"7th Day OT","OFF"), IF(COUNTIFS('DWD RAW File'!$E:$E,$B89,'DWD RAW File'!$AB:$AB,"Present")>0, "P", IF(COUNTIFS('DWD RAW File'!$E:$E,$B89,'DWD RAW File'!$AB:$AB,"Not Present",'DWD RAW File'!$AK:$AK,"<>")>0, _xlfn.XLOOKUP($B89,'DWD RAW File'!$E:$E,'DWD RAW File'!$AK:$AK,""), IF(COUNTIFS('DWD RAW File'!$E:$E,$B89,'DWD RAW File'!$AB:$AB,"Not Present",'DWD RAW File'!$AL:$AL,"<>")>0, _xlfn.XLOOKUP($B89,'DWD RAW File'!$E:$E,'DWD RAW File'!$AL:$AL,""), "AB"))))) -> P | V89: 45922 | W89: Customer Returns | X89: =VLOOKUP(Table1[[#This Row],[Psoft No]],[2]Roster_1788384531598!$E$1:$AU$1334,28,0) -> Sunday | Y89: =Table1[[#This Row],[Column1]]=Table1[[#This Row],[OFF1]] -> TRUE
A90: 84 | B90: 203469400 | C90: jglakuma | D90: GloryAkumawah | E90: Temporary | F90: UAE | G90: AUH1 | H90: FC | I90: 1299 | J90: =VLOOKUP(Table1[[#This Row],[Psoft No]],[1]Roster!$C$1:$AJ$1369,9,0) -> Night Shift | K90: NA | L90: =VLOOKUP(Table1[[#This Row],[Psoft No]],[1]Roster!$C$1:$AJ$1369,11,0) -> Friday | M90: =VLOOKUP(Table1[[#This Row],[Psoft No]],[1]Roster!$C$1:$AJ$1369,12,0) -> Saturday | N90: Warehouse Associate 24M | O90: CRET | P90: Direct | Q90: Adecco | R90: aanso | S90: Sohail,Anis | T90: PL | V90: 45456 | W90: Customer Returns | X90: =VLOOKUP(Table1[[#This Row],[Psoft No]],[2]Roster_1788384531598!$E$1:$AU$1334,28,0) -> Friday | Y90: =Table1[[#This Row],[Column1]]=Table1[[#This Row],[OFF1]] -> TRUE
A91: 85 | B91: 206926477 | C91: ssentumg | D91: GODFREY SSENTUMBWE | E91: Temporary | F91: UAE | G91: AUH1 | H91: FC | I91: 1299 | J91: =VLOOKUP(Table1[[#This Row],[Psoft No]],[1]Roster!$C$1:$AJ$1369,9,0) -> Day Shift | K91: NA | L91: =VLOOKUP(Table1[[#This Row],[Psoft No]],[1]Roster!$C$1:$AJ$1369,11,0) -> Saturday | M91: =VLOOKUP(Table1[[#This Row],[Psoft No]],[1]Roster!$C$1:$AJ$1369,12,0) -> Sunday | N91: Warehouse Associate 24M | O91: CRET | P91: Direct | Q91: Dulsco | R91: aanso | S91: Sohail,Anis | T91: =IF(COUNTIFS('DWD RAW File'!$E:$E,$B91,'DWD RAW File'!$AF:$AF,$C$1)>0, IF(COUNTIFS('DWD RAW File'!$E:$E,$B91,'DWD RAW File'!$AF:$AF,$C$1,'DWD RAW File'!$AB:$AB,"Present")>0,"6th Day OT","OFF"), IF(COUNTIFS('DWD RAW File'!$E:$E,$B91,'DWD RAW File'!$AG:$AG,$C$1)>0, IF(COUNTIFS('DWD RAW File'!$E:$E,$B91,'DWD RAW File'!$AG:$AG,$C$1,'DWD RAW File'!$AB:$AB,"Present")>0,"7th Day OT","OFF"), IF(COUNTIFS('DWD RAW File'!$E:$E,$B91,'DWD RAW File'!$AB:$AB,"Present")>0, "P", IF(COUNTIFS('DWD RAW File'!$E:$E,$B91,'DWD RAW File'!$AB:$AB,"Not Present",'DWD RAW File'!$AK:$AK,"<>")>0, _xlfn.XLOOKUP($B91,'DWD RAW File'!$E:$E,'DWD RAW File'!$AK:$AK,""), IF(COUNTIFS('DWD RAW File'!$E:$E,$B91,'DWD RAW File'!$AB:$AB,"Not Present",'DWD RAW File'!$AL:$AL,"<>")>0, _xlfn.XLOOKUP($B91,'DWD RAW File'!$E:$E,'DWD RAW File'!$AL:$AL,""), "AB"))))) -> P | V91: 46048 | W91: Customer Returns | X91: =VLOOKUP(Table1[[#This Row],[Psoft No]],[2]Roster_1788384531598!$E$1:$AU$1334,28,0) -> Saturday | Y91: =Table1[[#This Row],[Column1]]=Table1[[#This Row],[OFF1]] -> TRUE
A92: 86 | B92: 203679317 | C92: goodeuge | D92: GoodluckEugenShiyo | E92: Temporary | F92: UAE | G92: AUH1 | H92: FC | I92: 1299 | J92: =VLOOKUP(Table1[[#This Row],[Psoft No]],[1]Roster!$C$1:$AJ$1369,9,0) -> Day Shift | K92: NA | L92: =VLOOKUP(Table1[[#This Row],[Psoft No]],[1]Roster!$C$1:$AJ$1369,11,0) -> Thursday | M92: =VLOOKUP(Table1[[#This Row],[Psoft No]],[1]Roster!$C$1:$AJ$1369,12,0) -> Friday | N92: Warehouse Associate 12M | O92: CRET | P92: Direct | Q92: Fastlink | R92: aanso | S92: Sohail,Anis | T92: PL | V92: 45488 | W92: Customer Returns | X92: =VLOOKUP(Table1[[#This Row],[Psoft No]],[2]Roster_1788384531598!$E$1:$AU$1334,28,0) -> Thursday | Y92: =Table1[[#This Row],[Column1]]=Table1[[#This Row],[OFF1]] -> TRUE
A93: 87 | B93: 203469060 | C93: manjegra | D93: GraceManjengwa | E93: Temporary | F93: UAE | G93: AUH1 | H93: FC | I93: 1299 | J93: =VLOOKUP(Table1[[#This Row],[Psoft No]],[1]Roster!$C$1:$AJ$1369,9,0) -> Day Shift | K93: NA | L93: =VLOOKUP(Table1[[#This Row],[Psoft No]],[1]Roster!$C$1:$AJ$1369,11,0) -> Tuesday | M93: =VLOOKUP(Table1[[#This Row],[Psoft No]],[1]Roster!$C$1:$AJ$1369,12,0) -> Wednesday | N93: Warehouse Associate 12M | O93: CRET | P93: Direct | Q93: Fastlink | R93: aanso | S93: Sohail,Anis | T93: =IF(COUNTIFS('DWD RAW File'!$E:$E,$B93,'DWD RAW File'!$AF:$AF,$C$1)>0, IF(COUNTIFS('DWD RAW File'!$E:$E,$B93,'DWD RAW File'!$AF:$AF,$C$1,'DWD RAW File'!$AB:$AB,"Present")>0,"6th Day OT","OFF"), IF(COUNTIFS('DWD RAW File'!$E:$E,$B93,'DWD RAW File'!$AG:$AG,$C$1)>0, IF(COUNTIFS('DWD RAW File'!$E:$E,$B93,'DWD RAW File'!$AG:$AG,$C$1,'DWD RAW File'!$AB:$AB,"Present")>0,"7th Day OT","OFF"), IF(COUNTIFS('DWD RAW File'!$E:$E,$B93,'DWD RAW File'!$AB:$AB,"Present")>0, "P", IF(COUNTIFS('DWD RAW File'!$E:$E,$B93,'DWD RAW File'!$AB:$AB,"Not Present",'DWD RAW File'!$AK:$AK,"<>")>0, _xlfn.XLOOKUP($B93,'DWD RAW File'!$E:$E,'DWD RAW File'!$AK:$AK,""), IF(COUNTIFS('DWD RAW File'!$E:$E,$B93,'DWD RAW File'!$AB:$AB,"Not Present",'DWD RAW File'!$AL:$AL,"<>")>0, _xlfn.XLOOKUP($B93,'DWD RAW File'!$E:$E,'DWD RAW File'!$AL:$AL,""), "AB"))))) -> OFF | V93: 45456 | W93: Customer Returns | X93: =VLOOKUP(Table1[[#This Row],[Psoft No]],[2]Roster_1788384531598!$E$1:$AU$1334,28,0) -> Tuesday | Y93: =Table1[[#This Row],[Column1]]=Table1[[#This Row],[OFF1]] -> TRUE
A94: 88 | B94: 206875152 | C94: xfunhami | D94: HAMISI FUNDI MUSSA | E94: Temporary | F94: UAE | G94: AUH1 | H94: FC | I94: 1299 | J94: =VLOOKUP(Table1[[#This Row],[Psoft No]],[1]Roster!$C$1:$AJ$1369,9,0) -> Night Shift | K94: NA | L94: =VLOOKUP(Table1[[#This Row],[Psoft No]],[1]Roster!$C$1:$AJ$1369,11,0) -> Sunday | M94: =VLOOKUP(Table1[[#This Row],[Psoft No]],[1]Roster!$C$1:$AJ$1369,12,0) -> Monday | N94: Warehouse Associate 8W | O94: CRET | P94: Direct | Q94: Dulsco | R94: aanso | S94: Sohail,Anis | T94: =IF(COUNTIFS('DWD RAW File'!$E:$E,$B94,'DWD RAW File'!$AF:$AF,$C$1)>0, IF(COUNTIFS('DWD RAW File'!$E:$E,$B94,'DWD RAW File'!$AF:$AF,$C$1,'DWD RAW File'!$AB:$AB,"Present")>0,"6th Day OT","OFF"), IF(COUNTIFS('DWD RAW File'!$E:$E,$B94,'DWD RAW File'!$AG:$AG,$C$1)>0, IF(COUNTIFS('DWD RAW File'!$E:$E,$B94,'DWD RAW File'!$AG:$AG,$C$1,'DWD RAW File'!$AB:$AB,"Present")>0,"7th Day OT","OFF"), IF(COUNTIFS('DWD RAW File'!$E:$E,$B94,'DWD RAW File'!$AB:$AB,"Present")>0, "P", IF(COUNTIFS('DWD RAW File'!$E:$E,$B94,'DWD RAW File'!$AB:$AB,"Not Present",'DWD RAW File'!$AK:$AK,"<>")>0, _xlfn.XLOOKUP($B94,'DWD RAW File'!$E:$E,'DWD RAW File'!$AK:$AK,""), IF(COUNTIFS('DWD RAW File'!$E:$E,$B94,'DWD RAW File'!$AB:$AB,"Not Present",'DWD RAW File'!$AL:$AL,"<>")>0, _xlfn.XLOOKUP($B94,'DWD RAW File'!$E:$E,'DWD RAW File'!$AL:$AL,""), "AB"))))) -> P | V94: 46020 | W94: Customer Returns | X94: =VLOOKUP(Table1[[#This Row],[Psoft No]],[2]Roster_1788384531598!$E$1:$AU$1334,28,0) -> Sunday | Y94: =Table1[[#This Row],[Column1]]=Table1[[#This Row],[OFF1]] -> TRUE
A95: 89 | B95: 206174727 | C95: harickda | D95: HARICKDANSO | E95: Temporary | F95: UAE | G95: AUH1 | H95: FC | I95: 1299 | J95: =VLOOKUP(Table1[[#This Row],[Psoft No]],[1]Roster!$C$1:$AJ$1369,9,0) -> Night Shift | K95: NA | L95: =VLOOKUP(Table1[[#This Row],[Psoft No]],[1]Roster!$C$1:$AJ$1369,11,0) -> Tuesday | M95: =VLOOKUP(Table1[[#This Row],[Psoft No]],[1]Roster!$C$1:$AJ$1369,12,0) -> Wednesday | N95: Warehouse Associate 12M | O95: CRET | P95: Direct | Q95: Fastlink | R95: aanso | S95: Sohail,Anis | T95: =IF(COUNTIFS('DWD RAW File'!$E:$E,$B95,'DWD RAW File'!$AF:$AF,$C$1)>0, IF(COUNTIFS('DWD RAW File'!$E:$E,$B95,'DWD RAW File'!$AF:$AF,$C$1,'DWD RAW File'!$AB:$AB,"Present")>0,"6th Day OT","OFF"), IF(COUNTIFS('DWD RAW File'!$E:$E,$B95,'DWD RAW File'!$AG:$AG,$C$1)>0, IF(COUNTIFS('DWD RAW File'!$E:$E,$B95,'DWD RAW File'!$AG:$AG,$C$1,'DWD RAW File'!$AB:$AB,"Present")>0,"7th Day OT","OFF"), IF(COUNTIFS('DWD RAW File'!$E:$E,$B95,'DWD RAW File'!$AB:$AB,"Present")>0, "P", IF(COUNTIFS('DWD RAW File'!$E:$E,$B95,'DWD RAW File'!$AB:$AB,"Not Present",'DWD RAW File'!$AK:$AK,"<>")>0, _xlfn.XLOOKUP($B95,'DWD RAW File'!$E:$E,'DWD RAW File'!$AK:$AK,""), IF(COUNTIFS('DWD RAW File'!$E:$E,$B95,'DWD RAW File'!$AB:$AB,"Not Present",'DWD RAW File'!$AL:$AL,"<>")>0, _xlfn.XLOOKUP($B95,'DWD RAW File'!$E:$E,'DWD RAW File'!$AL:$AL,""), "AB"))))) -> OFF | V95: 45932 | W95: Customer Returns | X95: =VLOOKUP(Table1[[#This Row],[Psoft No]],[2]Roster_1788384531598!$E$1:$AU$1334,28,0) -> Tuesday | Y95: =Table1[[#This Row],[Column1]]=Table1[[#This Row],[OFF1]] -> TRUE
A96: 90 | B96: 206296194 | C96: bwalhell | D96: HELLEN tanasho BWALYA | E96: Temporary | F96: UAE | G96: AUH1 | H96: FC | I96: 1299 | J96: =VLOOKUP(Table1[[#This Row],[Psoft No]],[1]Roster!$C$1:$AJ$1369,9,0) -> Day Shift | K96: NA | L96: =VLOOKUP(Table1[[#This Row],[Psoft No]],[1]Roster!$C$1:$AJ$1369,11,0) -> Tuesday | M96: =VLOOKUP(Table1[[#This Row],[Psoft No]],[1]Roster!$C$1:$AJ$1369,12,0) -> Wednesday | N96: Warehouse Associate 8W | O96: CRET | P96: Direct | Q96: EFS | R96: aanso | S96: Sohail,Anis | T96: =IF(COUNTIFS('DWD RAW File'!$E:$E,$B96,'DWD RAW File'!$AF:$AF,$C$1)>0, IF(COUNTIFS('DWD RAW File'!$E:$E,$B96,'DWD RAW File'!$AF:$AF,$C$1,'DWD RAW File'!$AB:$AB,"Present")>0,"6th Day OT","OFF"), IF(COUNTIFS('DWD RAW File'!$E:$E,$B96,'DWD RAW File'!$AG:$AG,$C$1)>0, IF(COUNTIFS('DWD RAW File'!$E:$E,$B96,'DWD RAW File'!$AG:$AG,$C$1,'DWD RAW File'!$AB:$AB,"Present")>0,"7th Day OT","OFF"), IF(COUNTIFS('DWD RAW File'!$E:$E,$B96,'DWD RAW File'!$AB:$AB,"Present")>0, "P", IF(COUNTIFS('DWD RAW File'!$E:$E,$B96,'DWD RAW File'!$AB:$AB,"Not Present",'DWD RAW File'!$AK:$AK,"<>")>0, _xlfn.XLOOKUP($B96,'DWD RAW File'!$E:$E,'DWD RAW File'!$AK:$AK,""), IF(COUNTIFS('DWD RAW File'!$E:$E,$B96,'DWD RAW File'!$AB:$AB,"Not Present",'DWD RAW File'!$AL:$AL,"<>")>0, _xlfn.XLOOKUP($B96,'DWD RAW File'!$E:$E,'DWD RAW File'!$AL:$AL,""), "AB"))))) -> OFF | V96: 45950 | W96: Customer Returns | X96: =VLOOKUP(Table1[[#This Row],[Psoft No]],[2]Roster_1788384531598!$E$1:$AU$1334,28,0) -> Tuesday | Y96: =Table1[[#This Row],[Column1]]=Table1[[#This Row],[OFF1]] -> TRUE
A97: 91 | B97: 206937730 | C97: hethesak | D97: HETHERWICK SAKA NJATI | E97: Temporary | F97: UAE | G97: AUH1 | H97: FC | I97: 1299 | J97: =VLOOKUP(Table1[[#This Row],[Psoft No]],[1]Roster!$C$1:$AJ$1369,9,0) -> Day Shift | K97: NA | L97: =VLOOKUP(Table1[[#This Row],[Psoft No]],[1]Roster!$C$1:$AJ$1369,11,0) -> Tuesday | M97: =VLOOKUP(Table1[[#This Row],[Psoft No]],[1]Roster!$C$1:$AJ$1369,12,0) -> Wednesday | N97: Warehouse Associate 24M | O97: CRET | P97: Direct | Q97: Dulsco | R97: aanso | S97: Sohail,Anis | T97: =IF(COUNTIFS('DWD RAW File'!$E:$E,$B97,'DWD RAW File'!$AF:$AF,$C$1)>0, IF(COUNTIFS('DWD RAW File'!$E:$E,$B97,'DWD RAW File'!$AF:$AF,$C$1,'DWD RAW File'!$AB:$AB,"Present")>0,"6th Day OT","OFF"), IF(COUNTIFS('DWD RAW File'!$E:$E,$B97,'DWD RAW File'!$AG:$AG,$C$1)>0, IF(COUNTIFS('DWD RAW File'!$E:$E,$B97,'DWD RAW File'!$AG:$AG,$C$1,'DWD RAW File'!$AB:$AB,"Present")>0,"7th Day OT","OFF"), IF(COUNTIFS('DWD RAW File'!$E:$E,$B97,'DWD RAW File'!$AB:$AB,"Present")>0, "P", IF(COUNTIFS('DWD RAW File'!$E:$E,$B97,'DWD RAW File'!$AB:$AB,"Not Present",'DWD RAW File'!$AK:$AK,"<>")>0, _xlfn.XLOOKUP($B97,'DWD RAW File'!$E:$E,'DWD RAW File'!$AK:$AK,""), IF(COUNTIFS('DWD RAW File'!$E:$E,$B97,'DWD RAW File'!$AB:$AB,"Not Present",'DWD RAW File'!$AL:$AL,"<>")>0, _xlfn.XLOOKUP($B97,'DWD RAW File'!$E:$E,'DWD RAW File'!$AL:$AL,""), "AB"))))) -> OFF | V97: 46048 | W97: Customer Returns | X97: =VLOOKUP(Table1[[#This Row],[Psoft No]],[2]Roster_1788384531598!$E$1:$AU$1334,28,0) -> Tuesday | Y97: =Table1[[#This Row],[Column1]]=Table1[[#This Row],[OFF1]] -> TRUE
A98: 92 | B98: 206192253 | C98: kipngehi | D98: Hillary kipropkipngetich | E98: Temporary | F98: UAE | G98: AUH1 | H98: FC | I98: 1299 | J98: =VLOOKUP(Table1[[#This Row],[Psoft No]],[1]Roster!$C$1:$AJ$1369,9,0) -> Night Shift | K98: NA | L98: =VLOOKUP(Table1[[#This Row],[Psoft No]],[1]Roster!$C$1:$AJ$1369,11,0) -> Tuesday | M98: =VLOOKUP(Table1[[#This Row],[Psoft No]],[1]Roster!$C$1:$AJ$1369,12,0) -> Wednesday | N98: Warehouse Associate 12M | O98: CRET | P98: Direct | Q98: EFS | R98: aanso | S98: Sohail,Anis | T98: =IF(COUNTIFS('DWD RAW File'!$E:$E,$B98,'DWD RAW File'!$AF:$AF,$C$1)>0, IF(COUNTIFS('DWD RAW File'!$E:$E,$B98,'DWD RAW File'!$AF:$AF,$C$1,'DWD RAW File'!$AB:$AB,"Present")>0,"6th Day OT","OFF"), IF(COUNTIFS('DWD RAW File'!$E:$E,$B98,'DWD RAW File'!$AG:$AG,$C$1)>0, IF(COUNTIFS('DWD RAW File'!$E:$E,$B98,'DWD RAW File'!$AG:$AG,$C$1,'DWD RAW File'!$AB:$AB,"Present")>0,"7th Day OT","OFF"), IF(COUNTIFS('DWD RAW File'!$E:$E,$B98,'DWD RAW File'!$AB:$AB,"Present")>0, "P", IF(COUNTIFS('DWD RAW File'!$E:$E,$B98,'DWD RAW File'!$AB:$AB,"Not Present",'DWD RAW File'!$AK:$AK,"<>")>0, _xlfn.XLOOKUP($B98,'DWD RAW File'!$E:$E,'DWD RAW File'!$AK:$AK,""), IF(COUNTIFS('DWD RAW File'!$E:$E,$B98,'DWD RAW File'!$AB:$AB,"Not Present",'DWD RAW File'!$AL:$AL,"<>")>0, _xlfn.XLOOKUP($B98,'DWD RAW File'!$E:$E,'DWD RAW File'!$AL:$AL,""), "AB"))))) -> OFF | V98: 45936 | W98: Customer Returns | X98: =VLOOKUP(Table1[[#This Row],[Psoft No]],[2]Roster_1788384531598!$E$1:$AU$1334,28,0) -> Tuesday | Y98: =Table1[[#This Row],[Column1]]=Table1[[#This Row],[OFF1]] -> TRUE
A99: 93 | B99: 204373675 | C99: hishkutt | D99: HishamhashimHashimonEssaKutty | E99: Temporary | F99: UAE | G99: AUH1 | H99: FC | I99: 1299 | J99: =VLOOKUP(Table1[[#This Row],[Psoft No]],[1]Roster!$C$1:$AJ$1369,9,0) -> Day Shift | K99: NA | L99: =VLOOKUP(Table1[[#This Row],[Psoft No]],[1]Roster!$C$1:$AJ$1369,11,0) -> Friday | M99: =VLOOKUP(Table1[[#This Row],[Psoft No]],[1]Roster!$C$1:$AJ$1369,12,0) -> Saturday | N99: Warehouse Associate 24M | O99: CRET | P99: Direct | Q99: Adecco | R99: aanso | S99: Sohail,Anis | T99: =IF(COUNTIFS('DWD RAW File'!$E:$E,$B99,'DWD RAW File'!$AF:$AF,$C$1)>0, IF(COUNTIFS('DWD RAW File'!$E:$E,$B99,'DWD RAW File'!$AF:$AF,$C$1,'DWD RAW File'!$AB:$AB,"Present")>0,"6th Day OT","OFF"), IF(COUNTIFS('DWD RAW File'!$E:$E,$B99,'DWD RAW File'!$AG:$AG,$C$1)>0, IF(COUNTIFS('DWD RAW File'!$E:$E,$B99,'DWD RAW File'!$AG:$AG,$C$1,'DWD RAW File'!$AB:$AB,"Present")>0,"7th Day OT","OFF"), IF(COUNTIFS('DWD RAW File'!$E:$E,$B99,'DWD RAW File'!$AB:$AB,"Present")>0, "P", IF(COUNTIFS('DWD RAW File'!$E:$E,$B99,'DWD RAW File'!$AB:$AB,"Not Present",'DWD RAW File'!$AK:$AK,"<>")>0, _xlfn.XLOOKUP($B99,'DWD RAW File'!$E:$E,'DWD RAW File'!$AK:$AK,""), IF(COUNTIFS('DWD RAW File'!$E:$E,$B99,'DWD RAW File'!$AB:$AB,"Not Present",'DWD RAW File'!$AL:$AL,"<>")>0, _xlfn.XLOOKUP($B99,'DWD RAW File'!$E:$E,'DWD RAW File'!$AL:$AL,""), "AB"))))) -> P | V99: 45593 | W99: Customer Returns | X99: =VLOOKUP(Table1[[#This Row],[Psoft No]],[2]Roster_1788384531598!$E$1:$AU$1334,28,0) -> Friday | Y99: =Table1[[#This Row],[Column1]]=Table1[[#This Row],[OFF1]] -> TRUE
A100: 94 | B100: 204319464 | C100: conteiby | D100: IbrahimAConteh | E100: Temporary | F100: UAE | G100: AUH1 | H100: FC | I100: 1299 | J100: =VLOOKUP(Table1[[#This Row],[Psoft No]],[1]Roster!$C$1:$AJ$1369,9,0) -> Day Shift | K100: NA | L100: =VLOOKUP(Table1[[#This Row],[Psoft No]],[1]Roster!$C$1:$AJ$1369,11,0) -> Tuesday | M100: =VLOOKUP(Table1[[#This Row],[Psoft No]],[1]Roster!$C$1:$AJ$1369,12,0) -> Wednesday | N100: Warehouse Associate 8W | O100: CRET | P100: Direct | Q100: Quesscorp | R100: aanso | S100: Sohail,Anis | T100: =IF(COUNTIFS('DWD RAW File'!$E:$E,$B100,'DWD RAW File'!$AF:$AF,$C$1)>0, IF(COUNTIFS('DWD RAW File'!$E:$E,$B100,'DWD RAW File'!$AF:$AF,$C$1,'DWD RAW File'!$AB:$AB,"Present")>0,"6th Day OT","OFF"), IF(COUNTIFS('DWD RAW File'!$E:$E,$B100,'DWD RAW File'!$AG:$AG,$C$1)>0, IF(COUNTIFS('DWD RAW File'!$E:$E,$B100,'DWD RAW File'!$AG:$AG,$C$1,'DWD RAW File'!$AB:$AB,"Present")>0,"7th Day OT","OFF"), IF(COUNTIFS('DWD RAW File'!$E:$E,$B100,'DWD RAW File'!$AB:$AB,"Present")>0, "P", IF(COUNTIFS('DWD RAW File'!$E:$E,$B100,'DWD RAW File'!$AB:$AB,"Not Present",'DWD RAW File'!$AK:$AK,"<>")>0, _xlfn.XLOOKUP($B100,'DWD RAW File'!$E:$E,'DWD RAW File'!$AK:$AK,""), IF(COUNTIFS('DWD RAW File'!$E:$E,$B100,'DWD RAW File'!$AB:$AB,"Not Present",'DWD RAW File'!$AL:$AL,"<>")>0, _xlfn.XLOOKUP($B100,'DWD RAW File'!$E:$E,'DWD RAW File'!$AL:$AL,""), "AB"))))) -> OFF | V100: 45589 | W100: Customer Returns | X100: =VLOOKUP(Table1[[#This Row],[Psoft No]],[2]Roster_1788384531598!$E$1:$AU$1334,28,0) -> Tuesday | Y100: =Table1[[#This Row],[Column1]]=Table1[[#This Row],[OFF1]] -> TRUE
A101: 95 | B101: 206015673 | C101: ikomhari | D101: Ikome Mbah,Harikia | E101: Temporary | F101: UAE | G101: AUH1 | H101: FC | I101: 1299 | J101: =VLOOKUP(Table1[[#This Row],[Psoft No]],[1]Roster!$C$1:$AJ$1369,9,0) -> Day Shift | K101: NA | L101: =VLOOKUP(Table1[[#This Row],[Psoft No]],[1]Roster!$C$1:$AJ$1369,11,0) -> Saturday | M101: =VLOOKUP(Table1[[#This Row],[Psoft No]],[1]Roster!$C$1:$AJ$1369,12,0) -> Sunday | N101: Warehouse Associate 8W | O101: CRET | P101: Direct | Q101: Fastlink | R101: aanso | S101: Sohail,Anis | T101: =IF(COUNTIFS('DWD RAW File'!$E:$E,$B101,'DWD RAW File'!$AF:$AF,$C$1)>0, IF(COUNTIFS('DWD RAW File'!$E:$E,$B101,'DWD RAW File'!$AF:$AF,$C$1,'DWD RAW File'!$AB:$AB,"Present")>0,"6th Day OT","OFF"), IF(COUNTIFS('DWD RAW File'!$E:$E,$B101,'DWD RAW File'!$AG:$AG,$C$1)>0, IF(COUNTIFS('DWD RAW File'!$E:$E,$B101,'DWD RAW File'!$AG:$AG,$C$1,'DWD RAW File'!$AB:$AB,"Present")>0,"7th Day OT","OFF"), IF(COUNTIFS('DWD RAW File'!$E:$E,$B101,'DWD RAW File'!$AB:$AB,"Present")>0, "P", IF(COUNTIFS('DWD RAW File'!$E:$E,$B101,'DWD RAW File'!$AB:$AB,"Not Present",'DWD RAW File'!$AK:$AK,"<>")>0, _xlfn.XLOOKUP($B101,'DWD RAW File'!$E:$E,'DWD RAW File'!$AK:$AK,""), IF(COUNTIFS('DWD RAW File'!$E:$E,$B101,'DWD RAW File'!$AB:$AB,"Not Present",'DWD RAW File'!$AL:$AL,"<>")>0, _xlfn.XLOOKUP($B101,'DWD RAW File'!$E:$E,'DWD RAW File'!$AL:$AL,""), "AB"))))) -> P | V101: 45915 | W101: Customer Returns | X101: =VLOOKUP(Table1[[#This Row],[Psoft No]],[2]Roster_1788384531598!$E$1:$AU$1334,28,0) -> Saturday | Y101: =Table1[[#This Row],[Column1]]=Table1[[#This Row],[OFF1]] -> TRUE
...

Sheet DWD RAW File
A1: Date | B1: LOB | C1: Direct/Indirect | D1: Emp Login | E1: EmpID | F1: Emp Status | G1: Badge Type | H1: Job Class | I1: Job Code | J1: Agency | K1: Emp Name | L1: Job Title | M1: Business Title | N1: Manager Login | O1: Dept | P1: Site | Q1: Country | R1: Shift | S1: Cohort | T1: Job Level | U1: Workevents_LOB | V1: First Punch | W1: Last Punch | X1: Shift Start Date | Y1: Shift End Date | Z1: Pay Modifier | AA1: Schedule Status | AB1: present_status | AC1: area_main_process | AD1: area_process_path | AE1: area_core_process | AF1: cohort_weekoff_1 | AG1: cohort_weekoff_2 | AH1: fclm_area | AI1: termination_date | AJ1: last_hire_date | AK1: time_off_type | AL1: gb_leave_type | AM1: job_family_name | AN1: employee_class_name | AO1: employee_status_hcm | AP1: schedule_duration | AQ1: is_overtime | AR1: is_present | AS1: is_scheduled | AT1: planned_leave | AU1: unplanned_leave
A2: 46267 | B2: FC | C2: DIRECT | D2: abaaamon | E2: 203800382 | F2: A | G2: GREEN | H2: FULL_TIME | I2: 900234 | J2: Dulsco L.L.C. | K2: AMON ABAASA | L2: Warehouse Associate (TEMP) | M2: Warehouse Associate 8W | N2: aanso | O2: 1299 | P2: AUH1 | Q2: ARE | R2: FC159 | S2: Day Shift | T2: 99 | U2: MENA_UAE_FC | V2: 46267.331 | W2: 46267.749 | X2: 46267.333 | Y2: 46267.75 | AA2: Scheduled | AB2: Present | AC2: Customer returns | AD2: Customer Returns | AE2: Customer returns | AF2: Thursday | AG2: Friday | AH2: 22 | AJ2: 45515 | AM2: TEMP | AN2: 3P Onsite Worker | AO2: A | AP2: 9 | AQ2: 0 | AR2: 1 | AS2: 1 | AT2: 0 | AU2: 0
A3: 46267 | B3: FC | C3: DIRECT | D3: abanebar | E3: 206791751 | F3: A | G3: GREEN | H3: FULL_TIME | I3: 900234 | J3: Dulsco L.L.C. | K3: NEBART ABAHO | L3: Warehouse Associate (TEMP) | M3: Warehouse Associate 8W | N3: pparsin | O3: 1299 | P3: AUH1 | Q3: ARE | R3: FC009 | S3: Day Shift | T3: 99 | U3: MENA_UAE_FC | V3: 46267.331 | W3: 46267.748 | X3: 46267.333 | Y3: 46267.75 | AA3: Scheduled | AB3: Present | AC3: Inbound | AD3: Inbound Stow | AE3: Stow | AF3: Friday | AG3: Saturday | AH3: 3 | AJ3: 45998 | AM3: TEMP | AN3: 3P Onsite Worker | AO3: A | AP3: 9 | AQ3: 0 | AR3: 1 | AS3: 1 | AT3: 0 | AU3: 0
A4: 46267 | B4: FC | C4: DIRECT | D4: abasarud | E4: 203964989 | F4: A | G4: GREEN | H4: FULL_TIME | I4: 900234 | J4: Adecco | K4: Asarudeen Abdul Razak | L4: Warehouse Associate (TEMP) | M4: Warehouse Associate 24M | N4: lraghava | O4: 1299 | P4: AUH1 | Q4: ARE | R4: FC109 | S4: Day Shift | T4: 99 | U4: MENA_UAE_FC | X4: 46267.333 | Y4: 46267.75 | Z4: Rest Day | AA4: Not Scheduled | AB4: Not Present | AC4: Outbound | AD4: Picking | AE4: Pick | AF4: Tuesday | AG4: Wednesday | AH4: 13 | AJ4: 45543 | AM4: TEMP | AN4: 3P Onsite Worker | AO4: A | AP4: 9 | AQ4: 0 | AR4: 0 | AS4: 0 | AT4: 0 | AU4: 0
A5: 46267 | B5: FC | C5: DIRECT | D5: abdababa | E5: 206129609 | F5: A | G5: GREEN | H5: FULL_TIME | I5: 900234 | J5: Fastlink Outsourcing | K5: Abdulai Babah Turay | L5: Warehouse Associate (TEMP) | M5: Warehouse Associate 12M | N5: ansammar | O5: 1299 | P5: AUH1 | Q5: ARE | R5: FC159 | S5: Day Shift | T5: 99 | U5: MENA_UAE_FC | V5: 46267.332 | W5: 46267.749 | X5: 46267.333 | Y5: 46267.75 | AA5: Scheduled | AB5: Present | AC5: Outbound | AD5: Picking | AE5: Pick | AF5: Thursday | AG5: Friday | AH5: 13 | AJ5: 45928 | AM5: TEMP | AN5: 3P Onsite Worker | AO5: A | AP5: 9 | AQ5: 0 | AR5: 1 | AS5: 1 | AT5: 0 | AU5: 0
A6: 46267 | B6: FC | C6: DIRECT | D6: abdallhg | E6: 205256720 | F6: A | G6: GREEN | H6: FULL_TIME | I6: 900234 | J6: EFS Facilities Services | K6: Abdallah Haza | L6: Warehouse Associate (TEMP) | M6: Warehouse Associate 12M | N6: lraghava | O6: 1299 | P6: AUH1 | Q6: ARE | R6: LK013 | S6: Night Shift | T6: 99 | U6: MENA_UAE_FC | V6: 46267.755 | W6: 46267.857 | X6: 46267.757 | Y6: 46268.174 | AA6: Scheduled | AB6: Present | AC6: Outbound | AD6: Picking | AE6: Pick | AF6: Sunday | AG6: Monday | AH6: 13 | AJ6: 45791 | AM6: TEMP | AN6: 3P Onsite Worker | AO6: A | AP6: 9 | AQ6: 0 | AR6: 1 | AS6: 1 | AT6: 0 | AU6: 0
A7: 46267 | B7: FC | C7: DIRECT | D7: abdalomc | E7: 206137330 | F7: A | G7: GREEN | H7: FULL_TIME | I7: 900234 | J7: Fastlink Outsourcing | K7: ABDALLA OMAR | L7: Warehouse Associate (TEMP) | M7: Warehouse Associate 12M | N7: scariav | O7: 1299 | P7: AUH1 | Q7: ARE | R7: LK017 | S7: Night Shift | T7: 99 | U7: MENA_UAE_FC | V7: 46267.756 | W7: 46267.855 | X7: 46267.757 | Y7: 46268.174 | AA7: Scheduled | AB7: Present | AC7: Outbound | AD7: Picking | AE7: Pick | AF7: Thursday | AG7: Friday | AH7: 13 | AJ7: 45928 | AM7: TEMP | AN7: 3P Onsite Worker | AO7: A | AP7: 9 | AQ7: 0 | AR7: 1 | AS7: 1 | AT7: 0 | AU7: 0
A8: 46267 | B8: FC | C8: DIRECT | D8: abdwaak | E8: 204172240 | F8: A | G8: GREEN | H8: FULL_TIME | I8: 900234 | J8: Dulsco L.L.C. | K8: ABDUL WAAKO | L8: Warehouse Associate (TEMP) | M8: Warehouse Associate 24M | N8: mnarshad | O8: 1299 | P8: AUH1 | Q8: ARE | R8: LK016 | S8: Night Shift | T8: 99 | U8: MENA_UAE_FC | V8: 46267.757 | W8: 46267.86 | X8: 46267.757 | Y8: 46268.174 | Z8: Rest Day | AA8: Not Scheduled | AB8: Present | AC8: Outbound | AD8: Sort - Batch | AE8: Sort | AF8: Wednesday | AG8: Thursday | AH8: 15 | AJ8: 45567 | AM8: TEMP | AN8: 3P Onsite Worker | AO8: A | AP8: 9 | AQ8: 1 | AR8: 1 | AS8: 0 | AT8: 0 | AU8: 0
A9: 46267 | B9: FC | C9: DIRECT | D9: abdxmulu | E9: 203908320 | F9: A | G9: GREEN | H9: FULL_TIME | I9: 900234 | J9: Dulsco L.L.C. | K9: ABDULHAKIM MULUMBA | L9: Warehouse Associate (TEMP) | M9: Warehouse Associate 24M | N9: lraghava | O9: 1299 | P9: AUH1 | Q9: ARE | R9: LK014 | S9: Night Shift | T9: 99 | U9: MENA_UAE_FC | V9: 46267.875 | W9: 46267.856 | X9: 46267.757 | Y9: 46268.174 | AA9: Scheduled | AB9: Present | AC9: Outbound | AD9: Picking | AE9: Pick | AF9: Monday | AG9: Tuesday | AH9: 13 | AJ9: 45536 | AM9: TEMP | AN9: 3P Onsite Worker | AO9: A | AP9: 9 | AQ9: 0 | AR9: 1 | AS9: 1 | AT9: 0 | AU9: 0
A10: 46267 | B10: FC | C10: DIRECT | D10: abedmkas | E10: 205647583 | F10: A | G10: GREEN | H10: FULL_TIME | I10: 900234 | J10: EFS Facilities Services | K10: Mkasi Mwalimu Abedi | L10: Warehouse Associate (TEMP) | M10: Warehouse Associate 8W | N10: bavameer | O10: 1299 | P10: AUH1 | Q10: ARE | R10: LK012 | S10: Night Shift | T10: 99 | U10: MENA_UAE_FC | V10: 46267.757 | W10: 46267.96 | X10: 46267.757 | Y10: 46268.174 | AA10: Scheduled | AB10: Present | AC10: Customer returns | AD10: Customer Returns | AE10: Customer returns | AF10: Saturday | AG10: Sunday | AH10: 22 | AJ10: 45851 | AM10: TEMP | AN10: 3P Onsite Worker | AO10: A | AP10: 9 | AQ10: 0 | AR10: 1 | AS10: 1 | AT10: 0 | AU10: 0
A11: 46267 | B11: FC | C11: DIRECT | D11: abfsesay | E11: 203468743 | F11: A | G11: GREEN | H11: FULL_TIME | I11: 900234 | J11: Fastlink Outsourcing | K11: Abu Sesay | L11: Warehouse Associate (TEMP) | M11: Warehouse Associate 12M | N11: bizthoma | O11: 1299 | P11: AUH1 | Q11: ARE | R11: LK015 | S11: Night Shift | T11: 99 | U11: MENA_UAE_FC | X11: 46267.757 | Y11: 46268.174 | Z11: Rest Day | AA11: Not Scheduled | AB11: Not Present | AC11: Outbound | AD11: Pack - Single | AE11: Pack | AF11: Tuesday | AG11: Wednesday | AH11: 18 | AJ11: 45455 | AM11: TEMP | AN11: 3P Onsite Worker | AO11: A | AP11: 9 | AQ11: 0 | AR11: 0 | AS11: 0 | AT11: 0 | AU11: 0
A12: 46267 | B12: FC | C12: DIRECT | D12: abiadcon | E12: 206065200 | F12: A | G12: GREEN | H12: FULL_TIME | I12: 900234 | J12: Fastlink Outsourcing | K12: Constance Abiadoo Bentum | L12: Warehouse Associate (TEMP) | M12: Warehouse Associate 12M | N12: abbaszoo | O12: 1299 | P12: AUH1 | Q12: ARE | R12: FC059 | S12: Day Shift | T12: 99 | U12: MENA_UAE_FC | V12: 46267.332 | W12: 46267.751 | X12: 46267.333 | Y12: 46267.75 | AA12: Scheduled | AB12: Present | AC12: Inbound | AD12: Vendor Receive | AE12: Receive | AF12: Sunday | AG12: Monday | AH12: 1 | AJ12: 45921 | AM12: TEMP | AN12: 3P Onsite Worker | AO12: A | AP12: 9 | AQ12: 0 | AR12: 1 | AS12: 1 | AT12: 0 | AU12: 0
A13: 46267 | B13: FC | C13: DIRECT | D13: abigaboi | E13: 205845553 | F13: A | G13: GREEN | H13: FULL_TIME | I13: 900234 | J13: Dulsco L.L.C. | K13: ONESMAS ABIGABA | L13: Warehouse Associate (TEMP) | M13: Warehouse Associate 24M | N13: bizthoma | O13: 1299 | P13: AUH1 | Q13: ARE | R13: FC034 | S13: Day Shift | T13: 99 | U13: MENA_UAE_FC | V13: 46267.333 | W13: 46267.749 | X13: 46267.333 | Y13: 46267.75 | AA13: Scheduled | AB13: Present | AC13: Outbound | AD13: Pack - Batch | AE13: Pack | AF13: Saturday | AG13: Sunday | AH13: 17 | AJ13: 45893 | AM13: TEMP | AN13: 3P Onsite Worker | AO13: A | AP13: 9 | AQ13: 0 | AR13: 1 | AS13: 1 | AT13: 0 | AU13: 0
A14: 46267 | B14: FC | C14: DIRECT | D14: abkasawu | E14: 203850647 | F14: A | G14: GREEN | H14: FULL_TIME | I14: 900234 | J14: Dulsco L.L.C. | K14: Abdumalik Kasawuli | L14: Warehouse Associate (TEMP) | M14: Warehouse Associate 24M | N14: pparsin | O14: 1299 | P14: AUH1 | Q14: ARE | R14: FC009 | S14: Day Shift | T14: 99 | U14: MENA_UAE_FC | V14: 46267.332 | W14: 46267.751 | X14: 46267.333 | Y14: 46267.75 | AA14: Scheduled | AB14: Present | AC14: Inbound | AD14: Vendor Receive | AE14: Receive | AF14: Friday | AG14: Saturday | AH14: 1 | AJ14: 45523 | AM14: TEMP | AN14: 3P Onsite Worker | AO14: A | AP14: 9 | AQ14: 0 | AR14: 1 | AS14: 1 | AT14: 0 | AU14: 0
A15: 46267 | B15: FC | C15: DIRECT | D15: abkwaben | E15: 205608621 | F15: A | G15: GREEN | H15: FULL_TIME | I15: 900234 | J15: Dulsco L.L.C. | K15: KWABENA ABOBIRE | L15: Warehouse Associate (TEMP) | M15: Warehouse Associate 24M | N15: nnahla | O15: 1299 | P15: AUH1 | Q15: ARE | R15: FC009 | S15: Day Shift | T15: 99 | U15: MENA_UAE_FC | V15: 46267.332 | W15: 46267.749 | X15: 46267.333 | Y15: 46267.75 | AA15: Scheduled | AB15: Present | AC15: Inbound | AD15: Inbound Stow | AE15: Stow | AF15: Friday | AG15: Saturday | AH15: 3 | AJ15: 45844 | AM15: TEMP | AN15: 3P Onsite Worker | AO15: A | AP15: 9 | AQ15: 0 | AR15: 1 | AS15: 1 | AT15: 0 | AU15: 0
A16: 46267 | B16: FC | C16: DIRECT | D16: aboaerne | E16: 206239522 | F16: A | G16: GREEN | H16: FULL_TIME | I16: 900234 | J16: Dulsco L.L.C. | K16: ABOAGYE ERNEST | L16: Warehouse Associate (TEMP) | M16: Warehouse Associate 8W | N16: scariav | O16: 1299 | P16: AUH1 | Q16: ARE | R16: LK016 | S16: Night Shift | T16: 99 | U16: MENA_UAE_FC | X16: 46267.757 | Y16: 46268.174 | Z16: Rest Day | AA16: Not Scheduled | AB16: Not Present | AC16: Outbound | AD16: Sort - Batch | AE16: Sort | AF16: Wednesday | AG16: Thursday | AH16: 15 | AJ16: 45942 | AM16: TEMP | AN16: 3P Onsite Worker | AO16: A | AP16: 9 | AQ16: 0 | AR16: 0 | AS16: 0 | AT16: 0 | AU16: 0
A17: 46267 | B17: FC | C17: DIRECT | D17: abongger | E17: 203965496 | F17: A | G17: GREEN | H17: FULL_TIME | I17: 900234 | J17: Fastlink Outsourcing | K17: Erica Abong Ghogah | L17: Warehouse Associate (TEMP) | M17: Warehouse Associate 12M | N17: pparsin | O17: 1299 | P17: AUH1 | Q17: ARE | R17: LK015 | S17: Night Shift | T17: 99 | U17: MENA_UAE_FC | X17: 46267.757 | Y17: 46268.174 | Z17: Rest Day | AA17: Not Scheduled | AB17: Not Present | AC17: Inbound | AD17: Inbound Stow | AE17: Stow | AF17: Tuesday | AG17: Wednesday | AH17: 3 | AJ17: 45543 | AM17: TEMP | AN17: 3P Onsite Worker | AO17: A | AP17: 9 | AQ17: 0 | AR17: 0 | AS17: 0 | AT17: 0 | AU17: 0
A18: 46267 | B18: FC | C18: DIRECT | D18: abraalfo | E18: 203965455 | F18: A | G18: GREEN | H18: FULL_TIME | I18: 900234 | J18: Fastlink Outsourcing | K18: Abrahim AL Fofana | L18: Warehouse Associate (TEMP) | M18: Warehouse Associate 12M | N18: mnarshad | O18: 1299 | P18: AUH1 | Q18: ARE | R18: LK017 | S18: Night Shift | T18: 99 | U18: MENA_UAE_FC | V18: 46267.758 | W18: 46267.857 | X18: 46267.757 | Y18: 46268.174 | AA18: Scheduled | AB18: Present | AC18: Outbound | AD18: Sort - Batch | AE18: Sort | AF18: Thursday | AG18: Friday | AH18: 15 | AJ18: 45543 | AM18: TEMP | AN18: 3P Onsite Worker | AO18: A | AP18: 9 | AQ18: 0 | AR18: 1 | AS18: 1 | AT18: 0 | AU18: 0
A19: 46267 | B19: FC | C19: DIRECT | D19: abrajnse | E19: 203850646 | F19: A | G19: GREEN | H19: FULL_TIME | I19: 900234 | J19: Dulsco L.L.C. | K19: Abraham Nsengiunva | L19: Warehouse Associate (TEMP) | M19: Warehouse Associate 24M | N19: vkkatyal | O19: 1299 | P19: AUH1 | Q19: ARE | R19: FC159 | S19: Day Shift | T19: 99 | U19: MENA_UAE_FC | V19: 46267.332 | W19: 46267.753 | X19: 46267.333 | Y19: 46267.75 | AA19: Scheduled | AB19: Present | AC19: Inbound | AD19: Vendor Receive | AE19: Receive | AF19: Thursday | AG19: Friday | AH19: 1 | AJ19: 45523 | AM19: TEMP | AN19: 3P Onsite Worker | AO19: A | AP19: 9 | AQ19: 0 | AR19: 1 | AS19: 1 | AT19: 0 | AU19: 0
A20: 46267 | B20: FC | C20: DIRECT | D20: abubodon | E20: 206953791 | F20: A | G20: GREEN | H20: FULL_TIME | I20: 900234 | J20: Dulsco L.L.C. | K20: ABUBAKAESWIDIQ ODONGO | L20: Warehouse Associate (TEMP) | M20: Warehouse Associate 24M | N20: aanso | O20: 1299 | P20: AUH1 | Q20: ARE | R20: FC159 | S20: Day Shift | T20: 99 | U20: MENA_UAE_FC | V20: 46267.333 | W20: 46267.747 | X20: 46267.333 | Y20: 46267.75 | AA20: Scheduled | AB20: Present | AC20: Customer returns | AD20: Customer Returns | AE20: Customer returns | AF20: Thursday | AG20: Friday | AH20: 22 | AJ20: 46047 | AM20: TEMP | AN20: 3P Onsite Worker | AO20: A | AP20: 9 | AQ20: 0 | AR20: 1 | AS20: 1 | AT20: 0 | AU20: 0
A21: 46267 | B21: FC | C21: DIRECT | D21: abwlinda | E21: 203850775 | F21: A | G21: GREEN | H21: FULL_TIME | I21: 900234 | J21: Fastlink Outsourcing | K21: Linda Abit | L21: Warehouse Associate (TEMP) | M21: Warehouse Associate 12M | N21: bavameer | O21: 1299 | P21: AUH1 | Q21: ARE | R21: FC159 | S21: Day Shift | T21: 99 | U21: MENA_UAE_FC | V21: 46267.333 | W21: 46267.749 | X21: 46267.333 | Y21: 46267.75 | AA21: Scheduled | AB21: Present | AC21: Customer returns | AD21: Customer Returns | AE21: Customer returns | AF21: Thursday | AG21: Friday | AH21: 22 | AJ21: 45523 | AM21: TEMP | AN21: 3P Onsite Worker | AO21: A | AP21: 9 | AQ21: 0 | AR21: 1 | AS21: 1 | AT21: 0 | AU21: 0
A22: 46267 | B22: FC | C22: DIRECT | D22: achedith | E22: 203741316 | F22: A | G22: GREEN | H22: FULL_TIME | I22: 900234 | J22: Fastlink Outsourcing | K22: EDITH ACHEAMPONG | L22: Warehouse Associate (TEMP) | M22: Warehouse Associate 12M | N22: lraghava | O22: 1299 | P22: AUH1 | Q22: ARE | R22: FC059 | S22: Day Shift | T22: 99 | U22: MENA_UAE_FC | V22: 46267.333 | W22: 46267.747 | X22: 46267.333 | Y22: 46267.75 | AA22: Scheduled | AB22: Present | AC22: Outbound | AD22: Picking | AE22: Pick | AF22: Sunday | AG22: Monday | AH22: 13 | AJ22: 45501 | AM22: TEMP | AN22: 3P Onsite Worker | AO22: A | AP22: 9 | AQ22: 0 | AR22: 1 | AS22: 1 | AT22: 0 | AU22: 0
A23: 46267 | B23: FC | C23: DIRECT | D23: achemuta | E23: 205846579 | F23: A | G23: GREEN | H23: FULL_TIME | I23: 900234 | J23: EFS Facilities Services | K23: ALICE CHEMUTAI | L23: Warehouse Associate (TEMP) | M23: Warehouse Associate 8W | N23: scariav | O23: 1299 | P23: AUH1 | Q23: ARE | R23: LK017 | S23: Night Shift | T23: 99 | U23: MENA_UAE_FC | V23: 46267.755 | W23: 46267.856 | X23: 46267.757 | Y23: 46268.174 | AA23: Scheduled | AB23: Present | AC23: Outbound | AD23: Picking | AE23: Pick | AF23: Thursday | AG23: Friday | AH23: 13 | AJ23: 45893 | AM23: TEMP | AN23: 3P Onsite Worker | AO23: A | AP23: 9 | AQ23: 0 | AR23: 1 | AS23: 1 | AT23: 0 | AU23: 0
A24: 46267 | B24: FC | C24: DIRECT | D24: achungak | E24: 203965520 | F24: A | G24: GREEN | H24: FULL_TIME | I24: 900234 | J24: Fastlink Outsourcing | K24: Chelsea Achu Ngako | L24: Warehouse Associate (TEMP) | M24: Warehouse Associate 12M | N24: pparsin | O24: 1299 | P24: AUH1 | Q24: ARE | R24: LK014 | S24: Night Shift | T24: 99 | U24: MENA_UAE_FC | V24: 46267.756 | W24: 46267.955 | X24: 46267.757 | Y24: 46268.174 | AA24: Scheduled | AB24: Present | AC24: Inbound | AD24: Inbound Stow | AE24: Stow | AF24: Monday | AG24: Tuesday | AH24: 3 | AJ24: 45543 | AM24: TEMP | AN24: 3P Onsite Worker | AO24: A | AP24: 9 | AQ24: 0 | AR24: 1 | AS24: 1 | AT24: 0 | AU24: 0
A25: 46267 | B25: FC | C25: DIRECT | D25: adarkwno | E25: 204864416 | F25: A | G25: GREEN | H25: FULL_TIME | I25: 900234 | J25: Dulsco L.L.C. | K25: NOAH ADARKWAH | L25: Warehouse Associate (TEMP) | M25: Warehouse Associate 8W | N25: bavameer | O25: 1299 | P25: AUH1 | Q25: ARE | R25: FC134 | S25: Day Shift | T25: 99 | U25: MENA_UAE_FC | V25: 46267.333 | W25: 46267.75 | X25: 46267.333 | Y25: 46267.75 | Z25: Rest Day | AA25: Not Scheduled | AB25: Present | AC25: Customer returns | AD25: Customer Returns | AE25: Customer returns | AF25: Wednesday | AG25: Thursday | AH25: 22 | AJ25: 45683 | AM25: TEMP | AN25: 3P Onsite Worker | AO25: A | AP25: 9 | AQ25: 1 | AR25: 1 | AS25: 0 | AT25: 0 | AU25: 0
A26: 46267 | B26: FC | C26: DIRECT | D26: addevely | E26: 205854275 | F26: A | G26: GREEN | H26: FULL_TIME | I26: 900234 | J26: EFS Facilities Services | K26: Evelyn Addo | L26: Warehouse Associate (TEMP) | M26: Warehouse Associate 12M | N26: scariav | O26: 1299 | P26: AUH1 | Q26: ARE | R26: LK015 | S26: Night Shift | T26: 99 | U26: MENA_UAE_FC | X26: 46267.757 | Y26: 46268.174 | Z26: Rest Day | AA26: Not Scheduled | AB26: Not Present | AC26: Outbound | AD26: Picking | AE26: Pick | AF26: Tuesday | AG26: Wednesday | AH26: 13 | AJ26: 45893 | AM26: TEMP | AN26: 3P Onsite Worker | AO26: A | AP26: 9 | AQ26: 0 | AR26: 0 | AS26: 0 | AT26: 0 | AU26: 0
A27: 46267 | B27: FC | C27: DIRECT | D27: addlchri | E27: 205854276 | F27: A | G27: GREEN | H27: REDUCED | I27: 900234 | J27: EFS Facilities Services | K27: CHRISTIANA ADDO | L27: Warehouse Associate (TEMP) | M27: Warehouse Associate 8W | N27: scariav | O27: 1299 | P27: AUH1 | Q27: ARE | R27: LK015 | S27: Night Shift | T27: 99 | U27: MENA_UAE_FC | X27: 46267.757 | Y27: 46268.09 | Z27: Rest Day | AA27: Not Scheduled | AB27: Not Present | AC27: Outbound | AD27: Picking | AE27: Pick | AF27: Tuesday | AG27: Wednesday | AH27: 13 | AJ27: 46251 | AM27: TEMP | AN27: 3P Onsite Worker | AO27: A | AP27: 7 | AQ27: 0 | AR27: 0 | AS27: 0 | AT27: 0 | AU27: 0
A28: 46267 | B28: FC | C28: DIRECT | D28: adebugar | E28: 206513281 | F28: A | G28: GREEN | H28: FULL_TIME | I28: 900234 | J28: Dulsco L.L.C. | K28: RAHUMATA ADEBUGA | L28: Warehouse Associate (TEMP) | M28: Warehouse Associate 8W | N28: vkkatyal | O28: 1299 | P28: AUH1 | Q28: ARE | R28: FC109 | S28: Day Shift | T28: 99 | U28: MENA_UAE_FC | X28: 46267.333 | Y28: 46267.75 | Z28: Rest Day | AA28: Not Scheduled | AB28: Not Present | AC28: Inbound | AD28: Inbound Stow | AE28: Stow | AF28: Tuesday | AG28: Wednesday | AH28: 3 | AJ28: 45970 | AM28: TEMP | AN28: 3P Onsite Worker | AO28: A | AP28: 9 | AQ28: 0 | AR28: 0 | AS28: 0 | AT28: 0 | AU28: 0
A29: 46267 | B29: FC | C29: DIRECT | D29: adjahpri | E29: 204137711 | F29: A | G29: GREEN | H29: FULL_TIME | I29: 900234 | J29: Quesscorp | K29: Prince Adjah | L29: Warehouse Associate (TEMP) | M29: Warehouse Associate 24M | N29: bizthoma | O29: 1299 | P29: AUH1 | Q29: ARE | R29: LK017 | S29: Night Shift | T29: 99 | U29: MENA_UAE_FC | V29: 46267.756 | W29: 46267.858 | X29: 46267.757 | Y29: 46268.174 | AA29: Scheduled | AB29: Present | AC29: Outbound | AD29: Picking | AE29: Pick | AF29: Thursday | AG29: Friday | AH29: 13 | AJ29: 45564 | AM29: TEMP | AN29: 3P Onsite Worker | AO29: A | AP29: 9 | AQ29: 0 | AR29: 1 | AS29: 1 | AT29: 0 | AU29: 0
A30: 46267 | B30: FC | C30: DIRECT | D30: adjsusan | E30: 203512964 | F30: A | G30: GREEN | H30: FULL_TIME | I30: 900234 | J30: Fastlink Outsourcing | K30: Susana Adjei | L30: Warehouse Associate (TEMP) | M30: Warehouse Associate 12M | N30: mnarshad | O30: 1299 | P30: AUH1 | Q30: ARE | R30: LK011 | S30: Night Shift | T30: 99 | U30: MENA_UAE_FC | V30: 46267.756 | W30: 46267.858 | X30: 46267.757 | Y30: 46268.174 | AA30: Scheduled | AB30: Present | AC30: Outbound | AD30: Picking | AE30: Pick | AF30: Friday | AG30: Saturday | AH30: 13 | AJ30: 45462 | AM30: TEMP | AN30: 3P Onsite Worker | AO30: A | AP30: 9 | AQ30: 0 | AR30: 1 | AS30: 1 | AT30: 0 | AU30: 0
A31: 46267 | B31: FC | C31: DIRECT | D31: adnjames | E31: 205236908 | F31: A | G31: GREEN | H31: FULL_TIME | I31: 900234 | J31: Dulsco L.L.C. | K31: JAMES ADADE | L31: Warehouse Associate (TEMP) | M31: Warehouse Associate 24M | N31: pparsin | O31: 1299 | P31: AUH1 | Q31: ARE | R31: FC134 | S31: Day Shift | T31: 99 | U31: MENA_UAE_FC | X31: 46267.333 | Y31: 46267.75 | Z31: Rest Day | AA31: Not Scheduled | AB31: Not Present | AC31: Inbound | AD31: Receive Dock | AE31: Receive | AF31: Wednesday | AG31: Thursday | AH31: 2 | AJ31: 45830 | AM31: TEMP | AN31: 3P Onsite Worker | AO31: A | AP31: 9 | AQ31: 0 | AR31: 0 | AS31: 0 | AT31: 0 | AU31: 0
